-- phpMyAdmin SQL Dump
-- version 4.7.8
-- https://www.phpmyadmin.net/
--
-- Host: localhost
-- Generation Time: Apr 18, 2019 at 04:13 PM
-- Server version: 5.5.41-MariaDB
-- PHP Version: 5.6.33

SET SQL_MODE = "NO_AUTO_VALUE_ON_ZERO";
SET AUTOCOMMIT = 0;
START TRANSACTION;
SET time_zone = "+00:00";


/*!40101 SET @OLD_CHARACTER_SET_CLIENT=@@CHARACTER_SET_CLIENT */;
/*!40101 SET @OLD_CHARACTER_SET_RESULTS=@@CHARACTER_SET_RESULTS */;
/*!40101 SET @OLD_COLLATION_CONNECTION=@@COLLATION_CONNECTION */;
/*!40101 SET NAMES utf8mb4 */;

--
-- Database: `kinhdoanhi_db`
--

-- --------------------------------------------------------

--
-- Table structure for table `admin`
--

CREATE TABLE `admin` (
  `admin_id` int(11) NOT NULL,
  `admin_name` varchar(255) COLLATE utf8_unicode_ci DEFAULT NULL,
  `admin_login` varchar(255) COLLATE utf8_unicode_ci DEFAULT NULL,
  `admin_password` text COLLATE utf8_unicode_ci,
  `admin_phone` varchar(255) COLLATE utf8_unicode_ci DEFAULT NULL,
  `admin_email` varchar(255) COLLATE utf8_unicode_ci DEFAULT NULL,
  `admin_note` text COLLATE utf8_unicode_ci,
  `admin_state` int(11) DEFAULT '1',
  `admin_role` int(11) DEFAULT NULL
) ENGINE=InnoDB DEFAULT CHARSET=utf8 COLLATE=utf8_unicode_ci;

--
-- Dumping data for table `admin`
--

INSERT INTO `admin` (`admin_id`, `admin_name`, `admin_login`, `admin_password`, `admin_phone`, `admin_email`, `admin_note`, `admin_state`, `admin_role`) VALUES
(1, 'Admin', 'admin', '$2y$10$sYR1CeUP5x0cw2Rwc1N25uglpBtX520qXyolMIggKy.zEt6XUinRu', '', '', '', 1, 1),
(2, 'hpt', 'hpt', '$2y$10$x9RWBVgCWSb9fkQGoh7ESOhYV1SnY5Fn5uwKUS9WfdUV1O4wvIe4a', '0973457689', 'ngobkanh@gmail.com', 'đây là tài khoản test', 1, 2),
(3, 'Trương Quang Tuấn', 'tuan', '$2y$10$sYR1CeUP5x0cw2Rwc1N25uglpBtX520qXyolMIggKy.zEt6XUinRu', '01669', 'tuan@gmail.com', 'test', 1, 2),
(4, NULL, NULL, '$2y$10$02.uMGB26ln3fgNk8MyarOf8hnuaF/hWlukTDKk99Kb9TluOarctq', NULL, NULL, NULL, 1, NULL),
(5, 'cms', 'cms', '$2y$10$FtjsErf.CxMYTl3zt3xOpuvWvPOAHfdCxo/9apf.tw8Aky/udFN6i', '135778', '', '', 1, 1);

-- --------------------------------------------------------

--
-- Table structure for table `admin_role`
--

CREATE TABLE `admin_role` (
  `admin_role_id` int(11) NOT NULL,
  `admin_role_name` varchar(255) COLLATE utf8_unicode_ci DEFAULT NULL
) ENGINE=InnoDB DEFAULT CHARSET=utf8 COLLATE=utf8_unicode_ci;

--
-- Dumping data for table `admin_role`
--

INSERT INTO `admin_role` (`admin_role_id`, `admin_role_name`) VALUES
(1, 'Admin'),
(2, 'Mod');

-- --------------------------------------------------------

--
-- Table structure for table `cart`
--

CREATE TABLE `cart` (
  `id_cart` int(11) NOT NULL,
  `id_account` int(11) DEFAULT NULL,
  `session_id` varchar(255) COLLATE utf8_unicode_ci DEFAULT NULL,
  `total_price` double DEFAULT NULL,
  `total_cart` int(11) DEFAULT NULL,
  `date_cart` date DEFAULT NULL,
  `id_orderState` int(11) DEFAULT NULL,
  `note_cart` text COLLATE utf8_unicode_ci,
  `name_buyer` varchar(255) COLLATE utf8_unicode_ci DEFAULT NULL,
  `mail_buyer` varchar(255) COLLATE utf8_unicode_ci DEFAULT NULL,
  `phone_buyer` varchar(255) COLLATE utf8_unicode_ci DEFAULT NULL,
  `address_buyer` text COLLATE utf8_unicode_ci,
  `note_buyer` text COLLATE utf8_unicode_ci
) ENGINE=InnoDB DEFAULT CHARSET=utf8 COLLATE=utf8_unicode_ci;

--
-- Dumping data for table `cart`
--

INSERT INTO `cart` (`id_cart`, `id_account`, `session_id`, `total_price`, `total_cart`, `date_cart`, `id_orderState`, `note_cart`, `name_buyer`, `mail_buyer`, `phone_buyer`, `address_buyer`, `note_buyer`) VALUES
(45, NULL, 'mkrnfu62crnut73tj9ip88k4c0', 4560000, NULL, '0000-00-00', NULL, NULL, 'hang', 'ngockhanh260614@gmail.com', '0973378669', 'Thanh Xuân, Thanh Xuân', 'đơn hàng hằng pt'),
(46, NULL, 'q6hilk5otma71lnmfk4jfe3bo0', 760000, NULL, '0000-00-00', NULL, NULL, 'tuan', 'tuan@gmail.com', '0123', 'Ha Noi', 'test'),
(47, NULL, '8rg8qp2tib6bhq40siemsl0au1', 760000, NULL, '0000-00-00', NULL, NULL, 'tuan', 'tuan@gmail.com', '0123', 'Ha Noi', ''),
(48, NULL, 'p29v6fieekj8qc6r9iei8rkr84', 760000, NULL, '0000-00-00', NULL, NULL, 'tuan', 'tuan@gmail.com', '0123', 'Ha Noi', ''),
(49, NULL, 'gibro9jjp7o8r4dhlulet7t2c7', 760000, NULL, '0000-00-00', NULL, NULL, 'tuan', 'tuan@gmail.com', '0123', 'Ha Noi', ''),
(50, NULL, 'skgfhmeppmr97bion8qlhv2f24', 7600000, NULL, '0000-00-00', NULL, NULL, 'tuan', 'tuan@gmail.com', '0123', 'Ha Noi', ''),
(51, NULL, '14sbco3nbkh6tss6mibu4c63i2', 760000, NULL, '0000-00-00', NULL, NULL, 'tuan', 'tuan@gmail.com', '0123', 'Ha Noi', ''),
(52, NULL, 'rdk00s074i1i4seat51nh109d6', 7600000, NULL, '0000-00-00', NULL, NULL, 'tuan', 'tuan@gmail.com', '0123', 'Ha Noi', ''),
(53, NULL, 'ibcpu4cam64hh6jvvlqde89v90', 760000, NULL, '0000-00-00', NULL, NULL, 'tuan', 'tuan@gmail.com', '0123', 'Ha Noi', ''),
(54, NULL, 'r2hcu630iilbqufhd80udq4eh0', 760000, NULL, '0000-00-00', NULL, NULL, 'tuan', 'tuan@gmail.com', '0123', 'Ha Noi', ''),
(55, NULL, 'krsem1sgk8k9smbs1uinikks42', 7600000, NULL, '0000-00-00', NULL, NULL, 'tuan', 'tuan@gmail.com', '0123', 'Ha Noi', ''),
(56, NULL, 'gjdbs5hhkns2vjb0juaf6g8i84', 135000, NULL, '0000-00-00', NULL, NULL, 'tuan', 'tuan@gmail.com', '0123', 'Ha Noi', ''),
(57, NULL, 'q4asrlk395bqes71q3m1dj7a53', 135000, NULL, '0000-00-00', NULL, NULL, 'tuan', 'tuan@gmail.com', '0123', 'Ha Noi', ''),
(58, NULL, 'mfuj32kovfsj87sum11433so15', 760000, NULL, '0000-00-00', NULL, NULL, 'tuan', 'tuan@gmail.com', '0123', 'Ha Noi', ''),
(59, NULL, 'o82tantv1gh498mq2giekk0mj1', 760000, NULL, '0000-00-00', NULL, NULL, 'tuan', 'tuan@gmail.com', '0123', 'Ha Noi', ''),
(60, NULL, 'vv3bvs960u0efu33mksbikfr02', 760000, NULL, '0000-00-00', NULL, NULL, 'tuan', 'tuan@gmail.com', '0123', 'Ha Noi', ''),
(61, NULL, '77v49he85i8nuuet5p2vt9g7r0', 7600000, NULL, '0000-00-00', NULL, NULL, 'tuan', 'tuan@gmail.com', '0123', 'Ha Noi', ''),
(62, NULL, 'qs835th55ruep5q2f34fdimdg6', 760000, NULL, '0000-00-00', NULL, NULL, 'tuan', 'tuan@gmail.com', '0123', 'Ha Noi', ''),
(63, NULL, '0v3amtlih28cip0bskvi8tr2t7', 7600000, NULL, '0000-00-00', NULL, NULL, 'tuan', 'tuan@gmail.com', '0123', 'Ha Noi', ''),
(64, NULL, 's34tnbg59l4psbpbc2jg4ru734', 135000, NULL, '0000-00-00', NULL, NULL, 'tuan', 'tuan@gmail.com', '0123', 'Ha Noi', ''),
(65, NULL, 'jna4k52dg50ce0e2euknmpsc53', 760000, NULL, '0000-00-00', NULL, NULL, 'tuan', 'tuan@gmail.com', '0123', 'Ha Noi', ''),
(66, NULL, '1mrapf9122qb0n9gd32j94l6f5', 6000, NULL, '0000-00-00', NULL, NULL, 'adf', 'viethung@gmail.com', '01672523165', 'ha nội', 'ghi chú aaa'),
(67, NULL, 'sl6a5d5957d6n37tptrtp29mt4', 2000, NULL, '0000-00-00', NULL, NULL, 'bczcv', 'viethung@gmail.com', 'aasdfas', 'asfas', 'fdasdfasdf'),
(68, NULL, 'ape83laqntnptihbcmk5g0li26', 6000, NULL, '0000-00-00', NULL, NULL, 'tuan', 'tuan@gmail.com', '0123', 'Ha Noi', '29-3'),
(69, NULL, 'lc7opealpf3l1a0m2utp3nr4g7', 2937600, NULL, '0000-00-00', NULL, NULL, 'adsfasdf', 'viethung@gmail.com', '1672523165', 'ĐH Mỏ - Địa chất', 'fasdfasdf'),
(70, NULL, '5h573qfbbcbulqljthad7scpd3', 935300, NULL, '0000-00-00', NULL, NULL, 'foreverlvoe', 'viethung95cute@gmail.com', '1672523165', 'ĐH Mỏ - Địa chất', 'ádfasdf');

-- --------------------------------------------------------

--
-- Table structure for table `cartdetail`
--

CREATE TABLE `cartdetail` (
  `id_cartDetail` int(11) NOT NULL,
  `id_product` int(11) DEFAULT NULL,
  `session_id` varchar(255) COLLATE utf8_unicode_ci DEFAULT NULL,
  `price_product` double DEFAULT NULL,
  `qyt_product` int(11) DEFAULT NULL,
  `totalprice_product` double DEFAULT NULL,
  `subInfo1` text COLLATE utf8_unicode_ci,
  `id_color` int(11) DEFAULT NULL,
  `id_size` int(11) DEFAULT NULL,
  `color` varchar(255) COLLATE utf8_unicode_ci DEFAULT NULL,
  `size` varchar(255) COLLATE utf8_unicode_ci DEFAULT NULL,
  `id_cart` int(11) NOT NULL
) ENGINE=InnoDB DEFAULT CHARSET=utf8 COLLATE=utf8_unicode_ci;

--
-- Dumping data for table `cartdetail`
--

INSERT INTO `cartdetail` (`id_cartDetail`, `id_product`, `session_id`, `price_product`, `qyt_product`, `totalprice_product`, `subInfo1`, `id_color`, `id_size`, `color`, `size`, `id_cart`) VALUES
(30, 28, 'mkrnfu62crnut73tj9ip88k4c0', 760000, 4, 3040000, NULL, 0, 0, '', '', 45),
(31, 34, 'mkrnfu62crnut73tj9ip88k4c0', 760000, 2, 1520000, NULL, 0, 0, '', '', 45),
(32, 28, 'q6hilk5otma71lnmfk4jfe3bo0', 760000, 1, 760000, NULL, 0, 0, '', '', 46),
(33, 29, '8rg8qp2tib6bhq40siemsl0au1', 760000, 1, 760000, NULL, 0, 0, '', '', 47),
(34, 27, 'p29v6fieekj8qc6r9iei8rkr84', 760000, 1, 760000, NULL, 0, 0, '', '', 48),
(35, 28, 'gibro9jjp7o8r4dhlulet7t2c7', 760000, 1, 760000, NULL, 0, 0, '', '', 49),
(36, 30, 'skgfhmeppmr97bion8qlhv2f24', 7600000, 1, 7600000, NULL, 0, 0, '', '', 50),
(37, 31, '14sbco3nbkh6tss6mibu4c63i2', 760000, 1, 760000, NULL, 0, 0, '', '', 51),
(38, 32, 'rdk00s074i1i4seat51nh109d6', 7600000, 1, 7600000, NULL, 0, 0, '', '', 52),
(39, 33, 'ibcpu4cam64hh6jvvlqde89v90', 760000, 1, 760000, NULL, 0, 0, '', '', 53),
(40, 35, 'r2hcu630iilbqufhd80udq4eh0', 760000, 1, 760000, NULL, 0, 0, '', '', 54),
(41, 36, 'krsem1sgk8k9smbs1uinikks42', 7600000, 1, 7600000, NULL, 0, 0, '', '', 55),
(42, 37, 'gjdbs5hhkns2vjb0juaf6g8i84', 135000, 1, 135000, NULL, 0, 0, '', '', 56),
(43, 37, 'q4asrlk395bqes71q3m1dj7a53', 135000, 1, 135000, NULL, 0, 0, '', '', 57),
(44, 27, 'mfuj32kovfsj87sum11433so15', 760000, 1, 760000, NULL, 0, 0, '', '', 58),
(45, 28, 'o82tantv1gh498mq2giekk0mj1', 760000, 1, 760000, NULL, 0, 0, '', '', 59),
(46, 29, 'vv3bvs960u0efu33mksbikfr02', 760000, 1, 760000, NULL, 0, 0, '', '', 60),
(47, 30, '77v49he85i8nuuet5p2vt9g7r0', 7600000, 1, 7600000, NULL, 0, 0, '', '', 61),
(48, 35, 'qs835th55ruep5q2f34fdimdg6', 760000, 1, 760000, NULL, 0, 0, '', '', 62),
(49, 36, '0v3amtlih28cip0bskvi8tr2t7', 7600000, 1, 7600000, NULL, 0, 0, '', '', 63),
(50, 37, 's34tnbg59l4psbpbc2jg4ru734', 135000, 1, 135000, NULL, 0, 0, '', '', 64),
(51, 27, 'jna4k52dg50ce0e2euknmpsc53', 760000, 1, 760000, NULL, 0, 0, '', '', 65),
(52, 27, '1mrapf9122qb0n9gd32j94l6f5', 2000, 3, 6000, NULL, 0, 0, '', '', 66),
(53, 27, 'sl6a5d5957d6n37tptrtp29mt4', 2000, 1, 2000, NULL, 0, 0, '', '', 67),
(54, 28, 'ape83laqntnptihbcmk5g0li26', 2000, 3, 6000, NULL, 0, 0, '', '', 68),
(55, 27, 'lc7opealpf3l1a0m2utp3nr4g7', 125100, 4, 500400, NULL, 0, 0, '', '', 69),
(56, 29, 'lc7opealpf3l1a0m2utp3nr4g7', 999000, 2, 1998000, NULL, 0, 0, '', '', 69),
(57, 38, 'lc7opealpf3l1a0m2utp3nr4g7', 219600, 2, 439200, NULL, 0, 0, '', '', 69),
(58, 35, '5h573qfbbcbulqljthad7scpd3', 199000, 2, 398000, NULL, 0, 0, '', '', 70),
(59, 36, '5h573qfbbcbulqljthad7scpd3', 179100, 1, 179100, NULL, 0, 0, '', '', 70),
(60, 37, '5h573qfbbcbulqljthad7scpd3', 179100, 2, 358200, NULL, 0, 0, '', '', 70);

-- --------------------------------------------------------

--
-- Table structure for table `color`
--

CREATE TABLE `color` (
  `color_id` bigint(20) NOT NULL,
  `color_name` varchar(255) COLLATE utf8_unicode_ci DEFAULT NULL,
  `color_price` double DEFAULT NULL,
  `color_stock` int(11) DEFAULT NULL,
  `color_img` text COLLATE utf8_unicode_ci,
  `product_id` int(11) DEFAULT NULL
) ENGINE=InnoDB DEFAULT CHARSET=utf8 COLLATE=utf8_unicode_ci;

-- --------------------------------------------------------

--
-- Table structure for table `config`
--

CREATE TABLE `config` (
  `config_id` int(11) NOT NULL,
  `web_name` text COLLATE utf8_unicode_ci,
  `web_meta` text COLLATE utf8_unicode_ci,
  `web_des` text COLLATE utf8_unicode_ci,
  `web_keyword` text COLLATE utf8_unicode_ci,
  `web_logo` text COLLATE utf8_unicode_ci,
  `web_hotline` text COLLATE utf8_unicode_ci,
  `web_phone` text COLLATE utf8_unicode_ci,
  `web_email` text COLLATE utf8_unicode_ci,
  `content_home1` text COLLATE utf8_unicode_ci,
  `content_home2` text COLLATE utf8_unicode_ci,
  `content_home3` text COLLATE utf8_unicode_ci,
  `content_home4` text COLLATE utf8_unicode_ci,
  `content_home5` text COLLATE utf8_unicode_ci,
  `content_home6` text COLLATE utf8_unicode_ci,
  `content_home7` text COLLATE utf8_unicode_ci,
  `content_home8` text COLLATE utf8_unicode_ci,
  `content_home9` text COLLATE utf8_unicode_ci,
  `content_home10` text COLLATE utf8_unicode_ci,
  `facebook` varchar(200) COLLATE utf8_unicode_ci NOT NULL,
  `google` varchar(200) COLLATE utf8_unicode_ci NOT NULL,
  `twitter` varchar(200) COLLATE utf8_unicode_ci NOT NULL,
  `google_map` varchar(200) COLLATE utf8_unicode_ci NOT NULL,
  `youtube` varchar(200) COLLATE utf8_unicode_ci NOT NULL,
  `icon_web` varchar(200) COLLATE utf8_unicode_ci NOT NULL,
  `slideshow_home` text COLLATE utf8_unicode_ci,
  `banner1` varchar(300) COLLATE utf8_unicode_ci NOT NULL,
  `banner2` varchar(300) COLLATE utf8_unicode_ci NOT NULL
) ENGINE=InnoDB DEFAULT CHARSET=utf8 COLLATE=utf8_unicode_ci;

--
-- Dumping data for table `config`
--

INSERT INTO `config` (`config_id`, `web_name`, `web_meta`, `web_des`, `web_keyword`, `web_logo`, `web_hotline`, `web_phone`, `web_email`, `content_home1`, `content_home2`, `content_home3`, `content_home4`, `content_home5`, `content_home6`, `content_home7`, `content_home8`, `content_home9`, `content_home10`, `facebook`, `google`, `twitter`, `google_map`, `youtube`, `icon_web`, `slideshow_home`, `banner1`, `banner2`) VALUES
(1, 'Dịch vụ marketing online tổng thể', '', 'Chúng tôi là công ty chuyên cung cấp các dịch vụ Digital Marketing Online tổng thể. Tư vấn giải pháp Marketing online giúp tăng hiệu quả kinh doanh internet cho các doanh nghiệp trong thời đại công nghệ 4.0', 'dịch vụ marketing online tổng thể, dịch vụ marketing online, dịch vụ digital marketing tổng thể, digital marketing tổng thể, đơn vị marketing online tổng thể, marketing online tổng thể, đơn vị digital marketing tổng thể, đơn vị digital marketing tổng thể, công ty marketing online tổng thể, công ty digital marketing tổng thể, tư vấn marketing online tổng thể, tư vấn digital marketing tổng thể, thuê marketing online tổng thể, thuê digital marketing tổng thể, nhận marketing online tổng thể', 'Artboard 89 copypng.png', '', '', 'KINHDOANHINTERNET.COM.VN - Tư vấn giải pháp dịch vụ Marketing Online cho doanh nghiệp, shop online và cá nhân bán hàng.<br>KINHDOANHINTERNET.COM.VN cam kết doanh số bán hàng với giải pháp marketing online tối ưu giải quyết triệt để các lo lắng của bạn. Với sứ mệnh kết nối giữa doanh nghiệp và khách hàng, chúng tôi cung cấp tới mọi người dịch vụ <b>Marketing Online Tổng thể</b> chuyên nghiệp – uy tín – giá rẻ nhất thị trường.', 'Số 11, Ngách 249/211, Đường Khương Trung, Quận Thanh Xuân, Thành Phố Hà Nội', 'kinhdoanhinternetvn@gmail.com', '097.337.8669', 'KINHDOANHINTERNET.COM.VN', '', '', '<h4 class=\"uni-uppercase\">sales department</h4>                \r\n <p>Mon - sat: 8:00 am - 18:30 pm</p>                \r\n <p>Sunday is closed</p>', '', '<iframe src=\'https://www.google.com/maps/embed?pb=!1m18!1m12!1m3!1d15674.988302301215!2d106.60684216757784!3d10.830657602123736!2m3!1f0!2f0!3f0!3m2!1i1024!2i768!4f13.1!3m3!1m2!1s0x31752bce41e13229%3A0xe0ee4f2d36b1ea3f!2zVMOibiBUaOG7m2kgTmjhuqV0LCBRdeG6rW4gMTIsIEjhu5MgQ2jDrSBNaW5oLCBWaeG7h3QgTmFt!5e0!3m2!1svi!2s!4v1522615086521\' width=\'600\' height=\'450\' frameborder=\'0\' style=\'border:0\' allowfullscreen></iframe>', '', 'https://fb.com/kinhdoanhinternetvn', 'https://plus.google.com/discover', 'https://www.instagram.com/kinhdoanhinternet/?hl=vi', '<iframe frameborder=\"0\" height=\"450\" src=\"https://www.google.com/maps/embed?pb=!1m18!1m12!1m3!1d59587.97785448771!2d105.80194413492788!3d21.02273601629448!2m3!1f0!2f0!3f0!3m2!1i1024!2i768!4f13.1!3m', '<p><iframe frameborder=\"0\" height=\"315\" src=\"https://www.youtube.com/embed/vCIc1g_4JWM\" width=\"560\"></iframe></p>', 'gioi-thieu-cong-ty.png', '[]', '', '');

-- --------------------------------------------------------

--
-- Table structure for table `config_languages`
--

CREATE TABLE `config_languages` (
  `id` int(11) NOT NULL,
  `config_id` int(11) DEFAULT NULL,
  `languages_code` varchar(255) COLLATE utf8_unicode_ci DEFAULT NULL,
  `lang_web_name` text COLLATE utf8_unicode_ci,
  `lang_web_meta` text COLLATE utf8_unicode_ci,
  `lang_web_des` text COLLATE utf8_unicode_ci,
  `lang_web_keyword` text COLLATE utf8_unicode_ci,
  `lang_web_hotline` text COLLATE utf8_unicode_ci,
  `lang_web_phone` text COLLATE utf8_unicode_ci,
  `lang_web_email` text COLLATE utf8_unicode_ci,
  `lang_content_home1` text COLLATE utf8_unicode_ci,
  `lang_content_home2` text COLLATE utf8_unicode_ci,
  `lang_content_home3` text COLLATE utf8_unicode_ci,
  `lang_content_home4` text COLLATE utf8_unicode_ci,
  `lang_content_home5` text COLLATE utf8_unicode_ci,
  `lang_content_home6` text COLLATE utf8_unicode_ci,
  `lang_content_home7` text COLLATE utf8_unicode_ci,
  `lang_content_home8` text COLLATE utf8_unicode_ci,
  `lang_content_home9` text COLLATE utf8_unicode_ci,
  `lang_content_home10` text COLLATE utf8_unicode_ci,
  `facebook` varchar(200) COLLATE utf8_unicode_ci NOT NULL,
  `google` varchar(200) COLLATE utf8_unicode_ci NOT NULL,
  `twitter` varchar(200) COLLATE utf8_unicode_ci NOT NULL,
  `google_map` text COLLATE utf8_unicode_ci NOT NULL,
  `youtube` varchar(20000) COLLATE utf8_unicode_ci NOT NULL,
  `icon_web` varchar(200) COLLATE utf8_unicode_ci NOT NULL,
  `edit_state` int(11) DEFAULT '0'
) ENGINE=InnoDB DEFAULT CHARSET=utf8 COLLATE=utf8_unicode_ci;

--
-- Dumping data for table `config_languages`
--

INSERT INTO `config_languages` (`id`, `config_id`, `languages_code`, `lang_web_name`, `lang_web_meta`, `lang_web_des`, `lang_web_keyword`, `lang_web_hotline`, `lang_web_phone`, `lang_web_email`, `lang_content_home1`, `lang_content_home2`, `lang_content_home3`, `lang_content_home4`, `lang_content_home5`, `lang_content_home6`, `lang_content_home7`, `lang_content_home8`, `lang_content_home9`, `lang_content_home10`, `facebook`, `google`, `twitter`, `google_map`, `youtube`, `icon_web`, `edit_state`) VALUES
(1, 1, 'vn', 'Dịch vụ marketing online tổng thể', '', 'Chúng tôi là công ty chuyên cung cấp các dịch vụ Digital Marketing Online tổng thể. Tư vấn giải pháp Marketing online giúp tăng hiệu quả kinh doanh internet cho các doanh nghiệp trong thời đại công nghệ 4.0', 'dịch vụ marketing online tổng thể, dịch vụ marketing online, dịch vụ digital marketing tổng thể, digital marketing tổng thể, đơn vị marketing online tổng thể, marketing online tổng thể, đơn vị digital marketing tổng thể, đơn vị digital marketing tổng thể, công ty marketing online tổng thể, công ty digital marketing tổng thể, tư vấn marketing online tổng thể, tư vấn digital marketing tổng thể, thuê marketing online tổng thể, thuê digital marketing tổng thể, nhận marketing online tổng thể', '', '', 'KINHDOANHINTERNET.COM.VN - Tư vấn giải pháp dịch vụ Marketing Online cho doanh nghiệp, shop online và cá nhân bán hàng.<br>KINHDOANHINTERNET.COM.VN cam kết doanh số bán hàng với giải pháp marketing online tối ưu giải quyết triệt để các lo lắng của bạn. Với sứ mệnh kết nối giữa doanh nghiệp và khách hàng, chúng tôi cung cấp tới mọi người dịch vụ <b>Marketing Online Tổng thể</b> chuyên nghiệp – uy tín – giá rẻ nhất thị trường.', 'Số 11, Ngách 249/211, Đường Khương Trung, Quận Thanh Xuân, Thành Phố Hà Nội', 'kinhdoanhinternetvn@gmail.com', '097.337.8669', 'KINHDOANHINTERNET.COM.VN', '', '', '<h4 class=\"uni-uppercase\">sales department</h4>                \r\n <p>Mon - sat: 8:00 am - 18:30 pm</p>                \r\n <p>Sunday is closed</p>', '', '<iframe src=\'https://www.google.com/maps/embed?pb=!1m18!1m12!1m3!1d15674.988302301215!2d106.60684216757784!3d10.830657602123736!2m3!1f0!2f0!3f0!3m2!1i1024!2i768!4f13.1!3m3!1m2!1s0x31752bce41e13229%3A0xe0ee4f2d36b1ea3f!2zVMOibiBUaOG7m2kgTmjhuqV0LCBRdeG6rW4gMTIsIEjhu5MgQ2jDrSBNaW5oLCBWaeG7h3QgTmFt!5e0!3m2!1svi!2s!4v1522615086521\' width=\'600\' height=\'450\' frameborder=\'0\' style=\'border:0\' allowfullscreen></iframe>', '', 'https://fb.com/kinhdoanhinternetvn', 'https://plus.google.com/discover', 'https://www.instagram.com/kinhdoanhinternet/?hl=vi', '<p><iframe frameborder=\"0\" height=\"450\" src=\"https://www.google.com/maps/embed?pb=!1m18!1m12!1m3!1d59587.97785448771!2d105.80194413492788!3d21.02273601629448!2m3!1f0!2f0!3f0!3m2!1i1024!2i768!4f13.1!3m3!1m2!1s0x3135ab9bd9861ca1%3A0xe7887f7b72ca17a9!2zSGFub2ksIEhvw6BuIEtp4bq_bSwgSGFub2k!5e0!3m2!1sen!2s!4v1513235284242\" style=\"border:0\" width=\"600\"></iframe></p>\r\n', '<p><iframe frameborder=\"0\" height=\"315\" src=\"https://www.youtube.com/embed/vCIc1g_4JWM\" width=\"560\"></iframe></p>', '', 1),
(2, 1, 'en', '', '', '', '', '', '', '', 'V-ONION Organic for your family', 'banhang@rio.net.vn', '+84 971 765 775', 'Số 12 ngõ 5, Tân Mỹ, P.Mỹ Đình 1, Q.Nam Từ Liêm, Hà Nội', 'Our factory start to operate in 2012, selling to trading companies to bring cargo to foreign countries. And in 2015, we establish our own company to export to customer directly. \r\nOur plywood is exported to Thailand, Indonesia, Korea, Malaysia, Taiwan and other countries.\r\n', 'MAIN PRODUCTS', 'Plywood, Core Veneer, Film faced plywood, Finger Joint , Sawn timber', 'CLIENTS - PARTNERS', 'TIMBER RELATED STORIES', '', '', '', '', '', '', '', 1);

-- --------------------------------------------------------

--
-- Table structure for table `currency`
--

CREATE TABLE `currency` (
  `currency_id` int(11) NOT NULL,
  `currency_code` varchar(255) COLLATE utf8_unicode_ci DEFAULT NULL,
  `currency_name` text COLLATE utf8_unicode_ci,
  `currency_exchange_rate` float DEFAULT NULL
) ENGINE=InnoDB DEFAULT CHARSET=utf8 COLLATE=utf8_unicode_ci;

-- --------------------------------------------------------

--
-- Table structure for table `hoan_thien_web`
--

CREATE TABLE `hoan_thien_web` (
  `id` int(11) NOT NULL,
  `name` text CHARACTER SET utf8 COLLATE utf8_unicode_ci,
  `image` text CHARACTER SET utf8 COLLATE utf8_unicode_ci,
  `des` text CHARACTER SET utf8 COLLATE utf8_unicode_ci,
  `content` text CHARACTER SET utf8 COLLATE utf8_unicode_ci,
  `title` text CHARACTER SET utf8 COLLATE utf8_unicode_ci,
  `meta_des` text CHARACTER SET utf8 COLLATE utf8_unicode_ci,
  `meta_key` text CHARACTER SET utf8 COLLATE utf8_unicode_ci,
  `url` text CHARACTER SET utf8 COLLATE utf8_unicode_ci
) ENGINE=InnoDB DEFAULT CHARSET=latin1;

--
-- Dumping data for table `hoan_thien_web`
--

INSERT INTO `hoan_thien_web` (`id`, `name`, `image`, `des`, `content`, `title`, `meta_des`, `meta_key`, `url`) VALUES
(1, 'Hoàn chỉnh', '', '', '', 'Hoàn chỉnh', '', '', 'hoan-chinh'),
(2, 'Tạm ổn', '', '', '', 'Tạm ổn', '', '', 'tam-on'),
(3, 'Chưa ổn', '', '', '', 'Chưa ổn', '', '', 'chua-on');

-- --------------------------------------------------------

--
-- Table structure for table `languages`
--

CREATE TABLE `languages` (
  `languages_id` int(11) NOT NULL,
  `languages_code` varchar(255) COLLATE utf8_unicode_ci DEFAULT NULL,
  `languages_name` text COLLATE utf8_unicode_ci
) ENGINE=InnoDB DEFAULT CHARSET=utf8 COLLATE=utf8_unicode_ci;

--
-- Dumping data for table `languages`
--

INSERT INTO `languages` (`languages_id`, `languages_code`, `languages_name`) VALUES
(1, 'vn', 'Tiếng Việt'),
(2, 'en', 'English');

-- --------------------------------------------------------

--
-- Table structure for table `lien_he`
--

CREATE TABLE `lien_he` (
  `id` int(11) NOT NULL,
  `name` varchar(200) CHARACTER SET utf8 NOT NULL,
  `email` varchar(200) NOT NULL,
  `phone` varchar(100) NOT NULL,
  `address` varchar(500) CHARACTER SET utf8 NOT NULL,
  `comment` mediumtext CHARACTER SET utf8 NOT NULL,
  `time` timestamp NOT NULL DEFAULT CURRENT_TIMESTAMP ON UPDATE CURRENT_TIMESTAMP
) ENGINE=InnoDB DEFAULT CHARSET=latin1;

--
-- Dumping data for table `lien_he`
--

INSERT INTO `lien_he` (`id`, `name`, `email`, `phone`, `address`, `comment`, `time`) VALUES
(1, 'tuấn', 'tuan@gmail.com', '0245', 'Hà Nội', 'ok', '2017-11-29 12:51:52'),
(2, 'Hang Pham Thuy', 'ngockhanh260614@gmail.com', '973378669', 'Thanh Xuân, Thanh Xuân', 'xfghfghfgh', '2017-12-03 04:06:32'),
(3, 'tuấn', 'tuan@gmail.com', '1234567890', 'Hà Nội', 'ok', '2017-12-29 06:50:13'),
(4, 'Việt Hưng', 'viethung95cute@gmail.com', '1672523165', '', 'đầ', '2018-03-31 10:18:27'),
(5, 'Việt Hưng', 'hung71483@gmail.com', '1672523165', '', 'ádfasdf', '2018-03-31 10:18:56'),
(6, 'Việt Hưng', 'viethung95cute@gmail.com', '1672523165', '', 'sdfasdf', '2018-03-31 10:21:22'),
(7, 'Việt Hưng', 'viethung95cute@gmail.com', '1672523165', '', 'ưeqw', '2018-04-01 15:08:28'),
(8, 'Việt Hưng', 'viethung95cute@gmail.com', '1672523165', '', 'adasd', '2018-04-01 15:09:10'),
(9, 'Việt Hưng', 'viethung95cute@gmail.com', '1672523165', '', '', '2018-04-07 07:44:00'),
(10, 'Việt Hưng', 'viethung95cute@gmail.com', '1672523165', '', 'ádas', '2018-04-07 07:44:45'),
(14, '', '', '', '', '', '2018-05-19 06:22:26'),
(15, 'nguyễn việt hưng', '1672523165', 'viethung95cute@gmail.com', '', 'test tư vấn miễn phí', '2018-05-19 06:23:46'),
(16, 'nguyễn việt hưng', 'viethung95cute@gmail.com', '1672523165', '', 'đâsd', '2018-05-19 08:23:02'),
(17, 'test', 'cbv@gmail.com', '1235', '', 'ádzxc', '2018-07-03 07:46:12'),
(18, 'test', 'cbv@gmail.com', '1235', '', 'ádzxc', '2018-07-03 08:00:23'),
(19, 'test', 'test@gmail.com', '0123456789', '', 'test', '2018-07-03 08:01:12'),
(20, 'nguyễn việt hưng', 'viethung95cute@gmail.com', '1672523165', '', 'adfadf', '2018-07-03 09:17:05'),
(21, 'test', 'test@gmail.com', '0123456', '', 'nội dung test', '2018-07-03 09:25:10'),
(22, 'Nguyễn Thị Vân Anh', 'anhvinhcp@gmail.com', '0932266966', '', '', '2018-07-18 14:32:08'),
(23, 'Brigida Cohen', 'sales@orientalrugmart.com', '0343 7190791', '', 'Good day\r\n\r\nShop Oakley Sunglasses $19.95 only today @ https://sunglasseshop.us\r\n\r\nTo your success,\r\n\r\n\r\nFanpage Gold Bridge - Kinh nghiệm chăm Sóc Fanpage hàng đầu Việt Nam\r\nquantrifanpage.com', '2018-07-21 16:30:04'),
(24, 'nguyễn thị mỹ trinh', 'mytrinhthevu@gmail.com', '01687789325', '', 'e cần tìm hiểu về quảng cáo trang trên facebook và giá của quảng cao', '2018-07-25 03:21:41'),
(25, 'nguyễn thị mỹ trinh', 'mytrinhthevu@gmail.com', '01687789325', '', 'e cần tìm hiểu về quảng cáo trang trên facebook và giá của quảng cao', '2018-07-25 03:21:43'),
(26, 'nguyễn thị mỹ trinh', 'mytrinhthevu@gmail.com', '01687789325', '', 'e cần tìm hiểu về quảng cáo trang trên facebook và giá của quảng cao', '2018-07-25 03:21:45'),
(27, 'Lương văn Vường', 'Luongvanvuong86@gmail.com', '0918684586', '', 'Muốn tư vấn thêm', '2018-08-16 12:57:00'),
(28, 'Mai Văn Khanh', 'maivankhanh13@gmail.com', '0901993683', '', 'chạy fanpage bất động sản\r\n', '2018-08-17 02:28:31'),
(29, 'Tien Dat', 'dangtiendat1989@gmail.com', '0904824502', '', '', '2018-08-17 05:03:44'),
(30, 'Ngoc sơn', 'Ng?c S?n a còng ch?m com', '0902828459', '', 'Đăng Quảng Cáo tiệc sinh nhật liên hoan tại nhà', '2018-08-21 03:48:26'),
(31, 'Ngoc sơn', 'Ng?c S?n a còng ch?m com', '0902828459', '', 'Đăng Quảng Cáo tiệc sinh nhật liên hoan tại nhà', '2018-08-21 03:48:28'),
(32, 'Ngoc sơn', 'Ng?c S?n a còng ch?m com', '0902828459', '', 'Đăng Quảng Cáo tiệc sinh nhật liên hoan tại nhà', '2018-08-21 03:48:30'),
(33, 'vũ thanh tâm', 'thanhtamk5dtkdh@gmail.com', '01663468307', '', 'Báo giá giúp mình quảng cáo fanpage', '2018-08-22 14:23:33'),
(34, 'Nguyễn Thị Thanh Ngọc', 'trieuvy99979@gmail.com', '0973481167', '', '', '2018-08-23 00:36:14'),
(35, 'Vũ Anh Tuấn', 'tuan120116@gmail.com', '0942069990', '', 'Thanks !', '2018-08-25 14:31:37'),
(36, 'Lương thành công', 'Luongthanhcong.ov@gmail.com', '01692941767', '', '', '2018-08-26 06:58:26'),
(37, 'Đạng duy an', 'An280489@gmail.com', '0902660485', '', 'Cần tư vấn tạo tăng chất lượng fanpade', '2018-08-28 01:42:27'),
(38, 'Võ thị nga', 'vonga18011989@gmail.com ', '0932180637', '', 'Muốn quang cáo ', '2018-08-30 16:11:10'),
(39, 'Huyền Trang', 'Huyentrangyhct@gmail.com', '0979941492', '', 'Quản lý fanpage ', '2018-08-31 06:03:37'),
(40, 'Bùi Anh Cường', 'buicuong.jsc@gmail.com', '0902226426', '', 'cần chạy quảng cáo cho trang tin cửa hàng\r\n', '2018-09-01 02:18:46'),
(41, 'hoang thanh', 'Nickthanh.th2411@gmail.com', '0899313520', '', '', '2018-09-03 14:09:36'),
(42, 'Hoàng Long', 'vuhoanglong273@gmail.com', '0944827394', '', '', '2018-09-04 07:16:11'),
(43, 'Trần thị tuyết lan', 'doanlamdung@icloud.com', '0917266797', '', 'Cần tư vấn tăng like', '2018-09-05 01:31:11'),
(44, 'Võ Thị Mỹ Chi', 'Hoangbach150790@gmail.com', '0978489493', '', 'Cần Tư Vấn Quảng Cáo Fanpage', '2018-09-05 05:03:18'),
(45, 'Đặng Dũng', 'dangdungqt36@gmail.com', '0968530509', '', 'Mình muốn nhờ bên bạn quản trị face này bạn  xem\r\nhttps://www.facebook.com/innojectorvietnam/', '2018-09-05 07:18:49'),
(46, 'Đặng Dũng', 'dangdungqt36@gmail.com', '0968530509', '', 'Mình muốn nhờ bên bạn quản trị face này bạn  xem\r\nhttps://www.facebook.com/innojectorvietnam/', '2018-09-05 07:18:52'),
(47, 'Đặng Dũng', 'dangdungqt36@gmail.com', '0968530509', '', 'Mình muốn nhờ bên bạn quản trị face này bạn  xem\r\nhttps://www.facebook.com/innojectorvietnam/', '2018-09-05 07:18:55'),
(48, 'le thi hien', 'Lehien9486@gmail.com', '0969314986', '', 'Cân tu vân', '2018-09-10 01:08:06'),
(49, 'nguyễn hà linh', 'abbyhalinh@gmail.com', '0964766781', '', 'Mình có một quán cà phê muốn quảng cáo cho cửa hàng cần sự tư vấn của các bạn', '2018-09-10 07:17:05'),
(50, 'Nguyễn Đức trung', 'Ductrung90@gmail.com', '0963581897', '', 'Hãy giúp tội tạo một Fanpage hiệu quả', '2018-09-11 13:05:00'),
(51, 'Nguyễn Đức trung', 'Ductrung90@gmail.com', '0963581897', '', 'Hãy giúp tội tạo một Fanpage hiệu quả', '2018-09-11 13:05:16'),
(52, 'Huỳnh Võ Lâm', 'huynhlammobile@gmail.com', '0941733333', '', 'tôi cần tư vấn về dịch vụ quảng cáo bán hàng', '2018-09-14 07:57:29'),
(53, '', 'noreply@profunding-247.com', '', '', 'Hi, letting you know that http://ProFunding-247.com can find your business a SBA or private loan for $2,000 - $350K Without high credit or collateral. \r\n \r\nFind Out how much you qualify for by clicking here: \r\n \r\nhttp://ProFunding-247.com \r\n \r\nMinimum requirements include your company being established for at least a year and with current gross revenue of at least 120K. Eligibility and funding can be completed in as fast as 48hrs. Terms are personalized for each business so I suggest applying to find out exactly how much you can get on various terms. \r\n \r\nThis is a free service from a qualified lender and the approval will be based on the annual revenue of your business. These funds are Non-Restrictive, allowing you to spend the full amount in any way you require including business debt consolidation, hiring, marketing, or Absolutely Any Other expense. \r\n \r\nIf you need fast and easy business funding take a look at these programs now as there is limited availability: \r\n \r\nhttp://ProFunding-247.com \r\n \r\nHave a great day, \r\nThe Pro Funding 247 Team \r\n \r\nunsubscribe/remove - http://ProFunding-247.com/r.php?url=vietbaichuanseo.net&id=e118', '2018-10-09 23:21:23'),
(54, 'Soukup', 'soukup.kathleen@gmail.com', '946 12 337', '', '外贸Facebook精准数据采集, Facebook全功能营销软件, Whatsapp全功能自动化营销软件 - https://www.snsep.com/\r\n微信: MaggieLiHK\r\nQQ: 3204290153\r\n邮箱: info@snsep.com\r\n\r\nhttp://www.facebookbigdata.com/\r\nFacebook精准数据采集系统，无需翻墙，无需Facebook账号，登入云平台即可针对FB Group或FB Page里的粉丝进行详细的数据采集，数据栏位有，邮箱，电话，出生日期，国家，地区，婚姻状态等十几个栏位，有人感兴趣测试的话可以联络我!\r\n\r\nFacebook精准数据采集系统图片展示:\r\nhttps://www.snsep.com/FBScraper/1.png\r\nhttps://www.snsep.com/FBScraper/2.png\r\nhttps://www.snsep.com/FBScraper/3.png\r\nhttps://www.snsep.com/FBScraper/4.png\r\nhttps://www.snsep.com/FBScraper/5.png\r\nhttps://www.snsep.com/FBScraper/6.png\r\nhttps://www.snsep.com/FBScraper/7.png\r\nhttps://www.snsep.com/FBScraper/8.png\r\n\r\nFacebook全功能自动营销系统:\r\nFacebook全功能自动营销系统包含“发布”与“采集”两大模组，功能含跨数十种在Facebook里所需要的营销功能，几乎能满足所有产品/服务推广需求。\r\n\r\n发布模组包含批量加好友（支持UID批配）、加小组、接受/取消好友请求、推文、变量信息发布、养号、Tag标记好友、批量私讯、自动回复贴文/私讯排程、批量粉丝页按赞/邀请好友按赞、推（顶）小组贴文、自动分享/按赞贴文、粉丝主页管理等全功能营销任务。\r\n\r\n采集模组核心采用Facebook进阶Graph Search语法，能够有效精准采集专页、小组、小组成员、贴文互动（贴文赞、分享、评论）用户、粉丝主页详细数据（邮箱/电话等）、用户详细数据（邮箱/电话等）、直播间观众、Graph Search批配用户等专页采集功能。\r\n\r\n系统支持多帐号同时批量排程任务且无帐号管理上限。可挂Proxy代理IP实现一帐号一IP，同时支持多种帐号登录模式，包含 Android / iOS手机APP模式、Cookie模式、PC浏览器模式、FB开发者APP模式、Token等登录模式，完整的帐号管理功能。\r\n\r\nFacebook全功能自动营销系统图片展示:\r\nhttps://www.snsep.com/wp-content/uploads/2018/09/facebook_marketing_feature-1.jpg\r\nhttps://www.snsep.com/FBScraper/FB-Soft-2.png\r\nhttps://www.snsep.com/FBScraper/FB-Soft-3.png\r\nhttps://www.snsep.com/FBScraper/FB-Soft-4.png\r\nhttps://www.snsep.com/FBScraper/FB-Soft-5.png\r\nhttps://www.snsep.com/FBScraper/FB-Soft-6.png\r\nhttps://www.snsep.com/FBScraper/FB-Soft-7.png\r\n\r\n\r\nWhatsapp 群发软件:\r\n最新Whatsapp群发软件结合各种强大的功能，包含群发，验证，采集等功能，帮助你更容易，快速即有效进行产品营销推广，持续创造新客户，带动源源不绝的新流量在短时间内藉由软件为你快速将产品信息推广给全球有兴趣高度关注消费者，立即卖产品 。实现在线whatsapp推广营销自动化！\r\n\r\nWhatsapp 群发软件图片展示:\r\nhttps://www.snsep.com/wp-content/uploads/2018/09/whatsapp-manage-accounts.jpg\r\nhttps://www.snsep.com/wp-content/uploads/2018/09/random-numbers-1.png\r\nhttps://www.snsep.com/wp-content/uploads/2018/09/number-validator.gif\r\nhttps://www.snsep.com/wp-content/uploads/2018/09/whatsapp-send-image.png\r\nhttps://www.snsep.com/wp-content/uploads/2018/09/whatsapp-group-finder.png\r\nhttps://www.snsep.com/wp-content/uploads/2018/09/chat-finder.png', '2018-10-11 21:06:37'),
(55, '', 'noreply@businesscapitaladvisor.com', '', '', 'Hi, letting you know that http://BusinessCapitalAdvisor.com can find your business a SBA or private loan for $2,000 - $350K Without high credit or collateral. \r\n \r\nFind Out how much you qualify for by clicking here: \r\n \r\nhttp://BusinessCapitalAdvisor.com \r\n \r\nMinimum requirements include your company being established for at least a year and with current gross revenue of at least 120K. Eligibility and funding can be completed in as fast as 48hrs. Terms are personalized for each business so I suggest applying to find out exactly how much you can get on various terms. \r\n \r\nThis is a free service from a qualified lender and the approval will be based on the annual revenue of your business. These funds are Non-Restrictive, allowing you to spend the full amount in any way you require including business debt consolidation, hiring, marketing, or Absolutely Any Other expense. \r\n \r\nIf you need fast and easy business funding take a look at these programs now as there is limited availability: \r\n \r\nhttp://BusinessCapitalAdvisor.com \r\n \r\nHave a great day, \r\nThe Business Capital Advisor Team \r\n \r\nunsubscribe/remove - http://BusinessCapitalAdvisor.com/r.php?url=vietbaichuanseo.net&id=e120', '2018-10-25 10:19:02'),
(56, 'Parker', 'emmahdu30parker@aol.com', '573-738-8918', '', 'Hi, wanted to say what a great site you have.  Was wondering could your company handle more customers?\r\n\r\nWe connect people interested in your niche with businesses that do busienss in that niche.  Learn how we can drive more visitors to your site and help you grow your business.\r\n\r\nhttps://promoyoursite.icu/grow-business?=vietbaichuanseo.net\r\n\r\nRegards\r\nEmma\r\nTraffic Expert\r\nChoice Traffic\r\n\r\n\r\n\r\n\r\n\r\n\r\n\r\n\r\n\r\n\r\n\r\n\r\n\r\n\r\n\r\n\r\n\r\n\r\n361 Southwest Drive Suite #731 Jonesboro, AR 72401\r\n\r\nIf you did not like this commercial message you  may opt out here:  https://promoyoursite.icu/unsubscribe.php?site=vietbaichuanseo.net \r\n\r\n\r\n\r\n\r\n\r\n\r\n', '2018-10-31 19:22:05'),
(57, 'Gonzalez', 'elizabethghoa2gonzalez@aol.com', '(805) 372-1751', '', 'Have you seen this?\r\n\r\nhttp://businesshacks.online/may/2018/new-lead-gen-method\r\n\r\nIts so simple, I had to check it out to believe it. \r\n\r\nElizabeth G\r\n\r\n\r\n\r\n\r\n\r\n\r\n\r\n\r\n\r\n\r\n\r\n\r\n\r\n\r\n\r\n\r\n\r\n\r\n\r\n500 Westover Dr #12733\r\nSanford, NC 27330\r\n\r\nMy apologies if this commercial message was not relevant for you. To prevent any future correspondence please visit: http://businesshacks.online/out.php/?site=vietbaichuanseo.net\r\n', '2018-11-01 05:56:03'),
(58, '', 'noreply@getmybusinessfundednow.com', '', '', 'Hi, letting you know that http://GetMyBusinessFundedNow.com can find your business a SBA or private loan for $2,000 - $350K Without high credit or collateral. \r\n \r\nFind Out how much you qualify for by clicking here: \r\n \r\nhttp://GetMyBusinessFundedNow.com \r\n \r\nMinimum requirements include your company being established for at least a year and with current gross revenue of at least 120K. Eligibility and funding can be completed in as fast as 48hrs. Terms are personalized for each business so I suggest applying to find out exactly how much you can get on various terms. \r\n \r\nThis is a free service from a qualified lender and the approval will be based on the annual revenue of your business. These funds are Non-Restrictive, allowing you to spend the full amount in any way you require including business debt consolidation, hiring, marketing, or Absolutely Any Other expense. \r\n \r\nIf you need fast and easy business funding take a look at these programs now as there is limited availability: \r\n \r\nhttp://GetMyBusinessFundedNow.com \r\n \r\nHave a great day, \r\nThe Get My Business Funded Now Team \r\n \r\nunsubscribe/remove - http://GetMyBusinessFundedNow.com/r.php?url=vietbaichuanseo.net&id=e120', '2018-11-06 23:31:20'),
(59, 'Quàng thi thoong ', 'thoong 1905@gmail. com', '0912973105', '', '', '2018-11-14 07:05:29'),
(60, 'Rodriguez', 'meganmg96krodriguez@aol.com', '(805) 372-1751', '', 'Hi,\r\n  Based on your google rank Id say you are doing at least ok on your link building, but if your rank increased could you handle more visitors?  \r\n\r\nWe provide the Best Quality Contextual Link Building to Boost Your Site’s Ranking in Search Engines.\r\n\r\nWe also offer a 7 day free trial with free links so you have nothing to lose:\r\n\r\nhttps://www.leadaccelerator.online/seo?=vietbaichuanseo.net\r\n\r\nRegards,\r\nMegan\r\nLink Building Specialist\r\nSEO Vale\r\n\r\n\r\n\r\n\r\n\r\n\r\n\r\n\r\n\r\n500 Westover Dr #12733\r\nSanford, NC 27330\r\n\r\nIf you prefer not to receive commercial messages regarding links for your website, please opt out here: https://www.leadaccelerator.online/out.php/?site=vietbaichuanseo.net\r\n', '2018-11-20 18:04:51'),
(61, '', 'noreply@fastcapitaladvisors.com', '', '', 'Hi, letting you know that http://FastCapitalAdvisors.com can find your business a SBA or private loan for $2,000 - $350K Without high credit or collateral. \r\n \r\nFind Out how much you qualify for by clicking here: \r\n \r\nhttp://FastCapitalAdvisors.com \r\n \r\nMinimum requirements include your company being established for at least a year and with current gross revenue of at least 120K. Eligibility and funding can be completed in as fast as 48hrs. Terms are personalized for each business so I suggest applying to find out exactly how much you can get on various terms. \r\n \r\nThis is a free service from a qualified lender and the approval will be based on the annual revenue of your business. These funds are Non-Restrictive, allowing you to spend the full amount in any way you require including business debt consolidation, hiring, marketing, or Absolutely Any Other expense. \r\n \r\nIf you need fast and easy business funding take a look at these programs now as there is limited availability: \r\n \r\nhttp://FastCapitalAdvisors.com \r\n \r\nHave a great day, \r\nThe Fast Capital Advisors Team \r\n \r\nunsubscribe/remove - http://FastCapitalAdvisors.com/r.php?url=vietbaichuanseo.net&id=e122', '2018-11-25 13:02:17'),
(62, 'Antwanjougs', 'yourmail@gmail.com', '89742211339', '', 'Hello. And Bye.', '2018-12-29 07:57:46'),
(63, 'Charleslix', 'taty110@hotmail.com', '83781539126', '', 'Find a hot woman for good sex in your town: http://jnl.io/97335', '2018-12-30 18:36:29'),
(64, 'Charleslix', 'pasha2002@msn.com', '84274155444', '', 'Hot women for good sex every day: http://perkele.ovh/70363', '2018-12-31 05:44:06'),
(65, 'Charleslix', 'bentsu@yahoo.com', '81481829654', '', 'Fuck tonight juicy woman in your town: http://corta.co/bestadultdating2837444682', '2018-12-31 17:09:52'),
(66, 'Charleslix', 'ma13@hotmail.com', '86421786458', '', 'How would you use $3,000 to make more money: https://tinyurl.com/bestinvestsystem62001', '2019-01-01 22:17:42'),
(67, 'Charleslix', 'braham_d@msn.com', '82389567596', '', 'How would you use $3,000 to make more money: http://yourls.site/bestinvestsystem14657', '2019-01-02 09:05:29'),
(68, 'Charleslix', 'mstalter@yahoo.com', '83484124123', '', 'How would you use $3,000 to make more money: http://www.abcagency.se/bestinvestsystem93762', '2019-01-02 21:27:15'),
(69, '', 'noreply@business-capital-now.com', '', '', 'Hi, letting you know that http://Business-Capital-Now.com can find your business a SBA or private loan for $2,000 - $350K Without high credit or collateral. \r\n \r\nFind Out how much you qualify for by clicking here: \r\n \r\nhttp://Business-Capital-Now.com \r\n \r\nMinimum requirements include your company being established for at least a year and with current gross revenue of at least 120K. Eligibility and funding can be completed in as fast as 48hrs. Terms are personalized for each business so I suggest applying to find out exactly how much you can get on various terms. \r\n \r\nThis is a free service from a qualified lender and the approval will be based on the annual revenue of your business. These funds are Non-Restrictive, allowing you to spend the full amount in any way you require including business debt consolidation, hiring, marketing, or Absolutely Any Other expense. \r\n \r\nIf you need fast and easy business funding take a look at these programs now as there is limited availability: \r\n \r\nhttp://Business-Capital-Now.com \r\n \r\nHave a great day, \r\nThe Business Capital Now Team \r\n \r\nunsubscribe/remove - http://Business-Capital-Now.com/r.php?url=vietbaichuanseo.net&id=e126', '2019-01-03 05:53:31'),
(70, 'Charleslix', 'pam4jason@yahoo.com', '83926929299', '', 'Baise ce soir femme juteuse dans ta ville: https://lil.ink/bestsexygirlsinyourcity39692', '2019-01-03 12:05:49'),
(71, 'Charleslix', 'elephantfreak@yahoo.com', '81627863845', '', 'Baise ce soir femme juteuse dans ta ville: http://999.sh/bestsexywomaninyourcity93935', '2019-01-03 23:02:17'),
(72, 'Charleslix', 'mikeruddell@hotmail.com', '82235736529', '', 'Les femmes chaudes et juteuses de votre ville veulent du sexe: http://perkele.ovh/bestsexygirlsinyourcity45204', '2019-01-04 10:56:24'),
(73, 'Charleslix', 'ldrager@msn.com', '85319292964', '', 'Les femmes chaudes et juteuses de votre ville veulent du sexe: https://is.gd/bestsexygirlsinyourcity89514', '2019-01-05 15:07:07'),
(74, 'Charleslix', 'lehr5@msn.com', '89998893821', '', 'Femmes Chaudes Pour Le Sexe Dans Votre Ville: https://atho.me/3L2E', '2019-01-06 03:36:27'),
(75, 'Charleslix', 'marcelory@hotmail.com', '84951869785', '', 'Les femmes chaudes et juteuses de votre ville veulent du sexe: http://yourls.site/bestsexygirlsinyourcity17124', '2019-01-06 17:03:48'),
(76, 'Williams', 'madisondtn49williams@aol.com', '(805) 372-1751', '', 'Hi,\r\n  Your website seems to indicate that you have a successful business, but could you handle even more customers?  \r\n\r\nWe provide targeted website visitors that you can convert into leads and customers.  \r\n\r\nWe also offer a 7 day free trial so you have nothing to lose:\r\n\r\nhttps://www.businesstraffic.top/traffic?=vietbaichuanseo.net\r\n\r\nRegards,\r\nMadison\r\nLead Specialist\r\nSEO Vale\r\n\r\n\r\n\r\n\r\n\r\n\r\n\r\n\r\n\r\n500 Westover Dr #12733\r\nSanford, NC 27330\r\n\r\nIf you prefer not to receive commercial messages regarding traffic for your business, please opt out here: https://www.businesstraffic.top/out.php/?site=vietbaichuanseo.net\r\n', '2019-01-06 22:10:51'),
(77, 'Charleslix', 'sylvia_gee@hotmail.com', '88589698299', '', 'Hot women for sex in your town: http://perkele.ovh/bestadultdating65628', '2019-01-07 15:25:29'),
(78, 'Charleslix', 'jcugi@msn.com', '85812366424', '', 'Hot women for sex in your town: http://ralive.de/bestadultdating69833', '2019-01-08 02:33:51'),
(79, 'Charleslix', 'anvipa@msn.com', '89617184973', '', 'Hot women for sex in your town: http://wntdco.mx/bestadultdating33113', '2019-01-08 12:11:07'),
(80, 'Charleslix', 'a_smita@hotmail.com', '88982869666', '', 'Hot women for sex in your town: https://aaa.moda/bestadultdating78804', '2019-01-09 01:06:22'),
(81, 'Charleslix', 'csorlie@hotmail.com', '82567576149', '', 'Fick heute Nacht saftige Frau in deiner Stadt: https://arill.us/sexywomaninyourcity15541', '2019-01-09 16:06:29'),
(82, 'Charleslix', 'raeann75@msn.com', '87974716544', '', 'HeiГџe Frauen fГјr Sex in deiner Stadt: http://tropaadet.dk/sexywomaninyourcity19586', '2019-01-10 17:13:44'),
(83, 'Charleslix', 's_boerma@hotmail.com', '87693961723', '', 'HeiГџe Frauen fГјr Sex in deiner Stadt: http://ralive.de/sexywomaninyourcity66353', '2019-01-11 10:10:43'),
(84, 'Loganlialk', 'sez782@comcast.net', '85331498178', '', 'Where to invest $ 3000 once and receive every month from $ 55000: http://jnl.io/howtoinvest300059200', '2019-01-12 21:03:34'),
(85, 'Alfredzek', 'gdoughboy@hotmail.com', '81736446813', '', '$200 for 10 mins вЂњwork?вЂќ: http://jnl.io/bestinvestsystems86486', '2019-01-13 15:20:08'),
(86, 'Alfredzek', 'chris868@msn.com', '84262842445', '', 'Hot and juicy women in your city want sex: http://freest.at/bestsexygirlsinyourcity52928', '2019-01-14 12:23:08'),
(87, 'Alfredzek', 'aabowe@msn.com', '88899768331', '', 'Find a hot woman for good sex in your town: https://aaa.moda/bestsexygirlsinyourcity96771', '2019-01-15 00:04:14'),
(88, 'JamesGen', 'info.13infinity@gmail.com', '372681876', '', ' Hy there,  Actual telecast ! politeoffer \r\n To make eligible click on the tie up under    http://bit.ly/2SUCiW6', '2019-01-21 11:41:18'),
(89, 'Westondions', 'billiondollarsong@gmail.com', '367475435', '', '  What we acquire here is , an dazzlingoffers \r\n To qualify click on the tie up below    http://bit.ly/2S3aOAE', '2019-01-25 10:17:50'),
(90, 'ShowCaw', 'darthvader.veider@yandex.com', '84459917272', '', 'In year 2019 there are lot of movies coming out. Obviously, there are Avengers part 2, new Star Wars Episode nine and many others. These are movies that every kid wants to see, but sometimes you can miss it.It is where applications come in handy you can watch a movies for free. Btw, looking for the best app to watch free movies on your iOS phone? Then your should check Showbox Application. This is the most famous app today that has a big library of shows and movies. This app is also available for Android phone users. But your need to download it first to enjoy free films <a href=http://showbox-all.com/showbox-apk-download/>http://showbox-all.com/showbox-apk-download/</a>\r\n', '2019-01-29 12:52:19'),
(91, 'RobertPoorE', 'feyi.deboaina@gmail.com', '133516435', '', ' Hi What we keep here is , an importantoblation \r\n Are you in?    http://bit.ly/2S2pBeO', '2019-01-29 16:50:07'),
(92, 'RobertPoorE', 'bodymattersbyleah@gmail.com', '133516435', '', '  an compellingoffers \r\n To qualify click on the interdependence couple lower than beneath    http://bit.ly/2RXU25Z', '2019-02-02 11:20:04'),
(93, 'RobertPoorE', 'hbishop222@gmail.com', '133516435', '', ' Hey Look what we require looking for you! an dazzlingoffer \r\n To be fit click on the link downstairs    http://bit.ly/2S5l7nD', '2019-02-06 12:30:31'),
(94, 'JosephPEply', 'ghinilambor700@yahoo.com', '357522284', '', 'Hello! \r\n \r\nWe spend third part of our lives at work. How to spend this time with benefit? \r\n \r\nYou can grow bitcoins by 10% spending 5 minutes a day! \r\nQuicker than a cup of coffee \r\n \r\nhttp://dcbtc.info increases bitcoins by 10% in 48 hours. \r\nYou will automatically make a profit on your bitcoin wallet. \r\n \r\nStart participating and make a profit! \r\nGuaranteed by the blockchain technology!', '2019-02-12 14:59:54'),
(95, 'Haroldabola', 'brithdirmawrhc@gmail.com', '272475113', '', ' Hey What we accept here is , an distinguishedoblation \r\n To be fit click on the unite underneath  \r\n \r\nhttp://598SC.TK', '2019-02-22 00:26:45'),
(96, 'Davidmaw', 'kenrick.waldron@gmail.com', '381863352', '', ' Hey a gooddonation \r\n Fair-minded click \r\nhttp://servicerubin.ru', '2019-02-23 17:56:49'),
(97, 'RobertTar', 'palpungukoffice@gmail.com', '213245362', '', ' Hy there,  Good front-page news ! an interestingprovide \r\n Right-minded click on the link under to mitigate  \r\n \r\nhttp://servicerubin.ru', '2019-02-28 20:12:01'),
(98, 'AngelMig', 'cairn.online@gmail.com', '365814121', '', 'Confirm that you are not a robot, and learn how to earn $ 1000 a day \r\nhttp://guide-traveler.ru', '2019-03-02 05:38:52'),
(99, 'hanwgf', 'ngockhanh260614@gmail.com', '973378689', '', 'gfdhsfghf', '2019-03-03 02:44:12'),
(100, 'trần văn hưng', 'kenvill.nb@gmail.com', '0963993141', '', 'Test', '2019-03-05 04:31:55'),
(101, 'Trần văn hưng', 'kenvill.nb@gmail.com', '0963993141', '', 'TEST', '2019-03-05 04:40:40'),
(102, 'Trần văn hưng', 'kenvill.nb@gmail.com', '0963993141', '', 'Test', '2019-03-05 04:43:27'),
(103, 'JackieLig', 'formforsome@yandex.ua', '332524882', '', 'Hello! \r\n \r\nDo you know how to get +10% in bitcoins during your coffee break? \r\nSpend this time with benefits. \r\n \r\nMake fast donation to http://dc-btc.pro/ and get automatically payout to your wallet after two days. \r\n \r\nFor example, you donate 100$ in btc today, so you automatically get 110$ day after tomorrow. \r\nReward will come directly to your btc wallet. \r\n \r\nTry and get reward! \r\n \r\nBowered by Blockchain technology.', '2019-03-06 22:13:39'),
(104, 'KevinBot', 'tradesale918@gmail.com', '331272378', '', 'Confirm that you are not a robot, and  There is an amazingbenefit for victory. http://bit.ly/2EP9l9u', '2019-03-07 15:48:17'),
(105, 'hanwgf', 'ngockhanh260614@gmail.com', '973378689', '', 'hhjnn', '2019-03-21 11:05:18'),
(106, 'hh', 'phamminhtri.mta.13@gmail.com', '1667666777', '', 'jhuyui', '2019-03-21 11:05:46'),
(107, 'yyy', 'phamminhtri.mta.13@gmail.com', '973378669', '', 'ujuik', '2019-03-21 11:06:15'),
(108, 'Trương Quang Tuấn', 'truongquangtuan3110@gmail.com', '0963993141', '', 'test', '2019-03-21 11:11:49'),
(109, 'dfgds', 'ngockhanh260614@gmail.com', '973378689', '', 'adfg', '2019-03-21 11:15:38'),
(110, 'Columbine', 'gregoracissograll@gmail.com', '18042673041', '', 'We offer you the opportunity to advertise your products and services. \r\n \r\nGood day! Please note nice offers for you. I can help you with sending  your commercial offers or messages through feedback forms. The advantage of this method is that the messages sent through the feedback forms are included in the white list. This method increases the chance that your message will be read. The same way as you received this message. \r\nSending via Feedback Forms to any domain zones of the world. (more than 1000 domain zones.). \r\nThe cost of sending 1 million messages is $ 49 instead of $ 99. \r\nDomain zone .com - (12 million messages sent) - $399 instead of $699 \r\nAll us sites that have a feedback form. (10 million messages sent) - $349 instead of $649 \r\nAll domain zones in Europe- (8 million messages sent) - $ 299 instead of $599 \r\nAll sites in the world (25 million messages sent) - $499 instead of $999 \r\n \r\n \r\nDiscounts are valid until April 20. \r\nFeedback and warranty! \r\nDelivery report! \r\n \r\nIn the process of sending messages, we do not violate the rules of GDRP. \r\nThis message is created automatically use our contacts for communication. \r\n \r\n \r\n \r\nContact us. \r\nTelegram - @FeedbackFormEU \r\nSkype – FeedbackForm2019 \r\nEmail - FeedbackForm@make-success.com \r\n \r\n \r\nHope to hear from you soon. \r\n \r\nThis message is created automatically use our contacts for communication.', '2019-04-16 04:33:50');

-- --------------------------------------------------------

--
-- Table structure for table `linh_vuc`
--

CREATE TABLE `linh_vuc` (
  `productcat_id` int(11) NOT NULL,
  `productcat_name` text COLLATE utf8_unicode_ci,
  `productcat_des` text COLLATE utf8_unicode_ci,
  `productcat_content` text COLLATE utf8_unicode_ci,
  `productcat_parent` int(11) NOT NULL DEFAULT '0',
  `productcat_sort_order` int(11) NOT NULL DEFAULT '0',
  `productcat_img` text COLLATE utf8_unicode_ci,
  `productcat_created_date` datetime DEFAULT NULL,
  `productcat_update_date` datetime DEFAULT NULL,
  `productcat_sub_info1` text COLLATE utf8_unicode_ci,
  `productcat_sub_info2` text COLLATE utf8_unicode_ci,
  `productcat_sub_info3` text COLLATE utf8_unicode_ci,
  `productcat_sub_info4` text COLLATE utf8_unicode_ci,
  `productcat_sub_info5` text COLLATE utf8_unicode_ci,
  `state` int(11) NOT NULL DEFAULT '0',
  `title_seo` text COLLATE utf8_unicode_ci,
  `des_seo` text COLLATE utf8_unicode_ci,
  `friendly_url` text COLLATE utf8_unicode_ci,
  `keyword` text COLLATE utf8_unicode_ci,
  `created_id` int(11) DEFAULT NULL
) ENGINE=InnoDB DEFAULT CHARSET=utf8 COLLATE=utf8_unicode_ci;

--
-- Dumping data for table `linh_vuc`
--

INSERT INTO `linh_vuc` (`productcat_id`, `productcat_name`, `productcat_des`, `productcat_content`, `productcat_parent`, `productcat_sort_order`, `productcat_img`, `productcat_created_date`, `productcat_update_date`, `productcat_sub_info1`, `productcat_sub_info2`, `productcat_sub_info3`, `productcat_sub_info4`, `productcat_sub_info5`, `state`, `title_seo`, `des_seo`, `friendly_url`, `keyword`, `created_id`) VALUES
(124, 'Thời trang', '', '', 0, 1, 'images_3_0.jpg', '2019-02-12 21:02:49', NULL, '', '', '', '', '', 1, 'Thời trang', '', 'thoi-trang', 'Thời trang', NULL),
(139, 'Điện tử', '', '', 0, 2, NULL, '2019-02-12 21:02:18', NULL, '', '', '', '', '', 1, 'Điện tử', '', 'dien-tu', '', 1),
(140, 'Thực phẩm', '', '', 0, 3, NULL, '2019-02-12 21:02:22', NULL, '', '', '', '', '', 1, 'Thực phẩm', '', 'thuc-pham', '', 1),
(141, 'Đồ gia dụng', '', '', 0, 4, NULL, '2019-02-12 21:02:16', NULL, '', '', '', '', '', 1, 'Đồ gia dụng', '', 'do-gia-dung', '', 1),
(142, 'Chăm ga gối đệm', '', '', 141, 0, NULL, '2019-02-12 21:02:32', NULL, '', '', '', '', '', 1, 'Chăm ga gối đệm', '', 'cham-ga-goi-dem', '', 1),
(144, 'Trang trí', '', '', 0, 0, NULL, '2019-02-12 21:02:58', NULL, '', '', '', '', '', 1, 'Trang trí', '', 'trang-tri', '', 1),
(145, 'Đồ cưới', '', '', 124, 0, '', '2019-02-12 21:02:11', NULL, '', '', '', '', '', 1, 'Đồ cưới', '', 'do-cuoi', '', 1),
(146, 'Quần áo', '', '', 124, 0, '', '2019-02-12 21:02:20', NULL, '', '', '', '', '', 1, 'Quần áo', '', 'quan-ao', '', 1),
(147, 'Trang sức', '', '', 124, 0, '', '2019-02-12 21:02:28', NULL, '', '', '', '', '', 1, 'Trang sức', '', 'trang-suc', '', 1),
(148, 'Giày dép', '', '', 124, 0, '', '2019-02-12 21:02:36', NULL, '', '', '', '', '', 1, 'Giày dép', '', 'giay-dep', '', 1),
(149, 'Túi xách', '', '', 124, 0, '', '2019-02-12 21:02:45', NULL, '', '', '', '', '', 1, 'Túi xách', '', 'tui-xach', '', 1),
(150, 'Mắt kính', '', '', 124, 0, '', '2019-02-12 21:02:58', NULL, '', '', '', '', '', 1, 'Mắt kính', '', 'mat-kinh', '', 1),
(151, 'Loa - Âm thanh', '', '', 139, 0, '', '2019-02-12 21:02:36', NULL, '', '', '', '', '', 1, 'Loa - Âm thanh', '', 'loa-am-thanh', '', 1),
(152, 'Thẻ nhớ - Phụ kiện', '', '', 139, 0, '', '2019-02-12 21:02:45', NULL, '', '', '', '', '', 1, 'Thẻ nhớ - Phụ kiện', '', 'the-nho-phu-kien', '', 1),
(153, 'Máy tính - Linh Kiện', '', '', 139, 0, '', '2019-02-12 21:02:55', NULL, '', '', '', '', '', 1, 'Máy tính - Linh Kiện', '', 'may-tinh-linh-kien', '', 1),
(154, 'Tivi - Hình ảnh', '', '', 139, 0, '', '2019-02-12 21:02:04', NULL, '', '', '', '', '', 1, 'Tivi - Hình ảnh', '', 'tivi-hinh-anh', '', 1),
(155, 'Điện thoại', '', '', 139, 0, '', '2019-02-12 21:02:12', NULL, '', '', '', '', '', 1, 'Điện thoại', '', 'dien-thoai', '', 1),
(156, 'Hoa quả', '', '', 140, 0, '', '2019-02-12 21:02:34', NULL, '', '', '', '', '', 1, 'Hoa quả', '', 'hoa-qua', '', 1),
(157, 'Coffee', '', '', 140, 0, '', '2019-02-12 21:02:40', NULL, '', '', '', '', '', 1, 'Coffee', '', 'coffee', '', 1),
(158, 'Bánh', '', '', 140, 0, '', '2019-02-12 21:02:47', NULL, '', '', '', '', '', 1, 'Bánh', '', 'banh', '', 1),
(159, 'Rượu - Bia', '', '', 140, 0, '', '2019-02-12 21:02:53', NULL, '', '', '', '', '', 1, 'Rượu - Bia', '', 'ruou-bia', '', 1),
(160, 'Khóa cửa - Két sắt', '', '', 141, 0, '', '2019-02-12 21:02:45', NULL, '', '', '', '', '', 1, 'Khóa cửa - Két sắt', '', 'khoa-cua-ket-sat', '', 1),
(161, 'Hoa', '', '', 144, 0, '', '2019-02-12 21:02:08', NULL, '', '', '', '', '', 1, 'Hoa', '', 'hoa', '', 1),
(162, 'Cây cảnh', '', '', 144, 0, '', '2019-02-12 21:02:22', NULL, '', '', '', '', '', 1, 'Cây cảnh', '', 'cay-canh', '', 1),
(163, 'Phương tiện', '', '', 0, 6, '', '2019-02-12 21:02:34', NULL, '', '', '', '', '', 1, 'Phương tiện', '', 'phuong-tien', '', 1),
(164, 'Xe hơi', '', '', 163, 0, '', '2019-02-12 21:02:40', NULL, '', '', '', '', '', 1, 'Xe hơi', '', 'xe-hoi', '', 1),
(165, 'Quà tặng', '', '', 0, 7, '', '2019-02-12 21:02:50', NULL, '', '', '', '', '', 1, 'Quà tặng', '', 'qua-tang', '', 1),
(166, 'Đồ chơi', '', '', 165, 0, '', '2019-02-12 21:02:57', NULL, '', '', '', '', '', 1, 'Đồ chơi', '', 'do-choi', '', 1),
(167, 'Thú cưng', '', '', 165, 0, '', '2019-02-12 21:02:04', NULL, '', '', '', '', '', 1, 'Thú cưng', '', 'thu-cung', '', 1),
(168, 'Gấu bông', '', '', 165, 0, '', '2019-02-12 21:02:10', NULL, '', '', '', '', '', 1, 'Gấu bông', '', 'gau-bong', '', 1),
(169, 'Lĩnh vực khác', '', '', 0, 8, '', '2019-02-12 21:02:22', NULL, '', '', '', '', '', 1, 'Lĩnh vực khác', '', 'linh-vuc-khac', '', 1),
(170, 'Du lịch', '', '', 169, 0, '', '2019-02-12 21:02:30', NULL, '', '', '', '', '', 1, 'Du lịch', '', 'du-lich', '', 1),
(171, 'Nhà hàng', '', '', 169, 0, '', '2019-02-12 21:02:39', NULL, '', '', '', '', '', 1, 'Nhà hàng', '', 'nha-hang', '', 1),
(172, 'Bàn ghế - Nội thất', '', '', 169, 0, '', '2019-02-12 21:02:08', NULL, '', '', '', '', '', 1, 'Bàn ghế - Nội thất', '', 'ban-ghe-noi-that', '', 1),
(173, 'Dụng cụ thể thao', '', '', 169, 0, '', '2019-02-12 21:02:15', NULL, '', '', '', '', '', 1, 'Dụng cụ thể thao', '', 'dung-cu-the-thao', '', 1),
(174, 'Y tế', '', '', 169, 0, '', '2019-02-12 21:02:20', NULL, '', '', '', '', '', 1, 'Y tế', '', 'y-te', '', 1),
(175, 'Làm đẹp', '', '', 0, 9, '', '2019-02-12 21:02:54', NULL, '', '', '', '', '', 1, 'Làm đẹp', '', 'lam-dep', '', 1),
(176, 'Spa', '', '', 175, 0, '', '2019-02-12 21:02:04', NULL, '', '', '', '', '', 1, 'Spa', '', 'spa', '', 1),
(177, 'Thẩm mỹ viện', '', '', 175, 0, '', '2019-02-12 21:02:12', NULL, '', '', '', '', '', 1, 'Thẩm mỹ viện', '', 'tham-my-vien', '', 1),
(178, 'Mỹ phẩm', '', '', 175, 0, '', '2019-02-12 21:02:19', NULL, '', '', '', '', '', 1, 'Mỹ phẩm', '', 'my-pham', '', 1),
(179, 'Thương mại điện tử', '', '', 0, 10, '', '2019-02-12 21:02:43', NULL, '', '', '', '', '', 1, 'Thương mại điện tử', '', 'thuong-mai-dien-tu', '', 1),
(180, 'Máy tính linh kiện', '', '', 179, 0, '', '2019-02-12 21:02:51', NULL, '', '', '', '', '', 1, 'Máy tính linh kiện', '', 'may-tinh-linh-kien-1', '', 1),
(181, 'Tin tức', '', '', 0, 11, '', '2019-02-12 21:02:01', NULL, '', '', '', '', '', 1, 'Tin tức', '', 'tin-tuc', '', 1),
(182, 'Bất động sản', '', '', 0, 12, '', '2019-02-12 21:02:11', NULL, '', '', '', '', '', 1, 'Bất động sản', '', 'bat-dong-san', '', 1),
(183, 'Công ty', '', '', 0, 13, '', '2019-02-12 21:02:19', NULL, '', '', '', '', '', 1, 'Công ty', '', 'cong-ty', '', 1),
(184, 'Kiến trúc', '', '', 183, 0, '', '2019-02-12 21:02:05', NULL, '', '', '', '', '', 1, 'Kiến trúc', '', 'kien-truc', '', 1),
(185, 'Lập trình', '', '', 183, 0, '', '2019-02-12 21:02:12', NULL, '', '', '', '', '', 1, 'Lập trình', '', 'lap-trinh', '', 1),
(186, 'Phòng khám', '', '', 183, 0, '', '2019-02-12 21:02:18', NULL, '', '', '', '', '', 1, 'Phòng khám', '', 'phong-kham', '', 1),
(187, 'Email doanh nghiệp', '', '', 183, 0, '', '2019-02-12 21:02:26', NULL, '', '', '', '', '', 1, 'Email doanh nghiệp', '', 'email-doanh-nghiep', '', 1),
(188, 'FB adw', '', '', 183, 0, '', '2019-02-12 21:02:32', NULL, '', '', '', '', '', 1, 'FB adw', '', 'fb-adw', '', 1),
(189, 'Google adw', '', '', 183, 0, '', '2019-02-12 21:02:37', NULL, '', '', '', '', '', 1, 'Google adw', '', 'google-adw', '', 1),
(190, 'Cá nhân', '', '', 0, 14, '', '2019-02-12 21:02:49', NULL, '', '', '', '', '', 1, 'Cá nhân', '', 'ca-nhan', '', 1),
(191, 'Giáo viên', '', '', 190, 0, '', '2019-02-12 21:02:56', NULL, '', '', '', '', '', 1, 'Giáo viên', '', 'giao-vien', '', 1),
(192, 'Gia sư', '', '', 190, 0, '', '2019-02-12 21:02:02', NULL, '', '', '', '', '', 1, 'Gia sư', '', 'gia-su', '', 1),
(193, 'Luật sư', '', '', 190, 0, '', '2019-02-12 21:02:07', NULL, '', '', '', '', '', 1, 'Luật sư', '', 'luat-su', '', 1),
(194, 'Thực phẩm chức năng', '', '', 140, 0, '', '2019-02-12 21:02:26', NULL, '', '', '', '', '', 1, 'Thực phẩm chức năng', '', 'thuc-pham-chuc-nang', '', 1),
(195, 'Thiết bị điện', '', '', 141, 0, '', '2019-02-12 21:02:01', NULL, '', '', '', '', '', 1, 'Thiết bị điện', '', 'thiet-bi-dien', '', 1),
(196, 'Nước hoa', '', '', 165, 0, '', '2019-02-12 21:02:48', NULL, '', '', '', '', '', 1, 'Nước hoa', '', 'nuoc-hoa', '', 1),
(197, 'Giáo dục', '', '', 0, 15, '', '2019-02-12 21:02:11', NULL, '', '', '', '', '', 1, 'Giáo dục', '', 'giao-duc', '', 1),
(198, 'Tiền ảo', '', '', 169, 0, '', '2019-02-12 21:02:53', NULL, '', '', '', '', '', 1, 'Tiền ảo', '', 'tien-ao', '', 1),
(199, 'Mẹ và bé', '', '', 141, 0, '', '2019-02-12 21:02:15', NULL, '', '', '', '', '', 1, 'Mẹ và bé', '', 'me-va-be', '', 1),
(200, 'Thú cưng', '', '', 169, 0, '', '2019-02-12 21:02:14', NULL, '', '', '', '', '', 1, 'Thú cưng', '', 'thu-cung-1', '', 1),
(201, 'Thiết bị công nghiệp', '', '', 169, 0, '', '2019-02-12 22:02:55', NULL, '', '', '', '', '', 1, 'Thiết bị công nghiệp', '', 'thiet-bi-cong-nghiep', '', 1),
(202, 'Đồ uống', '', '', 140, 0, '', '2019-02-12 23:02:15', NULL, '', '', '', '', '', 1, 'Đồ uống', '', 'do-uong', '', 1);

-- --------------------------------------------------------

--
-- Table structure for table `linh_vuc_languages`
--

CREATE TABLE `linh_vuc_languages` (
  `id` bigint(20) NOT NULL,
  `productcat_id` int(11) DEFAULT NULL,
  `lang_productcat_name` text COLLATE utf8_unicode_ci,
  `languages_code` varchar(255) COLLATE utf8_unicode_ci DEFAULT NULL,
  `lang_productcat_des` text COLLATE utf8_unicode_ci,
  `lang_productcat_content` text COLLATE utf8_unicode_ci,
  `lang_productcat_sub_info1` text COLLATE utf8_unicode_ci,
  `lang_productcat_sub_info2` text COLLATE utf8_unicode_ci,
  `lang_productcat_sub_info3` text COLLATE utf8_unicode_ci,
  `lang_productcat_sub_info4` text COLLATE utf8_unicode_ci,
  `lang_productcat_sub_info5` text COLLATE utf8_unicode_ci,
  `edit_state` int(11) NOT NULL DEFAULT '0',
  `friendly_url` varchar(255) COLLATE utf8_unicode_ci DEFAULT NULL,
  `keyword` text COLLATE utf8_unicode_ci,
  `title_seo` varchar(255) COLLATE utf8_unicode_ci DEFAULT NULL,
  `des_seo` text COLLATE utf8_unicode_ci
) ENGINE=InnoDB DEFAULT CHARSET=utf8 COLLATE=utf8_unicode_ci;

--
-- Dumping data for table `linh_vuc_languages`
--

INSERT INTO `linh_vuc_languages` (`id`, `productcat_id`, `lang_productcat_name`, `languages_code`, `lang_productcat_des`, `lang_productcat_content`, `lang_productcat_sub_info1`, `lang_productcat_sub_info2`, `lang_productcat_sub_info3`, `lang_productcat_sub_info4`, `lang_productcat_sub_info5`, `edit_state`, `friendly_url`, `keyword`, `title_seo`, `des_seo`) VALUES
(233, 124, 'Thời trang', 'vn', '', '', '', '', '', '', '', 0, 'thoi-trang', 'Thời trang', 'Thời trang', ''),
(234, 124, 'Giấy Dán Tường', 'en', '<p>&nbsp;So s&aacute;nh tuổi thọ của sơn th&igrave;&nbsp;giấy d&aacute;n tường&nbsp;c&oacute; độ bền kh&ocirc;ng bằng nhưng&nbsp;giấy d&aacute;n tường h&agrave;n quốc&nbsp;lại gi&uacute;p bạn dễ d&agrave;ng tạo được một kh&ocirc;ng gian nhiều m&agrave;u sắc, h&igrave;nh khối như mong muốn, thi c&ocirc;ng nhanh ch&oacute;ng.</p>\r\n', '<p>&nbsp;So s&aacute;nh tuổi thọ của sơn th&igrave;&nbsp;giấy d&aacute;n tường&nbsp;c&oacute; độ bền kh&ocirc;ng bằng nhưng&nbsp;giấy d&aacute;n tường h&agrave;n quốc&nbsp;lại gi&uacute;p bạn dễ d&agrave;ng tạo được một kh&ocirc;ng gian nhiều m&agrave;u sắc, h&igrave;nh khối như mong muốn, thi c&ocirc;ng nhanh ch&oacute;ng.</p>\r\n', '', '', '', '', '', 0, 'giay-dan-tuong', 'Giấy Dán Tường', 'Giấy Dán Tường', ' So sánh tuổi thọ của sơn thì giấy dán tường có độ bền không bằng nhưng giấy dán tường hàn quốc lại giúp bạn dễ dàng tạo được một không gian nhiều màu sắc, hình khối như mong muốn, thi công nhanh chóng.'),
(263, 139, 'Điện tử', 'vn', '', '', '', '', '', '', '', 0, 'dien-tu', '', 'Điện tử', ''),
(264, 139, ' Tại sao chọn American Skills', 'en', '', '', '', '', '', '', '', 0, 'tai-sao-chon-american-skills', '', ' Tại sao chọn American Skills', ''),
(265, 140, 'Thực phẩm', 'vn', '', '', '', '', '', '', '', 0, 'thuc-pham', '', 'Thực phẩm', ''),
(266, 140, 'Kết quả học tập của bé', 'en', '', '', '', '', '', '', '', 0, 'ket-qua-hoc-tap-cua-be', '', 'Kết quả học tập của bé', ''),
(267, 141, 'Đồ gia dụng', 'vn', '', '', '', '', '', '', '', 0, 'do-gia-dung', '', 'Đồ gia dụng', ''),
(268, 141, 'english version Bán hàng', 'en', 'english version ', 'english version ', '', '', '', '', '', 0, 'en-ban-hang', '', 'Bán hàng', ''),
(269, 142, 'Chăm ga gối đệm', 'vn', '', '', '', '', '', '', '', 0, 'cham-ga-goi-dem', '', 'Chăm ga gối đệm', ''),
(270, 142, 'english version Bán hàng TMDT', 'en', 'english version ', 'english version ', '', '', '', '', '', 0, 'en-ban-hang-tmdt', '', 'Bán hàng TMDT', ''),
(273, 144, 'Trang trí', 'vn', '', '', '', '', '', '', '', 0, 'trang-tri', '', 'Trang trí', ''),
(274, 144, 'english version 1', 'en', 'english version ', 'english version ', '', '', '', '', '', 0, 'en-1', '', '1', ''),
(275, 145, 'Đồ cưới', 'vn', '', '', '', '', '', '', '', 0, 'do-cuoi', '', 'Đồ cưới', ''),
(276, 145, 'english version Đồ cưới', 'en', 'english version ', 'english version ', '', '', '', '', '', 0, 'en-do-cuoi', '', 'Đồ cưới', ''),
(277, 146, 'Quần áo', 'vn', '', '', '', '', '', '', '', 0, 'quan-ao', '', 'Quần áo', ''),
(278, 146, 'english version Quần áo', 'en', 'english version ', 'english version ', '', '', '', '', '', 0, 'en-quan-ao', '', 'Quần áo', ''),
(279, 147, 'Trang sức', 'vn', '', '', '', '', '', '', '', 0, 'trang-suc', '', 'Trang sức', ''),
(280, 147, 'english version Trang sức', 'en', 'english version ', 'english version ', '', '', '', '', '', 0, 'en-trang-suc', '', 'Trang sức', ''),
(281, 148, 'Giày dép', 'vn', '', '', '', '', '', '', '', 0, 'giay-dep', '', 'Giày dép', ''),
(282, 148, 'english version Giày dép', 'en', 'english version ', 'english version ', '', '', '', '', '', 0, 'en-giay-dep', '', 'Giày dép', ''),
(283, 149, 'Túi xách', 'vn', '', '', '', '', '', '', '', 0, 'tui-xach', '', 'Túi xách', ''),
(284, 149, 'english version Túi xách', 'en', 'english version ', 'english version ', '', '', '', '', '', 0, 'en-tui-xach', '', 'Túi xách', ''),
(285, 150, 'Mắt kính', 'vn', '', '', '', '', '', '', '', 0, 'mat-kinh', '', 'Mắt kính', ''),
(286, 150, 'english version Mắt kính', 'en', 'english version ', 'english version ', '', '', '', '', '', 0, 'en-mat-kinh', '', 'Mắt kính', ''),
(287, 151, 'Loa - Âm thanh', 'vn', '', '', '', '', '', '', '', 0, 'loa-am-thanh', '', 'Loa - Âm thanh', ''),
(288, 151, 'english version Loa - Âm thanh', 'en', 'english version ', 'english version ', '', '', '', '', '', 0, 'en-loa-am-thanh', '', 'Loa - Âm thanh', ''),
(289, 152, 'Thẻ nhớ - Phụ kiện', 'vn', '', '', '', '', '', '', '', 0, 'the-nho-phu-kien', '', 'Thẻ nhớ - Phụ kiện', ''),
(290, 152, 'english version Thẻ nhớ - Phụ kiện', 'en', 'english version ', 'english version ', '', '', '', '', '', 0, 'en-the-nho-phu-kien', '', 'Thẻ nhớ - Phụ kiện', ''),
(291, 153, 'Máy tính - Linh Kiện', 'vn', '', '', '', '', '', '', '', 0, 'may-tinh-linh-kien', '', 'Máy tính - Linh Kiện', ''),
(292, 153, 'english version Máy tính - Linh Kiện', 'en', 'english version ', 'english version ', '', '', '', '', '', 0, 'en-may-tinh-linh-kien', '', 'Máy tính - Linh Kiện', ''),
(293, 154, 'Tivi - Hình ảnh', 'vn', '', '', '', '', '', '', '', 0, 'tivi-hinh-anh', '', 'Tivi - Hình ảnh', ''),
(294, 154, 'english version Tivi - Hình ảnh', 'en', 'english version ', 'english version ', '', '', '', '', '', 0, 'en-tivi-hinh-anh', '', 'Tivi - Hình ảnh', ''),
(295, 155, 'Điện thoại', 'vn', '', '', '', '', '', '', '', 0, 'dien-thoai', '', 'Điện thoại', ''),
(296, 155, 'english version Điện thoại', 'en', 'english version ', 'english version ', '', '', '', '', '', 0, 'en-dien-thoai', '', 'Điện thoại', ''),
(297, 156, 'Hoa quả', 'vn', '', '', '', '', '', '', '', 0, 'hoa-qua', '', 'Hoa quả', ''),
(298, 156, 'english version Hoa quả', 'en', 'english version ', 'english version ', '', '', '', '', '', 0, 'en-hoa-qua', '', 'Hoa quả', ''),
(299, 157, 'Coffee', 'vn', '', '', '', '', '', '', '', 0, 'coffee', '', 'Coffee', ''),
(300, 157, 'english version Coffee', 'en', 'english version ', 'english version ', '', '', '', '', '', 0, 'en-coffee', '', 'Coffee', ''),
(301, 158, 'Bánh', 'vn', '', '', '', '', '', '', '', 0, 'banh', '', 'Bánh', ''),
(302, 158, 'english version Bánh', 'en', 'english version ', 'english version ', '', '', '', '', '', 0, 'en-banh', '', 'Bánh', ''),
(303, 159, 'Rượu - Bia', 'vn', '', '', '', '', '', '', '', 0, 'ruou-bia', '', 'Rượu - Bia', ''),
(304, 159, 'english version Rượu - Bia', 'en', 'english version ', 'english version ', '', '', '', '', '', 0, 'en-ruou-bia', '', 'Rượu - Bia', ''),
(305, 160, 'Khóa cửa - Két sắt', 'vn', '', '', '', '', '', '', '', 0, 'khoa-cua-ket-sat', '', 'Khóa cửa - Két sắt', ''),
(306, 160, 'english version Khóa cửa - Két sắt', 'en', 'english version ', 'english version ', '', '', '', '', '', 0, 'en-khoa-cua-ket-sat', '', 'Khóa cửa - Két sắt', ''),
(307, 161, 'Hoa', 'vn', '', '', '', '', '', '', '', 0, 'hoa', '', 'Hoa', ''),
(308, 161, 'english version Hoa', 'en', 'english version ', 'english version ', '', '', '', '', '', 0, 'en-hoa', '', 'Hoa', ''),
(309, 162, 'Cây cảnh', 'vn', '', '', '', '', '', '', '', 0, 'cay-canh', '', 'Cây cảnh', ''),
(310, 162, 'english version Cây cảnh', 'en', 'english version ', 'english version ', '', '', '', '', '', 0, 'en-cay-canh', '', 'Cây cảnh', ''),
(311, 163, 'Phương tiện', 'vn', '', '', '', '', '', '', '', 0, 'phuong-tien', '', 'Phương tiện', ''),
(312, 163, 'english version Phương tiện', 'en', 'english version ', 'english version ', '', '', '', '', '', 0, 'en-phuong-tien', '', 'Phương tiện', ''),
(313, 164, 'Xe hơi', 'vn', '', '', '', '', '', '', '', 0, 'xe-hoi', '', 'Xe hơi', ''),
(314, 164, 'english version Xe hơi', 'en', 'english version ', 'english version ', '', '', '', '', '', 0, 'en-xe-hoi', '', 'Xe hơi', ''),
(315, 165, 'Quà tặng', 'vn', '', '', '', '', '', '', '', 0, 'qua-tang', '', 'Quà tặng', ''),
(316, 165, 'english version Quà tặng', 'en', 'english version ', 'english version ', '', '', '', '', '', 0, 'en-qua-tang', '', 'Quà tặng', ''),
(317, 166, 'Đồ chơi', 'vn', '', '', '', '', '', '', '', 0, 'do-choi', '', 'Đồ chơi', ''),
(318, 166, 'english version Đồ chơi', 'en', 'english version ', 'english version ', '', '', '', '', '', 0, 'en-do-choi', '', 'Đồ chơi', ''),
(319, 167, 'Thú cưng', 'vn', '', '', '', '', '', '', '', 0, 'thu-cung', '', 'Thú cưng', ''),
(320, 167, 'english version Thú cưng', 'en', 'english version ', 'english version ', '', '', '', '', '', 0, 'en-thu-cung', '', 'Thú cưng', ''),
(321, 168, 'Gấu bông', 'vn', '', '', '', '', '', '', '', 0, 'gau-bong', '', 'Gấu bông', ''),
(322, 168, 'english version Gấu bông', 'en', 'english version ', 'english version ', '', '', '', '', '', 0, 'en-gau-bong', '', 'Gấu bông', ''),
(323, 169, 'Lĩnh vực khác', 'vn', '', '', '', '', '', '', '', 0, 'linh-vuc-khac', '', 'Lĩnh vực khác', ''),
(324, 169, 'english version Lĩnh vực khác', 'en', 'english version ', 'english version ', '', '', '', '', '', 0, 'en-linh-vuc-khac', '', 'Lĩnh vực khác', ''),
(325, 170, 'Du lịch', 'vn', '', '', '', '', '', '', '', 0, 'du-lich', '', 'Du lịch', ''),
(326, 170, 'english version Du lịch', 'en', 'english version ', 'english version ', '', '', '', '', '', 0, 'en-du-lich', '', 'Du lịch', ''),
(327, 171, 'Nhà hàng', 'vn', '', '', '', '', '', '', '', 0, 'nha-hang', '', 'Nhà hàng', ''),
(328, 171, 'english version Nhà hàng', 'en', 'english version ', 'english version ', '', '', '', '', '', 0, 'en-nha-hang', '', 'Nhà hàng', ''),
(329, 172, 'Bàn ghế - Nội thất', 'vn', '', '', '', '', '', '', '', 0, 'ban-ghe-noi-that', '', 'Bàn ghế - Nội thất', ''),
(330, 172, 'english version Bàn ghế - Nội thất', 'en', 'english version ', 'english version ', '', '', '', '', '', 0, 'en-ban-ghe-noi-that', '', 'Bàn ghế - Nội thất', ''),
(331, 173, 'Dụng cụ thể thao', 'vn', '', '', '', '', '', '', '', 0, 'dung-cu-the-thao', '', 'Dụng cụ thể thao', ''),
(332, 173, 'english version Dụng cụ thể thao', 'en', 'english version ', 'english version ', '', '', '', '', '', 0, 'en-dung-cu-the-thao', '', 'Dụng cụ thể thao', ''),
(333, 174, 'Y tế', 'vn', '', '', '', '', '', '', '', 0, 'y-te', '', 'Y tế', ''),
(334, 174, 'english version Y tế', 'en', 'english version ', 'english version ', '', '', '', '', '', 0, 'en-y-te', '', 'Y tế', ''),
(335, 175, 'Làm đẹp', 'vn', '', '', '', '', '', '', '', 0, 'lam-dep', '', 'Làm đẹp', ''),
(336, 175, 'english version Làm đẹp', 'en', 'english version ', 'english version ', '', '', '', '', '', 0, 'en-lam-dep', '', 'Làm đẹp', ''),
(337, 176, 'Spa', 'vn', '', '', '', '', '', '', '', 0, 'spa', '', 'Spa', ''),
(338, 176, 'english version Spa', 'en', 'english version ', 'english version ', '', '', '', '', '', 0, 'en-spa', '', 'Spa', ''),
(339, 177, 'Thẩm mỹ viện', 'vn', '', '', '', '', '', '', '', 0, 'tham-my-vien', '', 'Thẩm mỹ viện', ''),
(340, 177, 'english version Thẩm mỹ viện', 'en', 'english version ', 'english version ', '', '', '', '', '', 0, 'en-tham-my-vien', '', 'Thẩm mỹ viện', ''),
(341, 178, 'Mỹ phẩm', 'vn', '', '', '', '', '', '', '', 0, 'my-pham', '', 'Mỹ phẩm', ''),
(342, 178, 'english version Mỹ phẩm', 'en', 'english version ', 'english version ', '', '', '', '', '', 0, 'en-my-pham', '', 'Mỹ phẩm', ''),
(343, 179, 'Thương mại điện tử', 'vn', '', '', '', '', '', '', '', 0, 'thuong-mai-dien-tu', '', 'Thương mại điện tử', ''),
(344, 179, 'english version Thương mại điện tử', 'en', 'english version ', 'english version ', '', '', '', '', '', 0, 'en-thuong-mai-dien-tu', '', 'Thương mại điện tử', ''),
(345, 180, 'Máy tính linh kiện', 'vn', '', '', '', '', '', '', '', 0, 'may-tinh-linh-kien-1', '', 'Máy tính linh kiện', ''),
(346, 180, 'english version Máy tính linh kiện', 'en', 'english version ', 'english version ', '', '', '', '', '', 0, 'en-may-tinh-linh-kien-1', '', 'Máy tính linh kiện', ''),
(347, 181, 'Tin tức', 'vn', '', '', '', '', '', '', '', 0, 'tin-tuc', '', 'Tin tức', ''),
(348, 181, 'english version Tin tức', 'en', 'english version ', 'english version ', '', '', '', '', '', 0, 'en-tin-tuc', '', 'Tin tức', ''),
(349, 182, 'Bất động sản', 'vn', '', '', '', '', '', '', '', 0, 'bat-dong-san', '', 'Bất động sản', ''),
(350, 182, 'english version Bất động sản', 'en', 'english version ', 'english version ', '', '', '', '', '', 0, 'en-bat-dong-san', '', 'Bất động sản', ''),
(351, 183, 'Công ty', 'vn', '', '', '', '', '', '', '', 0, 'cong-ty', '', 'Công ty', ''),
(352, 183, 'english version Công ty', 'en', 'english version ', 'english version ', '', '', '', '', '', 0, 'en-cong-ty', '', 'Công ty', ''),
(353, 184, 'Kiến trúc', 'vn', '', '', '', '', '', '', '', 0, 'kien-truc', '', 'Kiến trúc', ''),
(354, 184, 'english version Kiến trúc', 'en', 'english version ', 'english version ', '', '', '', '', '', 0, 'en-kien-truc', '', 'Kiến trúc', ''),
(355, 185, 'Lập trình', 'vn', '', '', '', '', '', '', '', 0, 'lap-trinh', '', 'Lập trình', ''),
(356, 185, 'english version Lập trình', 'en', 'english version ', 'english version ', '', '', '', '', '', 0, 'en-lap-trinh', '', 'Lập trình', ''),
(357, 186, 'Phòng khám', 'vn', '', '', '', '', '', '', '', 0, 'phong-kham', '', 'Phòng khám', ''),
(358, 186, 'english version Phòng khám', 'en', 'english version ', 'english version ', '', '', '', '', '', 0, 'en-phong-kham', '', 'Phòng khám', ''),
(359, 187, 'Email doanh nghiệp', 'vn', '', '', '', '', '', '', '', 0, 'email-doanh-nghiep', '', 'Email doanh nghiệp', ''),
(360, 187, 'english version Email doanh nghiệp', 'en', 'english version ', 'english version ', '', '', '', '', '', 0, 'en-email-doanh-nghiep', '', 'Email doanh nghiệp', ''),
(361, 188, 'FB adw', 'vn', '', '', '', '', '', '', '', 0, 'fb-adw', '', 'FB adw', ''),
(362, 188, 'english version FB adw', 'en', 'english version ', 'english version ', '', '', '', '', '', 0, 'en-fb-adw', '', 'FB adw', ''),
(363, 189, 'Google adw', 'vn', '', '', '', '', '', '', '', 0, 'google-adw', '', 'Google adw', ''),
(364, 189, 'english version Google adw', 'en', 'english version ', 'english version ', '', '', '', '', '', 0, 'en-google-adw', '', 'Google adw', ''),
(365, 190, 'Cá nhân', 'vn', '', '', '', '', '', '', '', 0, 'ca-nhan', '', 'Cá nhân', ''),
(366, 190, 'english version Cá nhân', 'en', 'english version ', 'english version ', '', '', '', '', '', 0, 'en-ca-nhan', '', 'Cá nhân', ''),
(367, 191, 'Giáo viên', 'vn', '', '', '', '', '', '', '', 0, 'giao-vien', '', 'Giáo viên', ''),
(368, 191, 'english version Giáo viên', 'en', 'english version ', 'english version ', '', '', '', '', '', 0, 'en-giao-vien', '', 'Giáo viên', ''),
(369, 192, 'Gia sư', 'vn', '', '', '', '', '', '', '', 0, 'gia-su', '', 'Gia sư', ''),
(370, 192, 'english version Gia sư', 'en', 'english version ', 'english version ', '', '', '', '', '', 0, 'en-gia-su', '', 'Gia sư', ''),
(371, 193, 'Luật sư', 'vn', '', '', '', '', '', '', '', 0, 'luat-su', '', 'Luật sư', ''),
(372, 193, 'english version Luật sư', 'en', 'english version ', 'english version ', '', '', '', '', '', 0, 'en-luat-su', '', 'Luật sư', ''),
(373, 194, 'Thực phẩm chức năng', 'vn', '', '', '', '', '', '', '', 0, 'thuc-pham-chuc-nang', '', 'Thực phẩm chức năng', ''),
(374, 194, 'english version Thực phẩm chức năng', 'en', 'english version ', 'english version ', '', '', '', '', '', 0, 'en-thuc-pham-chuc-nang', '', 'Thực phẩm chức năng', ''),
(375, 195, 'Thiết bị điện', 'vn', '', '', '', '', '', '', '', 0, 'thiet-bi-dien', '', 'Thiết bị điện', ''),
(376, 195, 'english version Thiết bị điện', 'en', 'english version ', 'english version ', '', '', '', '', '', 0, 'en-thiet-bi-dien', '', 'Thiết bị điện', ''),
(377, 196, 'Nước hoa', 'vn', '', '', '', '', '', '', '', 0, 'nuoc-hoa', '', 'Nước hoa', ''),
(378, 196, 'english version Nước hoa', 'en', 'english version ', 'english version ', '', '', '', '', '', 0, 'en-nuoc-hoa', '', 'Nước hoa', ''),
(379, 197, 'Giáo dục', 'vn', '', '', '', '', '', '', '', 0, 'giao-duc', '', 'Giáo dục', ''),
(380, 197, 'english version Giáo dục', 'en', 'english version ', 'english version ', '', '', '', '', '', 0, 'en-giao-duc', '', 'Giáo dục', ''),
(381, 198, 'Tiền ảo', 'vn', '', '', '', '', '', '', '', 0, 'tien-ao', '', 'Tiền ảo', ''),
(382, 198, 'english version Tiền ảo', 'en', 'english version ', 'english version ', '', '', '', '', '', 0, 'en-tien-ao', '', 'Tiền ảo', ''),
(383, 199, 'Mẹ và bé', 'vn', '', '', '', '', '', '', '', 0, 'me-va-be', '', 'Mẹ và bé', ''),
(384, 199, 'english version Mẹ và bé', 'en', 'english version ', 'english version ', '', '', '', '', '', 0, 'en-me-va-be', '', 'Mẹ và bé', ''),
(385, 200, 'Thú cưng', 'vn', '', '', '', '', '', '', '', 0, 'thu-cung-1', '', 'Thú cưng', ''),
(386, 200, 'english version Thú cưng', 'en', 'english version ', 'english version ', '', '', '', '', '', 0, 'en-thu-cung-1', '', 'Thú cưng', ''),
(387, 201, 'Thiết bị công nghiệp', 'vn', '', '', '', '', '', '', '', 0, 'thiet-bi-cong-nghiep', '', 'Thiết bị công nghiệp', ''),
(388, 201, 'english version Thiết bị công nghiệp', 'en', 'english version ', 'english version ', '', '', '', '', '', 0, 'en-thiet-bi-cong-nghiep', '', 'Thiết bị công nghiệp', ''),
(389, 202, 'Đồ uống', 'vn', '', '', '', '', '', '', '', 0, 'do-uong', '', 'Đồ uống', ''),
(390, 202, 'english version Đồ uống', 'en', 'english version ', 'english version ', '', '', '', '', '', 0, 'en-do-uong', '', 'Đồ uống', '');

-- --------------------------------------------------------

--
-- Table structure for table `loai_web`
--

CREATE TABLE `loai_web` (
  `id` int(11) NOT NULL,
  `name` text CHARACTER SET utf8 COLLATE utf8_unicode_ci,
  `image` text CHARACTER SET utf8 COLLATE utf8_unicode_ci,
  `des` text CHARACTER SET utf8 COLLATE utf8_unicode_ci,
  `content` text CHARACTER SET utf8 COLLATE utf8_unicode_ci,
  `title` text CHARACTER SET utf8 COLLATE utf8_unicode_ci,
  `meta_des` text CHARACTER SET utf8 COLLATE utf8_unicode_ci,
  `meta_key` text CHARACTER SET utf8 COLLATE utf8_unicode_ci,
  `url` text CHARACTER SET utf8 COLLATE utf8_unicode_ci
) ENGINE=InnoDB DEFAULT CHARSET=latin1;

--
-- Dumping data for table `loai_web`
--

INSERT INTO `loai_web` (`id`, `name`, `image`, `des`, `content`, `title`, `meta_des`, `meta_key`, `url`) VALUES
(1, 'Website', '', '', '', 'Website', '', '', 'website'),
(2, 'LanddingPage', '', '', '', 'LanddingPage', '', '', 'landdingpage'),
(3, 'LanddingPage và Website', '', '', '', 'LanddingPage và Website', '', '', 'landdingpage-va-website');

-- --------------------------------------------------------

--
-- Table structure for table `menu`
--

CREATE TABLE `menu` (
  `menu_id` int(11) NOT NULL,
  `menu_name` text COLLATE utf8_unicode_ci,
  `menu_sort_order` int(11) DEFAULT '0',
  `menu_type_id` int(11) DEFAULT NULL,
  `menu_url` text COLLATE utf8_unicode_ci,
  `productcat_id` int(11) DEFAULT NULL,
  `newscat_id` int(11) DEFAULT NULL,
  `product_id` int(11) DEFAULT NULL,
  `page_id` int(11) DEFAULT NULL,
  `news_id` int(11) DEFAULT NULL,
  `state` int(11) DEFAULT NULL,
  `menu_parent` int(11) NOT NULL DEFAULT '0',
  `servicecat_id` int(11) DEFAULT NULL,
  `service_id` int(11) DEFAULT NULL,
  `state_menuHeader` int(11) DEFAULT NULL
) ENGINE=InnoDB DEFAULT CHARSET=utf8 COLLATE=utf8_unicode_ci;

--
-- Dumping data for table `menu`
--

INSERT INTO `menu` (`menu_id`, `menu_name`, `menu_sort_order`, `menu_type_id`, `menu_url`, `productcat_id`, `newscat_id`, `product_id`, `page_id`, `news_id`, `state`, `menu_parent`, `servicecat_id`, `service_id`, `state_menuHeader`) VALUES
(114, 'Trang chủ', 0, 1, '', 0, 0, 0, 0, 0, 1, 0, 0, 0, NULL),
(194, 'Dịch vụ', 2, 12, '', 0, 0, 0, 0, 0, 1, 0, 4, 0, NULL),
(205, 'Giới thiệu', 1, 13, '', 0, 0, 0, 35, 0, 1, 0, 0, 0, NULL),
(207, 'Blog Digital Marketing', 6, 6, '', 0, 0, 0, 0, 0, 1, 0, 0, 0, NULL),
(208, 'Liên hệ', 7, 9, '', 0, 0, 0, 0, 0, 1, 0, 0, 0, NULL),
(224, 'Khách hàng', 5, 8, 'khach-hang', 0, 0, 0, 0, 0, 1, 0, 0, 0, NULL),
(225, 'Dịch vụ Thiết kế Website', 4, 11, '', 0, 0, 0, 0, 0, 1, 194, 0, 65, NULL),
(227, 'Dịch vụ Viết bài chuẩn SEO', 6, 11, '', 0, 0, 0, 0, 0, 1, 194, 0, 67, NULL),
(229, 'Dịch vụ Quản trị Fanpage', 8, 11, '', 0, 0, 0, 0, 0, 1, 194, 0, 69, NULL),
(230, 'Content Marketing', 1, 5, '', 0, 70, 0, 0, 0, 1, 207, 0, 0, NULL),
(231, 'Quản trị hệ thống', 2, 5, '', 0, 71, 0, 0, 0, 1, 207, 0, 0, NULL),
(232, 'Facebook Marketing', 3, 5, '', 0, 72, 0, 0, 0, 1, 207, 0, 0, NULL),
(233, 'Website Design', 4, 5, '', 0, 73, 0, 0, 0, 1, 207, 0, 0, NULL),
(234, 'TIêu điểm SEO', 5, 5, '', 0, 74, 0, 0, 0, 1, 207, 0, 0, NULL),
(235, 'MMO', 6, 5, '', 0, 75, 0, 0, 0, 1, 207, 0, 0, NULL),
(236, 'Tuyển dụng', 6, 8, '', 0, 0, 0, 0, 0, 1, 0, 0, 0, NULL);

-- --------------------------------------------------------

--
-- Table structure for table `menu_languages`
--

CREATE TABLE `menu_languages` (
  `id` bigint(20) NOT NULL,
  `languages_code` varchar(255) COLLATE utf8_unicode_ci NOT NULL,
  `lang_menu_name` text COLLATE utf8_unicode_ci,
  `edit_state` int(11) NOT NULL DEFAULT '0',
  `urlFriendly_menu` varchar(255) COLLATE utf8_unicode_ci DEFAULT NULL,
  `menu_id` int(11) DEFAULT NULL
) ENGINE=InnoDB DEFAULT CHARSET=utf8 COLLATE=utf8_unicode_ci;

--
-- Dumping data for table `menu_languages`
--

INSERT INTO `menu_languages` (`id`, `languages_code`, `lang_menu_name`, `edit_state`, `urlFriendly_menu`, `menu_id`) VALUES
(205, 'vn', 'Trang chủ', 1, '', 114),
(206, 'en', 'Home', 1, '', 114),
(365, 'vn', 'Dịch vụ', 1, '', 194),
(366, 'en', 'Product', 1, '', 194),
(387, 'vn', 'Giới thiệu', 1, '', 205),
(388, 'en', 'Introduce', 1, '', 205),
(391, 'vn', 'Blog Digital Marketing', 1, '', 207),
(392, 'en', 'News', 1, '', 207),
(393, 'vn', 'Liên hệ', 1, '', 208),
(394, 'en', 'Contact', 1, '', 208),
(425, 'vn', 'Khách hàng', 0, 'khach-hang', 224),
(426, 'en', 'Báo giá dịch vụ', 0, '', 224),
(427, 'vn', 'Dịch vụ Thiết kế Website', 0, '', 225),
(428, 'en', 'Dịch vụ Thiết kế Website', 0, '', 225),
(431, 'vn', 'Dịch vụ Viết bài chuẩn SEO', 0, '', 227),
(432, 'en', 'Dịch vụ Viết bài chuẩn SEO', 0, '', 227),
(435, 'vn', 'Dịch vụ Quản trị Fanpage', 0, '', 229),
(436, 'en', 'Dịch vụ Quản trị Fanpage', 0, '', 229),
(437, 'vn', 'Content Marketing', 0, '', 230),
(438, 'en', 'Content Marketing', 0, '', 230),
(439, 'vn', 'Quản trị hệ thống', 0, '', 231),
(440, 'en', 'Quản trị hệ thống', 0, '', 231),
(441, 'vn', 'Facebook Marketing', 0, '', 232),
(442, 'en', 'Facebook Marketing', 0, '', 232),
(443, 'vn', 'Website Design', 0, '', 233),
(444, 'en', 'Website Design', 0, '', 233),
(445, 'vn', 'TIêu điểm SEO', 0, '', 234),
(446, 'en', 'TIêu điểm SEO', 0, '', 234),
(447, 'vn', 'MMO', 0, '', 235),
(448, 'en', 'MMO', 0, '', 235),
(449, 'vn', 'Tuyển dụng', 0, '', 236),
(450, 'en', 'Tuyển dụng', 0, '', 236);

-- --------------------------------------------------------

--
-- Table structure for table `menu_type`
--

CREATE TABLE `menu_type` (
  `menu_type_id` int(11) NOT NULL,
  `menu_type_name` varchar(255) COLLATE utf8_unicode_ci DEFAULT NULL,
  `first_url` varchar(255) COLLATE utf8_unicode_ci DEFAULT NULL
) ENGINE=InnoDB DEFAULT CHARSET=utf8 COLLATE=utf8_unicode_ci;

--
-- Dumping data for table `menu_type`
--

INSERT INTO `menu_type` (`menu_type_id`, `menu_type_name`, `first_url`) VALUES
(1, 'Trang chủ', ''),
(2, 'Tất cả sản phẩm', 'san-pham'),
(3, 'Danh mục sản phẩm', NULL),
(4, 'Sản phẩm cụ thể', NULL),
(5, 'Danh mục tin tức', NULL),
(6, 'Tất cả bài tin tức', ''),
(7, 'Bài viết tin tức', NULL),
(8, 'Địa chỉ web', NULL),
(9, 'Liên hệ', NULL),
(10, 'Tất cả dịch vụ', NULL),
(11, 'Bài viết dịch vụ', NULL),
(12, 'Danh mục dịch vụ', NULL),
(13, 'Page', NULL),
(14, 'Đăng ký', NULL),
(15, 'Đăng nhập', NULL);

-- --------------------------------------------------------

--
-- Table structure for table `menu_type_languages`
--

CREATE TABLE `menu_type_languages` (
  `id` int(11) NOT NULL,
  `languages_code` varchar(255) COLLATE utf8_unicode_ci DEFAULT NULL,
  `menu_type_id` int(11) DEFAULT NULL,
  `menu_type_name` varchar(255) COLLATE utf8_unicode_ci DEFAULT NULL,
  `friendly_url` varchar(255) COLLATE utf8_unicode_ci DEFAULT NULL
) ENGINE=InnoDB DEFAULT CHARSET=utf8 COLLATE=utf8_unicode_ci;

--
-- Dumping data for table `menu_type_languages`
--

INSERT INTO `menu_type_languages` (`id`, `languages_code`, `menu_type_id`, `menu_type_name`, `friendly_url`) VALUES
(1, 'vn', 1, 'Trang chủ', ''),
(2, 'en', 1, 'Home', ''),
(3, 'vn', 2, 'Tất cả sản phẩm', 'san-pham'),
(4, 'en', 2, 'All products', 'products'),
(5, 'vn', 3, 'Danh mục sản phẩm', ''),
(6, 'en', 3, 'Catalog product', ''),
(7, 'vn', 4, 'Sản phẩm cụ thể', ''),
(8, 'en', 4, 'Product detail', ''),
(9, 'vn', 5, 'Danh mục tin tức', ''),
(10, 'en', 5, 'Catalog news', ''),
(11, 'vn', 6, 'Tất cả bài tin tức', 'tin-tuc'),
(12, 'en', 6, 'All News', 'news'),
(13, 'vn', 7, 'Bài viết tin tức', ''),
(14, 'en', 7, 'News detail', ''),
(15, 'vn', 8, 'Địa chỉ website', ''),
(16, 'en', 8, 'Website Address', ''),
(17, 'vn', 9, 'Liên hệ', 'lien-he'),
(18, 'en', 9, 'Contact', 'contact'),
(19, 'vn', 10, 'Tất cả dịch vụ', 'dich-vu'),
(20, 'en', 10, 'All Services', 'services'),
(21, 'vn', 11, 'Bài viết dịch vụ', ''),
(22, 'en', 11, 'Service detail', ''),
(23, 'vn', 12, 'Danh mục dịch vụ', ''),
(24, 'en', 12, 'Catalog service', ''),
(25, 'vn', 13, 'Trang nội dung', ''),
(26, 'en', 13, 'Page', ''),
(27, 'vn', 14, 'Đăng ký', 'dang-ky'),
(28, 'en', 14, 'Sign in', 'sign-in'),
(29, 'vn', 15, 'Đăng nhập', 'dang-nhap'),
(30, 'en', 15, 'Log in', 'log-in');

-- --------------------------------------------------------

--
-- Table structure for table `news`
--

CREATE TABLE `news` (
  `news_id` int(11) NOT NULL,
  `news_name` text COLLATE utf8_unicode_ci,
  `news_des` text COLLATE utf8_unicode_ci,
  `news_content` longtext COLLATE utf8_unicode_ci,
  `news_img` text COLLATE utf8_unicode_ci,
  `news_views` int(11) DEFAULT NULL,
  `newscat_id` int(11) DEFAULT NULL,
  `news_author` text COLLATE utf8_unicode_ci,
  `news_created_date` datetime DEFAULT NULL,
  `news_update_date` datetime DEFAULT NULL,
  `state` int(11) NOT NULL DEFAULT '0',
  `news_sub_info1` longtext COLLATE utf8_unicode_ci,
  `news_sub_info2` longtext COLLATE utf8_unicode_ci,
  `news_sub_info3` longtext COLLATE utf8_unicode_ci,
  `news_sub_info4` longtext COLLATE utf8_unicode_ci,
  `news_sub_info5` longtext COLLATE utf8_unicode_ci,
  `title_seo` text COLLATE utf8_unicode_ci,
  `des_seo` text COLLATE utf8_unicode_ci,
  `friendly_url` text COLLATE utf8_unicode_ci,
  `keyword` text COLLATE utf8_unicode_ci,
  `created_id` int(11) DEFAULT NULL,
  `newstag_arr` varchar(10000) COLLATE utf8_unicode_ci NOT NULL
) ENGINE=InnoDB DEFAULT CHARSET=utf8 COLLATE=utf8_unicode_ci;

--
-- Dumping data for table `news`
--

INSERT INTO `news` (`news_id`, `news_name`, `news_des`, `news_content`, `news_img`, `news_views`, `newscat_id`, `news_author`, `news_created_date`, `news_update_date`, `state`, `news_sub_info1`, `news_sub_info2`, `news_sub_info3`, `news_sub_info4`, `news_sub_info5`, `title_seo`, `des_seo`, `friendly_url`, `keyword`, `created_id`, `newstag_arr`) VALUES
(2, 'Top 5 công cụ kiểm tra bài viết chuẩn seo', 'Công cụ kiểm tra bài viết chuẩn seo là công cụ cho người làm content, đặc biệt là các SEO-er hay Copywriter đặc biệt cần biết tới. Tìm hiểu về công cụ kiểm tra bài viết chuẩn seo sẽ giúp người làm content dễ dàng xử lý công việc.', '<p dir=\"ltr\" style=\"text-align:justify\"><span style=\"color:#000000\"><span style=\"font-size:16px\"><span style=\"font-family:Times New Roman,Times,serif\"><strong>C&ocirc;ng cụ kiểm tra b&agrave;i viết chuẩn SEO</strong> sử dụng cho c&ocirc;ng việc l&agrave;m content l&agrave; c&ocirc;ng việc bạn kh&ocirc;ng ngừng phải s&aacute;ng tạo nội dung b&agrave;i viết, tr&aacute;nh bị tr&ugrave;ng lặp c&aacute;c nội dung. Chất lượng b&agrave;i viết sẽ ảnh hưởng tới khả năng SEO của to&agrave;n bộ trang web. </span></span></span></p>\r\n\r\n<p dir=\"ltr\" style=\"text-align:justify\"><span style=\"color:#000000\"><span style=\"font-size:16px\"><span style=\"font-family:Times New Roman,Times,serif\">Một trong những yếu tố đ&oacute; l&agrave; độ mới của b&agrave;i viết. Để biết b&agrave;i viết c&oacute; đạt độ mới hay kh&ocirc;ng, <strong>c&ocirc;ng cụ kiểm tra b&agrave;i viết chuẩn SEO</strong> l&agrave; giải ph&aacute;p tốt d&agrave;nh cho c&aacute;c SEO-er</span></span></span></p>\r\n\r\n<h2 dir=\"ltr\" style=\"text-align:justify\"><span style=\"color:#c0392b\"><span style=\"font-size:20px\"><strong><span style=\"font-family:Times New Roman,Times,serif\">Sự cần thiết của c&aacute;c c&ocirc;ng cụ&nbsp;kiểm tra b&agrave;i viết chuẩn SEO</span></strong></span></span></h2>\r\n\r\n<p dir=\"ltr\" style=\"text-align:justify\"><span style=\"color:#000000\"><span style=\"font-size:16px\"><span style=\"font-family:Times New Roman,Times,serif\">SEO l&agrave; tối ưu h&oacute;a c&ocirc;ng cụ t&igrave;m kiếm, n&oacute; l&agrave; một chuỗi quy tr&igrave;nh tối ưu content/ website để người d&ugrave;ng c&oacute; thể t&igrave;m kiếm bạn dễ d&agrave;ng tr&ecirc;n c&ocirc;ng cụ t&igrave;m kiếm như google.</span></span></span></p>\r\n\r\n<p dir=\"ltr\" style=\"text-align:justify\"><span style=\"color:#000000\"><span style=\"font-size:16px\"><span style=\"font-family:Times New Roman,Times,serif\">Content ở đ&acirc;y l&agrave; nội dung, l&agrave; bất kỳ nội dung/th&ocirc;ng tin n&agrave;o ở tr&ecirc;n website m&agrave; người d&ugrave;ng c&oacute; thể sử dụng.</span></span></span></p>\r\n\r\n<p dir=\"ltr\" style=\"text-align:justify\"><span style=\"color:#000000\"><span style=\"font-size:16px\"><span style=\"font-family:Times New Roman,Times,serif\">V&igrave; vậy rất nhiều <strong>c&ocirc;ng cụ kiểm tra b&agrave;i viết chuẩn SEO</strong>&nbsp;được ra đời nhằm hỗ trợ kiểm tra ch&iacute;nh tả, kiểm tra độ tr&ugrave;ng lặp của nội dung b&agrave;i viết.</span></span></span></p>\r\n\r\n<p dir=\"ltr\" style=\"text-align:justify\"><span style=\"color:#000000\"><span style=\"font-size:16px\"><span style=\"font-family:Times New Roman,Times,serif\">Sử dụng <strong>c&ocirc;ng cụ kiểm tra b&agrave;i viết chuẩn SEO</strong>&nbsp;trong việc l&ecirc;n kế hoạch nội dung cho trang blog, Fanpage sẽ gi&uacute;p bạn c&oacute; sự đ&aacute;nh gi&aacute; tổng thể v&agrave; x&acirc;y dựng được chiến lược tốt hơn cho nội dung b&agrave;i viết.&nbsp;</span></span></span></p>\r\n\r\n<p dir=\"ltr\" style=\"text-align:center\"><img alt=\"Công cụ kiểm tra bài viết chuẩn SEO\" height=\"350\" src=\"/image/images/cac-cong-cu-kiem-tra-bai-viet-chuan-seo-uy-tin.jpg\" width=\"600\" /></p>\r\n\r\n<p dir=\"ltr\" style=\"text-align:center\"><span style=\"color:#000000\"><span style=\"font-size:16px\"><span style=\"font-family:Times New Roman,Times,serif\"><em>C&ocirc;ng cụ kiểm tra b&agrave;i viết chuẩn SEO</em></span></span></span></p>\r\n\r\n<p dir=\"ltr\" style=\"text-align:justify\"><span style=\"color:#16a085\"><span style=\"font-size:36px\"><span style=\"font-family:Times New Roman,Times,serif\"><strong>|</strong></span></span></span><span style=\"color:#000000\"><span style=\"font-size:16px\"><span style=\"font-family:Times New Roman,Times,serif\"><em> </em></span></span><span style=\"font-size:14px\"><span style=\"font-family:Times New Roman,Times,serif\"><em>&quot;T&igrave;m hiểu dịch vụ viết b&agrave;i chuẩn SEO l&agrave; g&igrave; v&agrave; những điều cần lưu &yacute; khi thu&ecirc; </em></span></span></span><span style=\"font-size:14px\"><span style=\"font-family:Times New Roman,Times,serif\"><em><a href=\"https://www.kinhdoanhinternet.com.vn/dich-vu-nhan-viet-bai-chuan-seo-thue\"><span style=\"color:#8e44ad\"><strong>dịch vụ viết b&agrave;i chuẩn SEO</strong></span></a></em></span><span style=\"color:#000000\"><span style=\"font-family:Times New Roman,Times,serif\"><em> nh&eacute;.&quot;</em></span></span></span></p>\r\n\r\n<p dir=\"ltr\" style=\"text-align:justify\"><span style=\"color:#000000\"><span style=\"font-size:16px\"><span style=\"font-family:Times New Roman,Times,serif\">Dựa tr&ecirc;n mức độ sử dụng cũng như kết quả kiểm tra về nội dung v&agrave; kĩ thuật, sẽ c&ugrave;ng t&igrave;m hiểu về top 5 <strong>c&ocirc;ng cụ kiểm tra b&agrave;i viết chuẩn SEO</strong> sau đ&acirc;y:</span></span></span></p>\r\n\r\n<h2 dir=\"ltr\" style=\"text-align:justify\"><span style=\"color:#c0392b\"><span style=\"font-size:20px\"><strong><span style=\"font-family:Times New Roman,Times,serif\">Top 5 c&ocirc;ng cụ kiểm tra b&agrave;i viết chuẩn SEO</span></strong></span></span></h2>\r\n\r\n<h3 dir=\"ltr\" style=\"text-align:justify\"><span style=\"font-size:18px\"><strong><span style=\"color:#000000\"><span style=\"font-family:Times New Roman,Times,serif\">Small SEO Tools</span></span></strong></span></h3>\r\n\r\n<p dir=\"ltr\" style=\"text-align:justify\"><span style=\"color:#000000\"><span style=\"font-size:16px\"><span style=\"font-family:Times New Roman,Times,serif\"><strong>C&ocirc;ng cụ kiểm tra b&agrave;i viết chuẩn SEO</strong>&nbsp;Small Seo Tools&nbsp;l&agrave; c&ocirc;ng cụ kiểm tra miễn ph&iacute; với giao diện đơn giản, kh&ocirc;ng g&acirc;y kh&oacute; khăn cho người d&ugrave;ng ngay cả với những người mới sử dụng lần đầu. </span></span></span></p>\r\n\r\n<p dir=\"ltr\" style=\"text-align:justify\"><span style=\"color:#000000\"><span style=\"font-size:16px\"><span style=\"font-family:Times New Roman,Times,serif\">Với thao t&aacute;c đơn giản, nhanh gọn l&agrave; copy một đoạn hoặc to&agrave;n bộ nội dung b&agrave;i viết v&agrave;o c&ocirc;ng cụ, hệ thống sẽ tự động kiểm tra đối chiếu, đối với những b&agrave;i viết bị tr&ugrave;ng lặp d&ograve;ng n&agrave;o, d&ograve;ng /đoạn văn đ&oacute; sẽ mau ch&oacute;ng hiển thị m&agrave;u đỏ v&agrave; th&ocirc;ng b&aacute;o &ldquo;Plagiarism&rdquo; (Nội dung copy) b&ecirc;n cạnh. </span></span></span></p>\r\n\r\n<p dir=\"ltr\" style=\"text-align:justify\"><span style=\"color:#000000\"><span style=\"font-size:16px\"><span style=\"font-family:Times New Roman,Times,serif\">Để tr&aacute;nh đoạn tr&ugrave;ng lặp th&igrave; người viết chỉ cần chỉnh sửa bổ sung lại những đoạn văn được b&ocirc;i đỏ. Xử l&yacute; sao cho đoạn văn đ&oacute; kh&ocirc;ng c&ograve;n bị b&ocirc;i đỏ, kh&ocirc;ng bị lỗi copy nữa. </span></span></span></p>\r\n\r\n<p dir=\"ltr\" style=\"text-align:justify\"><span style=\"color:#000000\"><span style=\"font-size:16px\"><span style=\"font-family:Times New Roman,Times,serif\">Ngo&agrave;i ra c&ocirc;ng cụ&nbsp;Small Seo Tools&nbsp;c&ograve;n c&oacute; th&ecirc;m c&aacute;c chức năng kh&aacute;c để kiểm tra chuẩn SEO hay xem x&eacute;t c&aacute;c th&ocirc;ng số b&ecirc;n trong website của bạn.</span></span></span></p>\r\n\r\n<p dir=\"ltr\" style=\"text-align:center\"><span style=\"color:#000000\"><span style=\"font-size:16px\"><span style=\"font-family:Times New Roman,Times,serif\"><img alt=\"công cụ kiểm tra bài viết chuẩn SEO\" height=\"350\" src=\"/image/images/cong-cu-kiem-tra-bai-viet-chuan-seo.jpg\" width=\"600\" /></span></span></span></p>\r\n\r\n<p dir=\"ltr\" style=\"text-align:center\"><em><span style=\"color:#000000\"><span style=\"font-size:16px\"><span style=\"font-family:Times New Roman,Times,serif\">C&ocirc;ng cụ kiểm tra b&agrave;i viết chuẩn seo dễ d&ugrave;ng</span></span></span></em></p>\r\n\r\n<h3 dir=\"ltr\" style=\"text-align:justify\"><span style=\"font-size:20px\"><strong><span style=\"color:#000000\"><span style=\"font-family:Times New Roman,Times,serif\">Duplichecker</span></span></strong></span></h3>\r\n\r\n<p dir=\"ltr\" style=\"text-align:justify\"><span style=\"color:#000000\"><span style=\"font-size:16px\"><span style=\"font-family:Times New Roman,Times,serif\">C&ocirc;ng cụ&nbsp;Duplichecker khi sử dụng bạn chỉ cần copy đoạn văn v&agrave; paste l&ecirc;n khung văn bản, nhưng tối đa chỉ giới hạn 1000 từ. C&ocirc;ng cụ n&agrave;y cũng bổ sung th&ecirc;m t&iacute;nh năng kiểm tra lỗi ch&iacute;nh tả của b&agrave;i viết. </span></span></span></p>\r\n\r\n<p dir=\"ltr\" style=\"text-align:justify\"><span style=\"color:#000000\"><span style=\"font-size:16px\"><span style=\"font-family:Times New Roman,Times,serif\">Đ&acirc;y cũng l&agrave; một trong những <strong>c&ocirc;ng cụ kiểm tra b&agrave;i viết chuẩn SEO</strong> c&oacute; giao diện tương đối dễ sử dụng, tốc độ trả kết quả nhanh v&agrave; ch&iacute;nh x&aacute;c. </span></span></span></p>\r\n\r\n<p dir=\"ltr\" style=\"text-align:justify\"><span style=\"color:#000000\"><span style=\"font-size:16px\"><span style=\"font-family:Times New Roman,Times,serif\">Tuy nhi&ecirc;n để sử dụng nhiều lần hơn v&agrave; kh&ocirc;ng hiển thị lỗi hiển thị lỗi tr&ugrave;ng chi tiết th&igrave; đ&ograve;i hỏi bạn phải tham gia đăng k&yacute; t&agrave;i khoản v&agrave; đăng nhập khi sử dụng.&nbsp;</span></span></span></p>\r\n\r\n<p dir=\"ltr\" style=\"text-align:center\"><img alt=\"công cụ kiểm tra bài viết chuẩn SEO\" height=\"350\" src=\"/image/images/cong-cu-kiem-tra-bai-viet-chuan-seo-chat-luong.jpg\" width=\"600\" /></p>\r\n\r\n<p dir=\"ltr\" style=\"text-align:center\"><em><span style=\"color:#000000\"><span style=\"font-size:16px\"><span style=\"font-family:Times New Roman,Times,serif\">Duplichecker -&nbsp;C&ocirc;ng cụ kiểm tra b&agrave;i viết chuẩn seo</span></span></span></em></p>\r\n\r\n<h3 dir=\"ltr\" style=\"text-align:justify\"><span style=\"font-size:18px\"><strong><span style=\"color:#000000\"><span style=\"font-family:Times New Roman,Times,serif\">Article Checker</span></span></strong></span></h3>\r\n\r\n<p dir=\"ltr\" style=\"text-align:justify\"><span style=\"color:#000000\"><span style=\"font-size:16px\"><span style=\"font-family:Times New Roman,Times,serif\">Với<strong> c&ocirc;ng cụ kiểm tra b&agrave;i viết chuẩn seo</strong> n&agrave;y th&igrave; cho ph&eacute;p&nbsp;kiểm tra giữa c&aacute;c b&agrave;i viết, giữa c&aacute;c website. Một điểm kh&aacute; kh&aacute;c biệt với c&aacute;c c&ocirc;ng cụ tr&ecirc;n l&agrave; c&ocirc;ng cụ n&agrave;y cho ph&eacute;p bạn chọn kiểm tra b&agrave;i viết dựa tr&ecirc;n kết quả t&igrave;m kiếm tr&ecirc;n Google. </span></span></span></p>\r\n\r\n<p dir=\"ltr\" style=\"text-align:justify\"><span style=\"color:#000000\"><span style=\"font-size:16px\"><span style=\"font-family:Times New Roman,Times,serif\">Dĩ nhi&ecirc;n với c&aacute;c hiển thị kết quả t&igrave;m kiếm tr&ecirc;n Google, c&ocirc;ng cụ t&igrave;m kiếm phổ biến v&agrave; lớn nhất hiện nay sẽ l&agrave; kết quả cực kỳ chi tiết cho những nội dung cần kiểm tra.</span></span></span></p>\r\n\r\n<p dir=\"ltr\" style=\"text-align:center\"><span style=\"color:#000000\"><span style=\"font-size:16px\"><span style=\"font-family:Times New Roman,Times,serif\"><img alt=\"công cụ kiểm tra bài viết chuẩn seo\" height=\"350\" src=\"/image/images/cac-cong-cu-kiem-tra-bai-viet-chuan-seo.jpg\" width=\"600\" /></span></span></span></p>\r\n\r\n<p dir=\"ltr\" style=\"text-align:center\"><span style=\"color:#000000\"><em><span style=\"font-size:16px\"><span style=\"font-family:Times New Roman,Times,serif\">C&ocirc;ng cụ kiểm tra b&agrave;i viết chuẩn seo</span></span></em></span></p>\r\n\r\n<h3 dir=\"ltr\" style=\"text-align:justify\"><span style=\"font-size:18px\"><strong><span style=\"color:#000000\"><span style=\"font-family:Times New Roman,Times,serif\">Copy Space</span></span></strong></span></h3>\r\n\r\n<p dir=\"ltr\" style=\"text-align:justify\"><span style=\"color:#000000\"><span style=\"font-size:16px\"><span style=\"font-family:Times New Roman,Times,serif\">So s&aacute;nh với c&aacute;c<strong> c&ocirc;ng cụ kiểm tra b&agrave;i viết chuẩn SEO</strong> ph&iacute;a tr&ecirc;n th&igrave; Copy Space&nbsp; kh&aacute; kh&aacute;c biệt. C&ocirc;ng cụ n&agrave;y sẽ thực hiện việc qu&eacute;t tr&ugrave;ng lặp th&ocirc;ng qua link b&agrave;i viết / link trang web. </span></span></span></p>\r\n\r\n<p dir=\"ltr\" style=\"text-align:justify\"><span style=\"color:#000000\"><span style=\"font-size:16px\"><span style=\"font-family:Times New Roman,Times,serif\">Việc n&agrave;y sẽ gi&uacute;p tiết kiệm thời gian hơn cho người viết v&igrave; bạn kh&ocirc;ng cần phải copy to&agrave;n bộ đoạn văn hay nội dung m&agrave; c&oacute; thể chỉ d&aacute;n link v&agrave;o. </span></span></span></p>\r\n\r\n<p dir=\"ltr\" style=\"text-align:justify\"><span style=\"color:#000000\"><span style=\"font-size:16px\"><span style=\"font-family:Times New Roman,Times,serif\">Sau đ&oacute; kết quả được trả về bao gồm c&aacute;c link b&agrave;i viết c&oacute; nội dung tương tự như nội dung của của người d&ugrave;ng. Với c&aacute;c nội dung độc quyền, người sử dụng ho&agrave;n to&agrave;n c&oacute; thể đăng k&yacute; độc quyền với nội dung đ&oacute; tr&ecirc;n Copy Space.&nbsp;</span></span></span></p>\r\n\r\n<p dir=\"ltr\" style=\"text-align:center\"><span style=\"color:#000000\"><span style=\"font-size:16px\"><span style=\"font-family:Times New Roman,Times,serif\"><img alt=\"công cụ kiểm tra bài viết chuẩn SEO\" height=\"374\" src=\"/image/images/cac-cong-cu-kiem-tra-bai-viet-chuan-seo-chat-luong.jpg\" width=\"600\" /></span></span></span></p>\r\n\r\n<p dir=\"ltr\" style=\"text-align:center\">&nbsp;</p>\r\n\r\n<p dir=\"ltr\" style=\"text-align:center\"><span style=\"color:#000000\"><em><span style=\"font-size:16px\"><span style=\"font-family:Times New Roman,Times,serif\">C&ocirc;ng cụ kiểm tra b&agrave;i viết chuẩn seo</span></span></em></span></p>\r\n\r\n<h3 dir=\"ltr\" style=\"text-align:justify\"><span style=\"font-size:18px\"><strong><span style=\"color:#000000\"><span style=\"font-family:Times New Roman,Times,serif\">Plagium</span></span></strong></span></h3>\r\n\r\n<p dir=\"ltr\" style=\"text-align:justify\"><span style=\"color:#000000\"><span style=\"font-size:16px\"><span style=\"font-family:Times New Roman,Times,serif\">Plagium l&agrave; <strong>c&ocirc;ng cụ kiểm tra b&agrave;i viết chuẩn SEO </strong>miễn ph&iacute;. C&ocirc;ng cụ n&agrave;y c&oacute; thể ph&aacute;t hiện qu&eacute;t c&aacute;c trang web giống nhau. Từ đ&oacute; sẽ lựa chọn được c&aacute;c văn bản tr&ugrave;ng theo thời gian v&agrave; địa chỉ website n&oacute; được xuất bản. </span></span></span></p>\r\n\r\n<p dir=\"ltr\" style=\"text-align:justify\"><span style=\"color:#000000\"><span style=\"font-size:16px\"><span style=\"font-family:Times New Roman,Times,serif\">Giao diện dễ sử dụng, tốc độ nhanh, kết quả hiển thị r&otilde; r&agrave;ng. Giới hạn 1000 từ&nbsp;mỗi lần check với c&ocirc;ng cụ n&agrave;y. Khối lượng người sử dụng tương đối lớn.</span></span></span></p>\r\n\r\n<p dir=\"ltr\" style=\"text-align:center\"><span style=\"color:#000000\"><span style=\"font-size:16px\"><span style=\"font-family:Times New Roman,Times,serif\"><img alt=\"Công cụ kiểm tra bài viết chuẩn SEO\" height=\"450\" src=\"/image/images/cong-cu-kiem-tra-bai-viet-chuan-seo-uy-tin.jpg\" width=\"600\" /></span></span></span></p>\r\n\r\n<p dir=\"ltr\" style=\"text-align:center\"><span style=\"color:#000000\"><em><span style=\"font-size:16px\"><span style=\"font-family:Times New Roman,Times,serif\">Hỗ trợ c&ocirc;ng cụ kiểm tra b&agrave;i viết chuẩn seo</span></span></em></span></p>\r\n\r\n<p dir=\"ltr\" style=\"text-align:justify\"><span style=\"color:#16a085\"><span style=\"font-size:36px\"><span style=\"font-family:Times New Roman,Times,serif\"><strong>|</strong></span></span></span><span style=\"color:#000000\"><em><span style=\"font-size:16px\"><span style=\"font-family:Times New Roman,Times,serif\"> </span></span><span style=\"font-size:14px\"><span style=\"font-family:Times New Roman,Times,serif\">&quot; Xem th&ecirc;m c&aacute;c c&ocirc;ng cụ kiểm tra tr&ugrave;ng lặp nội dung </span></span></em></span><span style=\"font-size:14px\"><em><span style=\"font-family:Times New Roman,Times,serif\"><a href=\"https://kinhdoanhinternet.com.vn/cach-check-unique-bai-viet-chuan-seo\"><span style=\"color:#8e44ad\"><strong>TẠI Đ&Acirc;Y</strong></span></a></span></em><span style=\"color:#000000\"><em><span style=\"font-family:Times New Roman,Times,serif\"> nh&eacute;.&quot;</span></em></span></span></p>\r\n\r\n<p dir=\"ltr\" style=\"text-align:justify\"><span style=\"color:#000000\"><span style=\"font-size:16px\"><span style=\"font-family:Times New Roman,Times,serif\">Với c&aacute;c&nbsp;<strong>c&ocirc;ng cụ kiểm tra b&agrave;i viết chuẩn SEO</strong>&nbsp;tr&ecirc;n, người d&ugrave;ng c&oacute; thể kiểm tra v&agrave; định hướng lại nội dung sử dụng trong b&agrave;i viết &nbsp;của m&igrave;nh. Đạt được c&aacute;c điều kiện về ngữ ph&aacute;p ch&iacute;nh tả, đặc biệt l&agrave; chất lượng. </span></span></span></p>\r\n\r\n<p dir=\"ltr\" style=\"text-align:justify\"><span style=\"color:#000000\"><span style=\"font-size:16px\"><span style=\"font-family:Times New Roman,Times,serif\">Kh&ocirc;ng thể sao ch&eacute;p, lặp lại những nội dung đ&atilde; được sử dụng trước đ&oacute; tr&ecirc;n website, blog&hellip; </span></span></span></p>\r\n\r\n<p dir=\"ltr\" style=\"text-align:justify\"><span style=\"color:#000000\"><span style=\"font-size:16px\"><span style=\"font-family:Times New Roman,Times,serif\">V&igrave; tầm quan trọng của &nbsp;nội dung trong SEO, h&atilde;y lu&ocirc;n đảm bảo nội dung b&agrave;i viết đạt được những nội dung chuẩn SEO cũng như trang web chuẩn SEO nhất c&oacute; thể. </span></span></span></p>\r\n\r\n<p dir=\"ltr\" style=\"text-align:justify\"><span style=\"color:#000000\"><span style=\"font-size:16px\"><span style=\"font-family:Times New Roman,Times,serif\">Đặc biệt với sự hỗ trợ của c&aacute;c<strong> c&ocirc;ng cụ kiểm tra b&agrave;i viết chuẩn SEO</strong> th&igrave; chất lượng b&agrave;i viết sẽ ng&agrave;y c&agrave;ng được n&acirc;ng cao.</span></span></span></p>\r\n', 'cac-cong-cu-kiem-tra-bai-viet-chuan-seo-uy-tin.jpg', 0, 70, '', '2019-02-11 18:02:52', '2019-03-03 11:03:28', 1, '', '', '', '', '', '[GỢI Ý] Top 5 công cụ kiểm tra bài viết chuẩn seo hiện nay', 'Công cụ kiểm tra bài viết chuẩn SEO nào uy tín hiện nay và được nhiều người sử dụng. Hãy cùng Ánh Dươn đi phân tích TOP 5 công cụ kiểm tra bài viết chuẩn SEO nhé.', 'top-5-cong-cu-kiem-tra-bai-viet-chuan-seo', 'công cụ kiểm tra bài viết chuẩn seo, cong cu kiem tra bai viet chuan seo', 1, ''),
(3, 'Hướng dẫn cách lấy lại tài khoản facebook bị hack', 'Tình trạng hack facebook hiện nay đang được nhiều hacker sử dụng để hack sử dụng mục đích chuộc lợi cho bản thân. Vậy làm thế lào để lấy lại fanpage bị hack. Hãy cùng chúng tôi tìm hiểu hướng dẫn lấy lại tài khoản facebook bị hack dưới đây nhé.', '<p dir=\"ltr\" style=\"text-align:justify\"><span style=\"color:#000000\"><span style=\"font-size:16px\"><span style=\"font-family:Times New Roman,Times,serif\"><strong>C&aacute;ch lấy lại facebook bị hack </strong>hiện nay đang được nhiều người t&igrave;m kiếm. Facebook hiện l&agrave; trang mạng x&atilde; hội được đa số mọi người d&ugrave;ng, nhằm chia sẽ th&ocirc;ng tin, li&ecirc;n lạc hay kết bạn, b&aacute;n h&agrave;ng &hellip;</span></span></span></p>\r\n\r\n<p dir=\"ltr\" style=\"text-align:justify\"><span style=\"color:#000000\"><span style=\"font-size:16px\"><span style=\"font-family:Times New Roman,Times,serif\">Với một lượng th&ocirc;ng tin khủng, bạn chỉ cần ngồi coi th&ocirc;ng qua c&aacute;c thiết bị điện tử. </span></span></span></p>\r\n\r\n<p dir=\"ltr\" style=\"text-align:justify\"><span style=\"color:#000000\"><span style=\"font-size:16px\"><span style=\"font-family:Times New Roman,Times,serif\">L&agrave; trang mạng mang lại lợi &iacute;ch như thế, tuy nhi&ecirc;n, tiềm ẩn những link virus hay những kẻ hacker hack nhằm chuộc lợi từ t&agrave;i khoản facebook của người d&ugrave;ng.</span></span></span></p>\r\n\r\n<p dir=\"ltr\" style=\"text-align:justify\"><span style=\"color:#000000\"><span style=\"font-size:16px\"><span style=\"font-family:Times New Roman,Times,serif\">Trường hợp người d&ugrave;ng mất quyền kiểm so&aacute;t v&agrave; kh&ocirc;ng thể truy cập v&agrave;o t&agrave;i khoản facebook của m&igrave;nh kh&ocirc;ng phải l&agrave; chưa xảy ra, m&agrave; ng&agrave;y c&agrave;ng l&acirc;y lan rất nhiều.</span></span></span></p>\r\n\r\n<p dir=\"ltr\" style=\"text-align:justify\"><span style=\"color:#000000\"><span style=\"font-size:16px\"><span style=\"font-family:Times New Roman,Times,serif\">Vậy l&agrave;m thế n&agrave;o để c&oacute; <strong>c&aacute;ch lấy lại facebook bị hack</strong> hay đặc biệt c&aacute;ch trang b&aacute;n h&agrave;ng online hay c&aacute;c trang của nh&acirc;n vật nổi tiếng hot face c&oacute; thể <strong>lấy lại fanpage bị hack</strong> ra sao.</span></span></span></p>\r\n\r\n<p dir=\"ltr\" style=\"text-align:justify\"><span style=\"color:#000000\"><span style=\"font-size:16px\"><span style=\"font-family:Times New Roman,Times,serif\">C&ugrave;ng ch&uacute;ng t&ocirc;i t&igrave;m hiểu về <strong>hướng dẫn lấy lại t&agrave;i khoản facebook bị hack</strong> nhanh ch&oacute;ng v&agrave; an to&agrave;n bảo mật nhất nh&eacute;!</span></span></span></p>\r\n\r\n<h2 dir=\"ltr\" style=\"text-align:justify\"><span style=\"color:#c0392b\"><span style=\"font-size:20px\"><strong><span style=\"font-family:Times New Roman,Times,serif\">Hướng dẫn lấy lại t&agrave;i khoản facebook bị hack nhanh ch&oacute;ng</span></strong></span></span></h2>\r\n\r\n<p dir=\"ltr\" style=\"text-align:center\"><span style=\"color:#000000\"><span style=\"font-size:16px\"><span style=\"font-family:Times New Roman,Times,serif\"><img alt=\"cách lấy lại facebook bị hack\" height=\"350\" src=\"/image/images/cach-lay-lai-facebook-bi-hack.jpg\" width=\"600\" /></span></span></span></p>\r\n\r\n<p dir=\"ltr\" style=\"text-align:center\"><em><span style=\"color:#000000\"><span style=\"font-size:16px\"><span style=\"font-family:Times New Roman,Times,serif\">Hướng dẫn lấy lại t&agrave;i khoản facebook bị hack</span></span></span></em></p>\r\n\r\n<p dir=\"ltr\" style=\"text-align:justify\"><span style=\"color:#16a085\"><span style=\"font-size:36px\"><span style=\"font-family:Times New Roman,Times,serif\"><strong>| </strong></span></span></span><em><span style=\"color:#000000\"><span style=\"font-size:16px\"><span style=\"font-family:Times New Roman,Times,serif\">&quot;Quản l&yacute; fanpage l&agrave; g&igrave;? C&aacute;c bước khi chăm s&oacute;c fanpage chuy&ecirc;n nghiệp như thế n&agrave;o? Bạn h&atilde;y tham khảo th&ecirc;m b&agrave;i viết </span></span></span><strong><span style=\"font-size:16px\"><span style=\"font-family:Times New Roman,Times,serif\"><a href=\"https://www.kinhdoanhinternet.com.vn/dich-vu-cham-soc-quan-ly-fanpage\"><span style=\"color:#8e44ad\">dịch vụ chăm s&oacute;c fanpage</span></a></span></span></strong><span style=\"color:#000000\"><span style=\"font-size:16px\"><span style=\"font-family:Times New Roman,Times,serif\"> n&agrave;y nh&eacute;.&quot;</span></span></span></em></p>\r\n\r\n<p dir=\"ltr\" style=\"text-align:justify\"><span style=\"color:#000000\"><span style=\"font-size:16px\"><span style=\"font-family:Times New Roman,Times,serif\">Bị hack facebook l&agrave; một vấn đề kh&ocirc;ng mấy xa lạ trong thời buổi c&ocirc;ng nghệ hiện đại nhanh ch&oacute;ng tiện &iacute;ch nhưng tiềm ẩn những vấn đề như ăn cắp th&ocirc;ng tin.</span></span></span></p>\r\n\r\n<p dir=\"ltr\" style=\"text-align:justify\"><span style=\"color:#000000\"><span style=\"font-size:16px\"><span style=\"font-family:Times New Roman,Times,serif\">&nbsp;L&acirc;y truyền th&ocirc;ng tin của bạn nhanh ch&oacute;ng v&agrave; chuộc lợi từ những t&agrave;i khoản c&oacute; lượng fanpage hay follow cao, nhằm t&igrave;m kiếm lợi &iacute;ch từ t&agrave;i khoản n&agrave;y.</span></span></span></p>\r\n\r\n<p dir=\"ltr\" style=\"text-align:justify\"><span style=\"color:#000000\"><span style=\"font-size:16px\"><span style=\"font-family:Times New Roman,Times,serif\">Với từng vấn đề ch&uacute;ng ta c&oacute; những c&aacute;ch hỗ trợ tối ưu để được <strong>hướng dẫn lấy lại t&agrave;i khoản facebook bị hack</strong> tốt nhất kh&ocirc;i phục cho người chủ sở hữu facebook.</span></span></span></p>\r\n\r\n<p dir=\"ltr\" style=\"text-align:center\"><span style=\"color:#000000\"><span style=\"font-size:16px\"><span style=\"font-family:Times New Roman,Times,serif\"><img alt=\"hướng dẫn lấy lại tài khoản facebook bị hack\" height=\"350\" src=\"/image/images/cach-lay-lai-facebook-bi-hack-nhanh-nhat.jpg\" width=\"600\" /></span></span></span></p>\r\n\r\n<p dir=\"ltr\" style=\"text-align:center\"><em><span style=\"color:#000000\"><span style=\"font-size:16px\"><span style=\"font-family:Times New Roman,Times,serif\">Hướng dẫn c&aacute;ch lấy lại facebook bị hack</span></span></span></em></p>\r\n\r\n<h2 dir=\"ltr\" style=\"text-align:justify\"><span style=\"color:#c0392b\"><span style=\"font-size:20px\"><strong><span style=\"font-family:Times New Roman,Times,serif\">C&aacute;ch lấy lại facebook bị hack đơn giản v&agrave; an to&agrave;n nhất</span></strong></span></span></h2>\r\n\r\n<p dir=\"ltr\" style=\"text-align:justify\"><span style=\"color:#000000\"><span style=\"font-size:16px\"><span style=\"font-family:Times New Roman,Times,serif\">Nếu một ng&agrave;y n&agrave;o đ&oacute;, bạn truy cập v&agrave;o facebook của bạn kh&ocirc;ng được, th&igrave; h&atilde;y b&igrave;nh tĩnh d&ugrave;ng c&aacute;c hỗ trợ tr&ecirc;n phần trợ gi&uacute;p của facebook. </span></span></span></p>\r\n\r\n<p dir=\"ltr\" style=\"text-align:justify\"><span style=\"color:#000000\"><span style=\"font-size:16px\"><span style=\"font-family:Times New Roman,Times,serif\">Tại ngay giao diện của trang mạng n&agrave;y bạn cần nhấn v&agrave;o biểu tượng qu&ecirc;n t&agrave;i khoản ngay tr&ecirc;n m&agrave;n h&igrave;nh thiết bị của bạn v&agrave; đ&acirc;y l&agrave; c&aacute;ch bắt đầu <strong>c&aacute;ch lấy lại facebook bị hack</strong> của m&igrave;nh đơn giản nhất.</span></span></span></p>\r\n\r\n<p dir=\"ltr\" style=\"text-align:center\"><span style=\"color:#000000\"><span style=\"font-size:16px\"><span style=\"font-family:Times New Roman,Times,serif\"><img alt=\"cách lấy lại facebook bị hack \" height=\"338\" src=\"/image/images/huong-dan-lay-lai-tai-khoan-facebook-bi-hack.jpg\" width=\"600\" /></span></span></span></p>\r\n\r\n<p dir=\"ltr\" style=\"text-align:center\"><em><span style=\"color:#000000\"><span style=\"font-size:16px\"><span style=\"font-family:Times New Roman,Times,serif\">C&aacute;ch lấy lại fanpage bị hack</span></span></span></em></p>\r\n\r\n<h3 dir=\"ltr\" style=\"text-align:justify\"><span style=\"font-size:18px\"><strong><span style=\"color:#000000\"><span style=\"font-family:Times New Roman,Times,serif\">C&aacute;ch lấy lại facebook bị hack đơn giản</span></span></strong></span></h3>\r\n\r\n<p dir=\"ltr\" style=\"text-align:justify\"><span style=\"color:#000000\"><span style=\"font-size:16px\"><span style=\"font-family:Times New Roman,Times,serif\">V&agrave; lần lượt bạn nhập email hoặc số điện thoại đ&atilde; đăng k&yacute; facebook v&agrave; nhấn v&agrave;o thanh t&igrave;m kiếm ngay b&ecirc;n dưới. </span></span></span></p>\r\n\r\n<p dir=\"ltr\" style=\"text-align:justify\"><span style=\"color:#000000\"><span style=\"font-size:16px\"><span style=\"font-family:Times New Roman,Times,serif\">Với kết quả t&igrave;m kiếm t&agrave;i khoản của c&aacute; nh&acirc;n, th&igrave; click v&agrave;o k&yacute; tự No longer have access to these, nghĩa l&agrave; t&agrave;i khoản bạn kh&ocirc;ng c&ograve;n truy cập được nữa. </span></span></span></p>\r\n\r\n<p dir=\"ltr\" style=\"text-align:justify\"><span style=\"color:#000000\"><span style=\"font-size:16px\"><span style=\"font-family:Times New Roman,Times,serif\">V&agrave; c&agrave;ng kh&oacute; khăn cho bạn n&agrave;o qu&ecirc;n mất email đăng k&yacute; lấy lại t&agrave;i khoản facebook sẽ chắc chắn reset lại mật khoản l&agrave; kh&ocirc;ng thể thực hiện.</span></span></span></p>\r\n\r\n<p dir=\"ltr\" style=\"text-align:justify\"><span style=\"color:#000000\"><span style=\"font-size:16px\"><span style=\"font-family:Times New Roman,Times,serif\">Bước tiếp theo, bạn cần nhấn v&agrave;o &ocirc; hiển thị với nội dung t&ocirc;i kh&ocirc;ng thể truy cập email&nbsp;ngay dưới hộp hội thoại thử quyền truy cập email.</span></span></span></p>\r\n\r\n<p dir=\"ltr\" style=\"text-align:justify\"><span style=\"color:#000000\"><span style=\"font-size:16px\"><span style=\"font-family:Times New Roman,Times,serif\">Bạn chỉ cần nhập email mới v&agrave; chưa đăng k&yacute; t&agrave;i khoản facebook n&agrave;o th&igrave; l&agrave; hợp lệ, sau đ&oacute; điền đầy đủ th&ocirc;ng tin như họ t&ecirc;n v&agrave; link dẫn tới t&agrave;i khoản của bạn l&agrave; c&aacute;ch <strong>hướng dẫn lấy lại t&agrave;i khoản facebook bị hack</strong> nhanh v&agrave; hiệu quả.</span></span></span></p>\r\n\r\n<h3 dir=\"ltr\" style=\"text-align:justify\"><span style=\"font-size:18px\"><strong><span style=\"color:#000000\"><span style=\"font-family:Times New Roman,Times,serif\">Ph&ograve;ng ngừa như thế n&agrave;o cho t&agrave;i khoản lu&ocirc;n an to&agrave;n</span></span></strong></span></h3>\r\n\r\n<p dir=\"ltr\" style=\"text-align:justify\"><span style=\"color:#000000\"><span style=\"font-size:16px\"><span style=\"font-family:Times New Roman,Times,serif\">Để lu&ocirc;n an to&agrave;n trong qu&aacute; tr&igrave;nh d&ugrave;ng facebook bạn cần kh&ocirc;ng n&ecirc;n link v&agrave;o những trang mạng lạ.</span></span></span></p>\r\n\r\n<p dir=\"ltr\" style=\"text-align:justify\"><span style=\"color:#000000\"><span style=\"font-size:16px\"><span style=\"font-family:Times New Roman,Times,serif\">V&igrave; c&oacute; thể đ&acirc;y sẽ l&agrave; địa chỉ tiềm ẩn virus v&agrave; hack t&agrave;i khoản của bạn v&agrave; n&ecirc;n thiết lập bảo vệ hai lớp để lu&ocirc;n c&oacute; <strong>c&aacute;ch lấy lại facebook bị hack.</strong></span></span></span></p>\r\n\r\n<p dir=\"ltr\" style=\"text-align:justify\"><span style=\"color:#000000\"><span style=\"font-size:16px\"><span style=\"font-family:Times New Roman,Times,serif\">Khi c&oacute; hacker x&acirc;m phạm th&igrave; facebook sẽ b&aacute;o ngay qua số điện thoại hay email của bạn, v&agrave; phải nhận được sự đồng &yacute; chấp thuận c&ograve;n kh&ocirc;ng th&igrave; v&ocirc; dụng dủ l&agrave; hacker c&oacute; cao tay ra sao.</span></span></span></p>\r\n\r\n<p dir=\"ltr\" style=\"text-align:center\"><span style=\"color:#000000\"><span style=\"font-size:16px\"><span style=\"font-family:Times New Roman,Times,serif\"><img alt=\"cách lấy lại facebook bị hack \" height=\"400\" src=\"/image/images/lay-lai-fanpage-bi-hack.jpg\" width=\"600\" /></span></span></span></p>\r\n\r\n<p dir=\"ltr\" style=\"text-align:center\"><span style=\"color:#000000\"><span style=\"font-size:16px\"><span style=\"font-family:Times New Roman,Times,serif\"><em>C&aacute;ch lấy lại facebook bị hack</em></span></span></span></p>\r\n\r\n<p dir=\"ltr\" style=\"text-align:justify\"><span style=\"font-size:36px\"><span style=\"color:#16a085\"><strong><span style=\"font-family:Times New Roman,Times,serif\">|</span></strong></span></span><span style=\"color:#000000\"><span style=\"font-size:14px\"><span style=\"font-family:Times New Roman,Times,serif\"><em>&quot;Tham khảo th&ecirc;m b&agrave;i viết quản trị fanpage hiệu quả nhất hiện nay </em></span></span></span><span style=\"font-size:14px\"><span style=\"font-family:Times New Roman,Times,serif\"><em><strong><a href=\"https://www.kinhdoanhinternet.com.vn/nhung-phuong-thuc-quan-tri-fanpage-hieu-qua-hien-nay\"><span style=\"color:#8e44ad\">TẠI Đ&Acirc;Y</span></a></strong></em></span><span style=\"color:#000000\"><span style=\"font-family:Times New Roman,Times,serif\"><em>.&quot;</em></span></span></span></p>\r\n\r\n<h2 dir=\"ltr\" style=\"text-align:justify\"><span style=\"color:#c0392b\"><span style=\"font-size:20px\"><strong><span style=\"font-family:Times New Roman,Times,serif\">C&aacute;ch lấy lại fanpage t&agrave;i khoản bị hack</span></strong></span></span></h2>\r\n\r\n<p dir=\"ltr\" style=\"text-align:justify\"><span style=\"font-size:16px\"><span style=\"color:#000000\"><span style=\"font-family:Times New Roman,Times,serif\">Đối với t&agrave;i khoản facebook c&oacute; lượng follow cao th&igrave; <strong>lấy lại fanpage bị hack</strong> k</span></span></span><span style=\"color:#000000\"><span style=\"font-size:16px\"><span style=\"font-family:Times New Roman,Times,serif\">hi xảy ra t&igrave;nh trạng bị hack t&agrave;i khoản v&agrave; muốn <strong>lấy lại fanpage bị hack</strong> bạn cần phải b&igrave;nh tĩnh đọc kỹ c&aacute;c th&ocirc;ng tin tr&ecirc;n hộp th&ocirc;ng b&aacute;o sự cố.</span></span></span></p>\r\n\r\n<p dir=\"ltr\" style=\"text-align:justify\"><span style=\"color:#000000\"><span style=\"font-size:16px\"><span style=\"font-family:Times New Roman,Times,serif\">Dựa v&agrave;o từng vấn đề v&agrave; ch&iacute;nh s&aacute;ch của facebook sẽ c&oacute; c&aacute;ch giải quyết hợp l&yacute;. </span></span></span></p>\r\n\r\n<p dir=\"ltr\" style=\"text-align:justify\"><span style=\"color:#000000\"><span style=\"font-size:16px\"><span style=\"font-family:Times New Roman,Times,serif\">Nếu đ&atilde; x&aacute;c nhận ch&iacute;nh x&aacute;c t&agrave;i khoản bạn bị hack th&igrave; thực hiện c&aacute;c bước sau:</span></span></span></p>\r\n\r\n<h3 dir=\"ltr\" style=\"text-align:justify\"><span style=\"font-size:18px\"><strong><span style=\"color:#000000\"><span style=\"font-family:Times New Roman,Times,serif\">Hướng dẫn lấy lại t&agrave;i khoản facebook bị hack</span></span></strong></span></h3>\r\n\r\n<p dir=\"ltr\" style=\"text-align:justify\"><span style=\"color:#000000\"><span style=\"font-size:16px\"><span style=\"font-family:Times New Roman,Times,serif\"><strong>Hướng dẫn lấy lại t&agrave;i khoản facebook bị hack</strong> bằng việc v&agrave;o link ch&iacute;nh của facebook&nbsp;v&agrave;o nh&aacute;nh hacked, nếu hacker đ&atilde; thay đổi bạn sẽ nhận được th&ocirc;ng b&aacute;o về t&agrave;i khoản bảo mật của bạn. </span></span></span></p>\r\n\r\n<p dir=\"ltr\" style=\"text-align:justify\"><span style=\"color:#000000\"><span style=\"font-size:16px\"><span style=\"font-family:Times New Roman,Times,serif\">C&oacute; thể thư sẽ tới v&agrave;o v&agrave;o hộp Spam n&ecirc;n bạn ch&uacute; &yacute; kiểm tra kỹ c&aacute;c hộp thư, tr&aacute;nh bỏ s&oacute;t nh&eacute;!</span></span></span></p>\r\n\r\n<h3 dir=\"ltr\" style=\"text-align:justify\"><span style=\"font-size:18px\"><strong><span style=\"color:#000000\"><span style=\"font-family:Times New Roman,Times,serif\">Trường hợp vẫn kh&ocirc;ng lấy lại fanpage bị hack th&igrave; l&agrave;m thế n&agrave;o</span></span></strong></span></h3>\r\n\r\n<p dir=\"ltr\" style=\"text-align:justify\"><span style=\"font-size:16px\"><span style=\"font-family:Times New Roman,Times,serif\"><span style=\"color:#000000\">Trường hợp kh&ocirc;ng <strong>lấy lại fanpage bị hack</strong> chỉ c&ograve;n c&aacute;ch bạn hay truy cập v&agrave;o trang li&ecirc;n kết facebook nhờ trợ gi&uacute;p từ trang sau:</span></span></span></p>\r\n\r\n<p dir=\"ltr\" style=\"text-align:justify\"><span style=\"font-size:16px\"><span style=\"font-family:Times New Roman,Times,serif\"><span style=\"color:#000000\">click v&agrave;o&nbsp;</span></span></span><span style=\"font-size:16px\"><span style=\"font-family:Times New Roman,Times,serif\"><span style=\"color:#000000\">https://www.facebook.com/business/contact-us chọn phần pages để gửi những th&ocirc;ng tin li&ecirc;n quan tới việc t&agrave;i khoản bị đ&aacute;nh cấp v&agrave; <strong>lấy lại fanpage bị hack</strong>.</span></span></span></p>\r\n\r\n<p dir=\"ltr\" style=\"text-align:center\"><span style=\"font-size:16px\"><span style=\"font-family:Times New Roman,Times,serif\"><span style=\"color:#000000\"><img alt=\"cách lấy lại facebook bị hack \" height=\"350\" src=\"/image/images/lay-lai-fanpage-bi-hack-nhanh-nhat.jpg\" width=\"600\" /></span></span></span></p>\r\n\r\n<p dir=\"ltr\" style=\"text-align:center\"><em><span style=\"color:#000000\"><span style=\"font-size:16px\"><span style=\"font-family:Times New Roman,Times,serif\">Hướng dẫn lấy lại t&agrave;i khoản facebook bị hack</span></span></span></em></p>\r\n\r\n<h3 dir=\"ltr\" style=\"text-align:justify\"><span style=\"font-size:18px\"><strong><span style=\"color:#000000\"><span style=\"font-family:Times New Roman,Times,serif\">Thời gian bạn nhận được kết quả hướng dẫn lấy lại t&agrave;i khoản facebook bị hack l&agrave; bao l&acirc;u</span></span></strong></span></h3>\r\n\r\n<p dir=\"ltr\" style=\"text-align:justify\"><span style=\"color:#000000\"><span style=\"font-size:16px\"><span style=\"font-family:Times New Roman,Times,serif\">Trong v&ograve;ng 1 ng&agrave;y đến 3 ng&agrave;y l&agrave;m việc, nếu chưa nhận được th&ocirc;ng b&aacute;o th&igrave; h&atilde;y thực hiện c&aacute;c bước tr&ecirc;n lại, l&yacute; do c&aacute;c nh&agrave; quản trị c&oacute; thể bị tr&ocirc;i b&agrave;i v&agrave; họ sẽ c&oacute; c&aacute;ch gi&uacute;p bạn hiệu quả nhất.</span></span></span></p>\r\n\r\n<p dir=\"ltr\" style=\"text-align:justify\"><span style=\"color:#000000\"><span style=\"font-size:16px\"><span style=\"font-family:Times New Roman,Times,serif\">Tr&ecirc;n đ&acirc;y l&agrave; một v&agrave;i <strong>hướng dẫn lấy lại t&agrave;i khoản facebook bị hack</strong> m&agrave; ch&uacute;ng t&ocirc;i mong muốn gửi tới bạn đọc. </span></span></span></p>\r\n\r\n<p dir=\"ltr\" style=\"text-align:justify\"><span style=\"color:#000000\"><span style=\"font-size:16px\"><span style=\"font-family:Times New Roman,Times,serif\">Hy vọng với những chia sẻ của ch&uacute;ng t&ocirc;i, bạn c&oacute; thể tự m&igrave;nh bảo vệ lấy lại th&ocirc;ng tin c&aacute; nh&acirc;n trước sự x&acirc;m nhập tr&aacute;i ph&eacute;p kh&ocirc;ng đ&aacute;ng c&oacute; v&agrave; <strong>c&aacute;ch lấy c&aacute;ch lấy lại facebook bị hack</strong>.</span></span></span></p>\r\n', 'cach-lay-lai-facebook-bi-hack-nhanh-nhat.jpg', 0, 72, '', '2019-02-11 19:02:06', '2019-02-25 18:02:30', 1, '', '', '', '', '', '[HƯỚNG DẪN] Cách lấy lại tài khoản facebook bị hack đơn giản hiệu quả', 'Facebook của bạn bị hack? Làm sao để lấy lại tài khoản? Hướng dẫn lấy lại tài khoản facebook bị hack của chúng tôi dưới đây sẽ giúp bạn giải quyết khó khăn này.', 'huong-dan-cach-lay-lai-tai-khoan-facebook-bi-hack', 'cách lấy lại facebook bị hack, lấy lại fanpage bị hack, hướng dẫn lấy lại tài khoản facebook bị hack, cach lay lại facebook bi hack, lay lai fanpage bi hack, huong dan lay lai tai khoan facebook bi hack', 1, '');
INSERT INTO `news` (`news_id`, `news_name`, `news_des`, `news_content`, `news_img`, `news_views`, `newscat_id`, `news_author`, `news_created_date`, `news_update_date`, `state`, `news_sub_info1`, `news_sub_info2`, `news_sub_info3`, `news_sub_info4`, `news_sub_info5`, `title_seo`, `des_seo`, `friendly_url`, `keyword`, `created_id`, `newstag_arr`) VALUES
(4, 'Những phương thức quản trị fanpage hiệu quả hiện nay', 'Bạn là một nhà bán hàng? Bạn có một trang fanpage, bạn không có kỹ năng cũng như không có thời gian để quản trị fanpage hiệu quả, đừng quá lo lắng, bởi công việc này quá đơn giản, hãy đọc bài viết mà chúng tôi chia sẻ dưới đây.', '<p dir=\"ltr\" style=\"text-align:justify\"><span style=\"color:#000000\"><span style=\"font-size:16px\"><span style=\"font-family:Times New Roman,Times,serif\"><strong>Quản trị fanpage hiệu quả </strong>đang l&agrave; một trang được tạo ra từ trang facebook c&aacute; nh&acirc;n hoặc trang facebook của doanh nghiệp, hoặc nh&agrave; b&aacute;n h&agrave;ng sử dụng.</span></span></span></p>\r\n\r\n<p dir=\"ltr\" style=\"text-align:justify\"><span style=\"color:#000000\"><span style=\"font-size:16px\"><span style=\"font-family:Times New Roman,Times,serif\">Fanpage thường l&agrave; nơi để c&aacute;c tổ chức, c&aacute; nh&acirc;n chia sẻ những th&ocirc;ng tin với c&ocirc;ng ch&uacute;ng, nhằm mục đ&iacute;ch quảng b&aacute; cho một vấn đề, một sản phẩm n&agrave;o đ&oacute;.</span></span></span></p>\r\n\r\n<h2 dir=\"ltr\" style=\"text-align:justify\"><span style=\"color:#c0392b\"><span style=\"font-size:20px\"><strong><span style=\"font-family:Times New Roman,Times,serif\">Tầm ảnh hưởng của quản trị fanpage hiệu quả đối với người sử dụng</span></strong></span></span></h2>\r\n\r\n<p dir=\"ltr\" style=\"text-align:justify\"><span style=\"color:#000000\"><span style=\"font-size:16px\"><span style=\"font-family:Times New Roman,Times,serif\">Đối với một số người kh&ocirc;ng chuy&ecirc;n, việc tạo fanpage v&agrave; <strong>quản trị fanpage hiệu quả</strong> c&oacute; thể hơi phức tạp v&agrave; tốn k&eacute;m nhiều thời gian v&agrave; c&ocirc;ng sức, thậm ch&iacute; hiệu quả cũng kh&ocirc;ng cao. </span></span></span></p>\r\n\r\n<p dir=\"ltr\" style=\"text-align:justify\"><span style=\"color:#000000\"><span style=\"font-size:16px\"><span style=\"font-family:Times New Roman,Times,serif\">Nếu bạn l&agrave; một nh&agrave; kinh doanh, đừng bỏ qua một thị trường tiềm năng với những kh&aacute;ch h&agrave;ng tiềm năng tại những fanpage, nếu bạn chưa biết c&aacute;ch khai th&aacute;c lợi &iacute;ch từ việc quảng b&aacute; sản phẩm qua fanpage.</span></span></span></p>\r\n\r\n<p dir=\"ltr\" style=\"text-align:justify\"><span style=\"color:#000000\"><span style=\"font-size:16px\"><span style=\"font-family:Times New Roman,Times,serif\">Đừng ngại bỏ ra một khoản chi ph&iacute; thu&ecirc; nh&agrave;<strong> quản trị fanpage hiệu quả,</strong> bạn sẽ thu được khoản lợi nhuận lớn hơn rất nhiều lần chi ph&iacute; bỏ ra.</span></span></span></p>\r\n\r\n<p dir=\"ltr\" style=\"text-align:center\"><span style=\"color:#000000\"><span style=\"font-size:16px\"><span style=\"font-family:Times New Roman,Times,serif\"><img alt=\"quản trị fanpage hiệu quả \" height=\"400\" src=\"/image/images/cach-quan-tri-fanpage-hieu-qua.jpg\" width=\"600\" /></span></span></span></p>\r\n\r\n<p dir=\"ltr\" style=\"text-align:center\"><em><span style=\"color:#000000\"><span style=\"font-size:16px\"><span style=\"font-family:Times New Roman,Times,serif\">Mạng lưới quản trị fanpage hiệu quả</span></span></span></em></p>\r\n\r\n<p dir=\"ltr\" style=\"text-align:justify\"><span style=\"color:#16a085\"><span style=\"font-size:36px\"><strong><span style=\"font-family:Times New Roman,Times,serif\">|</span></strong></span></span><em><span style=\"color:#000000\"><span style=\"font-size:14px\"><span style=\"font-family:Times New Roman,Times,serif\">&quot; Dịch vụ chăm s&oacute;c quản l&yacute; fanpage l&agrave; g&igrave;? C&aacute;ch quản l&yacute; fanpage như thế n&agrave;o? Bạn h&atilde;y tham khảo b&agrave;i viết </span></span></span><span style=\"font-size:14px\"><span style=\"font-family:Times New Roman,Times,serif\"><a href=\"https://www.kinhdoanhinternet.com.vn/dich-vu-cham-soc-quan-ly-fanpage\"><span style=\"color:#8e44ad\"><strong>dịch vụ chăm s&oacute;c fanpage</strong></span></a></span></span><span style=\"color:#000000\"><span style=\"font-size:14px\"><span style=\"font-family:Times New Roman,Times,serif\"> n&agrave;y nh&eacute;.&quot;</span></span></span></em></p>\r\n\r\n<h2 dir=\"ltr\" style=\"text-align:justify\"><span style=\"color:#c0392b\"><span style=\"font-size:20px\"><strong><span style=\"font-family:Times New Roman,Times,serif\">Quản trị fanpage hiệu quả sẽ mang lại lợi &iacute;ch như thế n&agrave;o</span></strong></span></span></h2>\r\n\r\n<p dir=\"ltr\" style=\"text-align:justify\"><span style=\"color:#000000\"><span style=\"font-size:16px\"><span style=\"font-family:Times New Roman,Times,serif\">Nếu bạn c&oacute; sử dụng facebook, c&oacute; thể bạn đ&atilde; kh&ocirc;ng &iacute;t lần bắt gặp những fanpage của những tổ chức x&atilde; hội, c&oacute; thể bạn cũng phần n&agrave;o hiểu được &yacute; nghĩa của những trang fanpage đ&oacute;, nếu bạn <strong>quản trị fanpage hiệu quả </strong>bạn sẽ đạt được những lợi &iacute;ch như sau:</span></span></span></p>\r\n\r\n<h3 dir=\"ltr\"><span style=\"font-size:18px\"><strong><span style=\"color:#000000\"><span style=\"font-family:Times New Roman,Times,serif\">Quản trị fanpage hiệu quả đối với nh&agrave; marketing</span></span></strong></span></h3>\r\n\r\n<p dir=\"ltr\"><span style=\"color:#000000\"><span style=\"font-size:16px\"><span style=\"font-family:Times New Roman,Times,serif\">Fanpage l&agrave; c&ocirc;ng cụ để quảng b&aacute; cho sản phẩm, n&acirc;ng tầm thương hiệu m&agrave; họ đang cung cấp. Với fanpage, người b&aacute;n h&agrave;ng kh&ocirc;ng cần mất nhiều chi ph&iacute; nhưng vẫn c&oacute; thể quảng b&aacute; tốt cho sản phẩm, chỉ cần kh&aacute;ch h&agrave;ng của họ c&oacute; khả năng tương t&aacute;c tr&ecirc;n facebook.</span></span></span></p>\r\n\r\n<p dir=\"ltr\"><span style=\"color:#000000\"><span style=\"font-size:16px\"><span style=\"font-family:Times New Roman,Times,serif\">Ch&iacute;nh v&igrave; vậy <strong>quản trị fanpage hiệu quả </strong>sẽ mang lại những lợi &iacute;ch nhất định với chiến lược kinh doanh cũng như quảng b&aacute; sản phẩm đển người ti&ecirc;u d&ugrave;ng 1 c&aacute;ch tốt nhất..</span></span></span></p>\r\n\r\n<p dir=\"ltr\" style=\"text-align:center\"><span style=\"color:#000000\"><span style=\"font-size:16px\"><span style=\"font-family:Times New Roman,Times,serif\"><img alt=\"quản trị fanpage hiệu quả \" height=\"400\" src=\"/image/images/huong-dan-quan-tri-fanpage-hieu-qua.jpg\" width=\"600\" /></span></span></span></p>\r\n\r\n<p dir=\"ltr\" style=\"text-align:center\"><em><span style=\"color:#000000\"><span style=\"font-size:16px\"><span style=\"font-family:Times New Roman,Times,serif\">Quản trị fanpage hiệu quả nhất</span></span></span></em></p>\r\n\r\n<p dir=\"ltr\" style=\"text-align:justify\"><span style=\"color:#16a085\"><span style=\"font-size:36px\"><strong><span style=\"font-family:Times New Roman,Times,serif\">|</span></strong></span></span><em><span style=\"color:#000000\"><span style=\"font-size:14px\"><span style=\"font-family:Times New Roman,Times,serif\">&quot; T&igrave;m hiểu th&ecirc;m b&agrave;i viết </span></span></span><span style=\"font-size:14px\"><span style=\"font-family:Times New Roman,Times,serif\"><a href=\"https://www.kinhdoanhinternet.com.vn/huong-dan-cach-lay-lai-tai-khoan-facebook-bi-hack\"><span style=\"color:#8e44ad\"><strong>C&aacute;ch lấy lại facebook bị hack</strong></span></a></span></span><span style=\"color:#000000\"><span style=\"font-size:14px\"><span style=\"font-family:Times New Roman,Times,serif\"> đơn giản nhất n&agrave;y nh&eacute;.&quot;</span></span></span></em></p>\r\n\r\n<h3 dir=\"ltr\"><span style=\"font-size:18px\"><strong><span style=\"color:#000000\"><span style=\"font-family:Times New Roman,Times,serif\">Quản trị fanpage hiệu quả d&agrave;nh cho c&aacute;c tư nh&acirc;n, doanh nghiệp</span></span></strong></span></h3>\r\n\r\n<p dir=\"ltr\"><span style=\"color:#000000\"><span style=\"font-size:16px\"><span style=\"font-family:Times New Roman,Times,serif\">Fanpage c&ograve;n được d&ugrave;ng cho những website đại diện của một tổ chức x&atilde; hội như bệnh viện, trường học, doanh nghiệp&hellip; </span></span></span></p>\r\n\r\n<p dir=\"ltr\"><span style=\"color:#000000\"><span style=\"font-size:16px\"><span style=\"font-family:Times New Roman,Times,serif\">Tại đ&acirc;y người <strong>quản trị fanpage hiệu quả</strong> c&oacute; thể đăng tải những th&ocirc;ng tin về hội nh&oacute;m, gi&uacute;p những người trong nh&oacute;m cập nhật th&ocirc;ng tin một c&aacute;ch nhanh nhất, bởi hầu hết đều c&oacute; facebook, v&agrave; thường xuy&ecirc;n cập nhật th&ocirc;ng tin qua facebook.</span></span></span></p>\r\n\r\n<p dir=\"ltr\" style=\"text-align:justify\"><span style=\"color:#000000\"><span style=\"font-size:16px\"><span style=\"font-family:Times New Roman,Times,serif\">Trong x&atilde; hội hiện đại, chỉ cần với một chiếc điện thoại th&ocirc;ng minh, c&oacute; kết nối internet, bạn c&oacute; thể kết nối với mọi người tại bất cứ đ&acirc;y, t&igrave;m kiếm bất cứ th&ocirc;ng tin n&agrave;o. </span></span></span></p>\r\n\r\n<p dir=\"ltr\" style=\"text-align:justify\"><span style=\"color:#000000\"><span style=\"font-size:16px\"><span style=\"font-family:Times New Roman,Times,serif\">Ch&iacute;nh v&igrave; t&iacute;nh ứng dụng cao như vậy, fanpage thậm ch&iacute; c&ograve;n trở th&agrave;nh k&ecirc;nh quảng b&aacute;, truyền th&ocirc;ng sản phẩm ưu việt hơn rất nhiều c&aacute;c phương tiện truyền th&ocirc;ng kh&aacute;c. </span></span></span></p>\r\n\r\n<p dir=\"ltr\" style=\"text-align:justify\"><span style=\"color:#000000\"><span style=\"font-size:16px\"><span style=\"font-family:Times New Roman,Times,serif\">Để fanpage của bạn mang tới lợi nhuận tốt cho bạn, việc bạn cần l&agrave;m l&agrave; chọn một phương thức <strong>quản trị fanpage hiệu quả</strong>.</span></span></span></p>\r\n\r\n<p dir=\"ltr\" style=\"text-align:center\"><span style=\"color:#000000\"><span style=\"font-size:16px\"><span style=\"font-family:Times New Roman,Times,serif\"><img alt=\"quản trị fanpage hiệu quả \" height=\"400\" src=\"/image/images/quan-tri-fanpage-hieu-qua.jpg\" width=\"600\" /></span></span></span></p>\r\n\r\n<p dir=\"ltr\" style=\"text-align:center\"><em><span style=\"color:#000000\"><span style=\"font-size:16px\"><span style=\"font-family:Times New Roman,Times,serif\">Nhưng phương ph&aacute;p quản trị fanpage hiệu quả nhất</span></span></span></em></p>\r\n\r\n<h2 dir=\"ltr\" style=\"text-align:justify\"><span style=\"color:#c0392b\"><span style=\"font-size:20px\"><strong><span style=\"font-family:Times New Roman,Times,serif\">Những phương thức quản trị fanpage hiệu quả</span></strong></span></span></h2>\r\n\r\n<p dir=\"ltr\" style=\"text-align:justify\"><span style=\"color:#000000\"><span style=\"font-size:16px\"><span style=\"font-family:Times New Roman,Times,serif\"><strong>Quản trị fanpage hiệu quả</strong> l&agrave; thường xuy&ecirc;n tương t&aacute;c tr&ecirc;n facebook, đăng những b&agrave;i viết c&oacute; t&iacute;nh thu h&uacute;t v&agrave; đạt được lượt theo d&otilde;i của cộng đồng mạng, cũng như mang về những lợi &iacute;ch cho nh&agrave; kinh doanh</span></span></span></p>\r\n\r\n<p dir=\"ltr\" style=\"text-align:justify\"><span style=\"color:#000000\"><span style=\"font-size:16px\"><span style=\"font-family:Times New Roman,Times,serif\">Việc quảng b&aacute; tr&ecirc;n fanpage cũng giống như bạn xem quảng c&aacute;o tr&ecirc;n tivi vậy, tuy nhi&ecirc;n những quảng c&aacute;o tr&ecirc;n tivi được bi&ecirc;n tập tỉ mỉ, v&agrave; được d&agrave;n dựng rất kỹ, ngo&agrave;i ra c&ograve;n c&oacute; sự tham gia của những nghệ sỹ nổi tiếng n&ecirc;n hiệu quả rất cao. </span></span></span></p>\r\n\r\n<p dir=\"ltr\" style=\"text-align:justify\"><span style=\"color:#000000\"><span style=\"font-size:16px\"><span style=\"font-family:Times New Roman,Times,serif\">C&ograve;n đối với quảng c&aacute;o tr&ecirc;n facebook, nếu bạn kh&ocirc;ng biết c&aacute;ch viết b&agrave;i, b&agrave;i viết của bạn kh&ocirc;ng thu h&uacute;t, th&igrave; b&agrave;i viết của bạn d&ugrave; c&oacute; nhiều đến đ&acirc;u cũng như muối bỏ bể.</span></span></span></p>\r\n\r\n<p dir=\"ltr\" style=\"text-align:justify\"><span style=\"color:#000000\"><span style=\"font-size:16px\"><span style=\"font-family:Times New Roman,Times,serif\">B&ecirc;n cạnh để bảo vệ th&ocirc;ng tin của người sử dụng facebook, nh&agrave; quản trị facebook ng&agrave;y c&agrave;ng c&oacute; những quy định ngặt ngh&egrave;o trong việc đăng v&agrave; chia sẻ th&ocirc;ng tin. </span></span></span></p>\r\n\r\n<p dir=\"ltr\" style=\"text-align:justify\"><span style=\"color:#000000\"><span style=\"font-size:16px\"><span style=\"font-family:Times New Roman,Times,serif\">Điều n&agrave;y c&oacute; thể khiến cho hoạt động của fanpage bị đ&igrave;nh trệ, khiến chủ fanpage v&ocirc; c&ugrave;ng đau đầu. </span></span></span></p>\r\n\r\n<p dir=\"ltr\" style=\"text-align:center\"><span style=\"color:#000000\"><span style=\"font-size:16px\"><span style=\"font-family:Times New Roman,Times,serif\"><img alt=\"quản trị fanpage hiệu quả \" height=\"350\" src=\"/image/images/quan-tri-fanpage-hieu-qua-nhat.jpg\" width=\"600\" /></span></span></span></p>\r\n\r\n<p dir=\"ltr\" style=\"text-align:center\"><em><span style=\"color:#000000\"><span style=\"font-size:16px\"><span style=\"font-family:Times New Roman,Times,serif\">Phương ph&aacute;p quản trị fanpage hiệu quả nhất</span></span></span></em></p>\r\n\r\n<p dir=\"ltr\" style=\"text-align:justify\"><span style=\"color:#16a085\"><span style=\"font-size:36px\"><strong><span style=\"font-family:Times New Roman,Times,serif\">|</span></strong></span></span><em><span style=\"color:#000000\"><span style=\"font-size:14px\"><span style=\"font-family:Times New Roman,Times,serif\">&quot;C&aacute;c xu hướng facebook marketing hiện nay bao gồm những xu hướng n&agrave;o? Bạn h&atilde;y tham khảo th&ecirc;m b&agrave;i viết những </span></span></span><span style=\"font-size:14px\"><span style=\"font-family:Times New Roman,Times,serif\"><strong><a href=\"https://www.kinhdoanhinternet.com.vn/nhung-xu-huong-facebook-marketing-hien-nay\"><span style=\"color:#8e44ad\">xu hướng facebook marketing</span></a></strong></span><span style=\"color:#000000\"><span style=\"font-family:Times New Roman,Times,serif\"> năm 2019 nh&eacute;.&quot;</span></span></span></em></p>\r\n\r\n<p dir=\"ltr\" style=\"text-align:justify\"><span style=\"color:#000000\"><span style=\"font-size:16px\"><span style=\"font-family:Times New Roman,Times,serif\">H&atilde;y c&ugrave;ng ch&uacute;ng t&ocirc;i t&igrave;m hiểu về những phương thức <strong>quản trị fanpage hiệu quả</strong>:</span></span></span></p>\r\n\r\n<h3 dir=\"ltr\" style=\"text-align:justify\"><span style=\"font-size:18px\"><strong><span style=\"color:#000000\"><span style=\"font-family:Times New Roman,Times,serif\">Quản trị fanpage hiệu quả đi s&acirc;u về nội dung v&agrave; chất lượng</span></span></strong></span></h3>\r\n\r\n<p dir=\"ltr\" style=\"text-align:justify\"><span style=\"color:#000000\"><span style=\"font-size:16px\"><span style=\"font-family:Times New Roman,Times,serif\">Nh&agrave; <strong>quản trị fanpage hiệu quả</strong> kh&ocirc;ng n&ecirc;n quan t&acirc;m đến số lượng b&agrave;i viết qu&aacute; nhiều, điều bạn n&ecirc;n quan t&acirc;m l&agrave; chất lượng b&agrave;i viết, h&atilde;y post những b&agrave;i viết c&oacute; t&iacute;nh đầu tư về nội dung chất lượng, đ&oacute; c&oacute; thể l&agrave; những b&agrave;i viết chia sẻ về những kỹ năng trong cuộc sống.</span></span></span></p>\r\n\r\n<p dir=\"ltr\" style=\"text-align:justify\"><span style=\"color:#000000\"><span style=\"font-size:16px\"><span style=\"font-family:Times New Roman,Times,serif\">Nếu bạn l&agrave; một người c&oacute; kiến thức, được cộng đồng mạng tin tưởng th&igrave; những sản phẩm bạn b&aacute;n mới được quan t&acirc;m nhiều.</span></span></span></p>\r\n\r\n<h3 dir=\"ltr\" style=\"text-align:justify\"><span style=\"font-size:18px\"><strong><span style=\"color:#000000\"><span style=\"font-family:Times New Roman,Times,serif\">Quản trị fanpage hiệu quả nhấn mạnh phần h&igrave;nh ảnh</span></span></strong></span></h3>\r\n\r\n<p dir=\"ltr\" style=\"text-align:justify\"><span style=\"color:#000000\"><span style=\"font-size:16px\"><span style=\"font-family:Times New Roman,Times,serif\">Với kiểu <strong>quản trị fanpage hiệu quả</strong> như thế n&agrave;y bạn n&ecirc;n post những b&agrave;i viết thi&ecirc;n về phần h&igrave;nh ảnh nhiều hơn, chọn lọc những h&igrave;nh ảnh c&oacute; khả năng thu h&uacute;t v&agrave; tạo sự th&iacute;ch th&uacute; cho người d&ugrave;ng facebook, đ&ocirc;i khi bạn c&oacute; thể sử dụng những h&igrave;nh ảnh h&agrave;i hước cũng rất c&oacute; hiệu quả.&nbsp;</span></span></span></p>\r\n\r\n<p dir=\"ltr\" style=\"text-align:center\"><img alt=\"quản trị fanpage hiệu quả \" height=\"400\" src=\"/image/images/quan-tri-fanpage-hieu-qua-hien-nay.jpg\" width=\"556\" /></p>\r\n\r\n<p dir=\"ltr\" style=\"text-align:center\"><em><span style=\"color:#000000\"><span style=\"font-size:16px\"><span style=\"font-family:Times New Roman,Times,serif\">Hướng dẫn c&aacute;ch quản trị fanpage hiệu quả</span></span></span></em></p>\r\n\r\n<h3 dir=\"ltr\" style=\"text-align:justify\"><span style=\"font-size:18px\"><strong><span style=\"color:#000000\"><span style=\"font-family:Times New Roman,Times,serif\">Quản trị fanpage hiệu quả cập nhật những th&ocirc;ng tin HOT</span></span></strong></span></h3>\r\n\r\n<p dir=\"ltr\" style=\"text-align:justify\"><span style=\"color:#000000\"><span style=\"font-size:16px\"><span style=\"font-family:Times New Roman,Times,serif\">Fanpage sẽ thường xuy&ecirc;n chia sẻ những xu hướng thời trang mới nhất chẳng hạn, những sản phẩm thời trang được người nổi tiếng tin d&ugrave;ng,&hellip;</span></span></span></p>\r\n\r\n<p dir=\"ltr\" style=\"text-align:justify\"><span style=\"color:#000000\"><span style=\"font-size:16px\"><span style=\"font-family:Times New Roman,Times,serif\">Với việc cung cấp những th&ocirc;ng tin như vậy, những sản phẩm của bạn c&oacute; thể l&agrave; những sản phẩm m&agrave; bạn chia sẻ trong b&agrave;i viết hoặc c&oacute; li&ecirc;n quan với b&agrave;i viết.</span></span></span></p>\r\n\r\n<p dir=\"ltr\" style=\"text-align:justify\"><span style=\"color:#000000\"><span style=\"font-size:16px\"><span style=\"font-family:Times New Roman,Times,serif\"><strong>Quản trị fanpage hiệu quả</strong> tập trung quảng b&aacute; cho sản phẩm v&agrave; chỉ quảng b&aacute; cho sản phẩm, thương hiệu của nh&agrave; cung cấp</span></span></span></p>\r\n\r\n<p dir=\"ltr\" style=\"text-align:justify\"><span style=\"color:#000000\"><span style=\"font-size:16px\"><span style=\"font-family:Times New Roman,Times,serif\">T&ugrave;y v&agrave;o từng ho&agrave;n cảnh, từng lĩnh vực m&agrave; bạn kinh doanh để bạn lựa chọn phương thức quản trị fanpage ph&ugrave; hợp, để đảm bảo<strong> quản trị fanpage hiệu quả </strong>h&atilde;y giao ph&oacute; c&ocirc;ng việc đ&oacute; cho một nh&agrave; quản trị mạng tin cậy</span></span></span></p>\r\n', 'cach-quan-tri-fanpage-hieu-qua.jpg', 0, 72, '', '2019-02-11 20:02:05', '2019-02-25 18:02:38', 1, '', '', '', '', '', '[TÌM HIỂU] Những phương thức quản trị fanpage hiệu quả hiện nay', 'Quản trị fanpage hiệu quả như thế nào? Bạn vẫn đang đi tìm những cách để quản trị fanpage hiệu quả. Hãy cùng Ánh Dương tìm hiểu qua nhưng phương thức dưới đây nhé.', 'nhung-phuong-thuc-quan-tri-fanpage-hieu-qua-hien-nay', 'quản trị fanpage hiệu quả, quan tri fanpage hieu qua', 1, ''),
(5, 'Tìm hiểu những xu hướng facebook marketing phát triển hiện nay', 'Hình ảnh bán hàng online trên facebook có lẽ đã không còn xa lạ đối với giới trẻ, tuy nhiên làm thế nào để marketing hiệu quả cho những sản phẩm của mình và những xu hướng facebook marketing nào đang được ứng dụng rộng rãi và đạt hiệu quả nhất hiện nay, hãy tham khảo bài viết này.', '<p dir=\"ltr\" style=\"text-align:justify\"><span style=\"font-size:16px\"><span style=\"font-family:Times New Roman,Times,serif\">Với <strong>xu hướng facebook marketing </strong>c&ugrave;ng sự ph&aacute;t triển của hệ thống mạng lưới internet ra đời g&oacute;p phần tạo ra một sợi d&acirc;y li&ecirc;n kết giữa tầm hiểu biết của lo&agrave;i người với nhau.</span></span></p>\r\n\r\n<p dir=\"ltr\" style=\"text-align:justify\"><span style=\"font-size:16px\"><span style=\"font-family:Times New Roman,Times,serif\"><strong>Xu hướng facebook marketing </strong>tạo th&agrave;nh một quyển b&aacute;ch khoa to&agrave;n thư gi&uacute;p người d&ugrave;ng tra cứu mọi th&ocirc;ng tin,cũng như li&ecirc;n lạc kết nối với nhau từ khắp mọi miền tr&ecirc;n tr&aacute;i đất.</span></span></p>\r\n\r\n<h2 dir=\"ltr\" style=\"text-align:justify\"><strong><span style=\"color:#c0392b\"><span style=\"font-size:20px\"><span style=\"font-family:Times New Roman,Times,serif\">Xu hướng facebook marketing n&agrave;y c&agrave;ng ph&aacute;t triển</span></span></span></strong></h2>\r\n\r\n<p dir=\"ltr\" style=\"text-align:justify\"><span style=\"font-size:16px\"><span style=\"font-family:Times New Roman,Times,serif\"><strong>Xu hướng facebook marketing</strong> được h&igrave;nh th&agrave;nh dựa tr&ecirc;n nguy&ecirc;n l&yacute; hoạt động của internet, bằng một mạng lưới internet rộng khắp con người đ&atilde; s&aacute;ng kiến ra facebook.</span></span></p>\r\n\r\n<p dir=\"ltr\" style=\"text-align:justify\"><span style=\"font-size:16px\"><span style=\"font-family:Times New Roman,Times,serif\">Ở đ&oacute; con người c&oacute; thể tạo ra một đại diện của m&igrave;nh tr&ecirc;n thế giới internet, tại facebook con người c&oacute; thể chia sẻ th&ocirc;ng tin c&aacute; nh&acirc;n của m&igrave;nh.</span></span></p>\r\n\r\n<p dir=\"ltr\" style=\"text-align:justify\"><span style=\"font-size:16px\"><span style=\"font-family:Times New Roman,Times,serif\">Chia sẻ những th&ocirc;ng tin kh&aacute;c, v&agrave; tất cả những người tham gia facebook tr&ecirc;n to&agrave;n thế giới đều c&oacute; thể nh&igrave;n thấy th&ocirc;ng tin m&agrave; bạn chia sẻ. </span></span></p>\r\n\r\n<p dir=\"ltr\" style=\"text-align:center\"><span style=\"font-size:16px\"><span style=\"font-family:Times New Roman,Times,serif\"><img alt=\"xu hướng facebook marketing \" height=\"350\" src=\"/image/images/dich-vu-facebook-marketing-gia-re.jpg\" width=\"600\" /></span></span></p>\r\n\r\n<p dir=\"ltr\" style=\"text-align:center\"><em><span style=\"color:#000000\"><span style=\"font-size:16px\"><span style=\"font-family:Times New Roman,Times,serif\">Xu hướng facebook marketing</span></span></span></em></p>\r\n\r\n<p dir=\"ltr\" style=\"text-align:justify\"><span style=\"color:#16a085\"><span style=\"font-size:36px\"><strong><span style=\"font-family:Times New Roman,Times,serif\">|</span></strong></span></span><em><span style=\"color:#000000\"><span style=\"font-size:14px\"><span style=\"font-family:Times New Roman,Times,serif\">&quot;Xem th&ecirc;m c&aacute;c c&aacute;ch chăm s&oacute;c quản l&yacute; fanpage </span></span></span><span style=\"font-size:14px\"><span style=\"font-family:Times New Roman,Times,serif\"><strong><a href=\"https://www.kinhdoanhinternet.com.vn/dich-vu-cham-soc-quan-ly-fanpage\"><span style=\"color:#8e44ad\">TẠI Đ&Acirc;Y</span></a></strong></span><span style=\"color:#000000\"><span style=\"font-family:Times New Roman,Times,serif\">&quot;</span></span></span></em></p>\r\n\r\n<p dir=\"ltr\" style=\"text-align:justify\"><span style=\"font-size:16px\"><span style=\"font-family:Times New Roman,Times,serif\">Ch&iacute;nh v&igrave; vậy, <strong>xu hướng facebook marketing</strong> ra đời gi&uacute;p cho c&ocirc;ng việc quảng b&aacute; sản phẩm của người b&aacute;n diễn ra đơn giản hơn nhưng lại c&oacute; t&iacute;nh ảnh hưởng lớn hơn rất nhiều lần so với quảng b&aacute;.</span></span></p>\r\n\r\n<p dir=\"ltr\" style=\"text-align:justify\"><span style=\"font-size:16px\"><span style=\"font-family:Times New Roman,Times,serif\">Bằng h&igrave;nh thức th&ocirc;ng thường, gi&uacute;p n&acirc;ng cao hiệu quả b&aacute;n h&agrave;ng cho nh&agrave; kinh doanh, tạo th&ecirc;m thu nhập&hellip; </span></span></p>\r\n\r\n<h2 dir=\"ltr\" style=\"text-align:justify\"><span style=\"color:#c0392b\"><span style=\"font-size:20px\"><strong><span style=\"font-family:Times New Roman,Times,serif\">Những xu hướng facebook marketing đang được ứng dụng rộng r&atilde;i hiện nay</span></strong></span></span></h2>\r\n\r\n<p dir=\"ltr\" style=\"text-align:justify\"><span style=\"font-size:16px\"><span style=\"font-family:Times New Roman,Times,serif\">C&oacute; rất nhiều h&igrave;nh thức b&aacute;n h&agrave;ng online kh&aacute;c nhau, kh&aacute;c với b&aacute;n h&agrave;ng tại c&aacute;c trang thương mại điện tử.</span></span></p>\r\n\r\n<p dir=\"ltr\" style=\"text-align:justify\"><span style=\"font-size:16px\"><span style=\"font-family:Times New Roman,Times,serif\">Việc bạn cần l&agrave;m l&agrave; đăng c&aacute;c sản phẩm của m&igrave;nh n&ecirc;n, việc c&ograve;n lại như quảng b&aacute;, vận chuyển, thu tiền sẽ do nh&agrave; dịch vụ l&agrave;m nhưng bạn sẽ phải trả ph&iacute;.</span></span></p>\r\n\r\n<p dir=\"ltr\" style=\"text-align:justify\"><span style=\"font-size:16px\"><span style=\"font-family:Times New Roman,Times,serif\">C&ograve;n với <strong>xu hướng facebook marketing</strong> bạn c&oacute; thể b&aacute;n h&agrave;ng với chi ph&iacute; bỏ ra chỉ 0 đồng, nếu biết sử dụng những phương ph&aacute;p facebook marketing đ&uacute;ng bạn sẽ thu được nguồn lợi nhuận kh&ocirc;ng tưởng.</span></span></p>\r\n\r\n<p dir=\"ltr\" style=\"text-align:center\"><span style=\"font-size:16px\"><span style=\"font-family:Times New Roman,Times,serif\"><img alt=\"xu hướng facebook marketing \" height=\"350\" src=\"/image/images/tim-hieu-xu-huong-facebook-marketing.jpg\" width=\"600\" /></span></span></p>\r\n\r\n<p dir=\"ltr\" style=\"text-align:center\"><em><span style=\"font-size:16px\"><span style=\"font-family:Times New Roman,Times,serif\">Xu hướng facebook marketing</span></span></em></p>\r\n\r\n<h2 dir=\"ltr\" style=\"text-align:justify\"><span style=\"color:#c0392b\"><span style=\"font-size:20px\"><strong><span style=\"font-family:Times New Roman,Times,serif\">Top xu hướng facebook marketing c&oacute; t&iacute;nh hiệu quả nhất</span></strong></span></span></h2>\r\n\r\n<h3 dir=\"ltr\" style=\"text-align:justify\"><span style=\"font-size:18px\"><strong><span style=\"font-family:Times New Roman,Times,serif\">Xu hướng facebook marketing l</span></strong><span style=\"font-family:Times New Roman,Times,serif\"><strong>ivestream</strong></span></span></h3>\r\n\r\n<p dir=\"ltr\" style=\"text-align:justify\"><span style=\"font-size:16px\"><span style=\"font-family:Times New Roman,Times,serif\"><strong>Xu hướng facebook marketing</strong> người ti&ecirc;u d&ugrave;ng c&oacute; xu hướng tẩy chay h&agrave;ng online, d&ugrave; b&aacute;n gi&aacute; rẻ cũng kh&ocirc;ng được ưa chuộng l&agrave; bởi v&igrave; sản phẩm online thường c&oacute; h&igrave;nh ảnh rất đẹp nhưng thực tế th&igrave; kh&ocirc;ng được như vậy, để khắc phục nhược điểm n&agrave;y. </span></span></p>\r\n\r\n<p dir=\"ltr\" style=\"text-align:justify\"><span style=\"font-size:16px\"><span style=\"font-family:Times New Roman,Times,serif\">Người b&aacute;n c&oacute; thể sử dụng <strong>xu hướng facebook marketing</strong> c&aacute;ch livestream, hiểu một c&aacute;ch đơn giản th&igrave; livestream ch&iacute;nh l&agrave; tường thuật trực tiếp.</span></span></p>\r\n\r\n<p dir=\"ltr\" style=\"text-align:justify\"><span style=\"font-size:16px\"><span style=\"font-family:Times New Roman,Times,serif\">Kh&aacute;ch h&agrave;ng c&oacute; thể xem trực tiếp sản phẩm qua video do người b&aacute;n đăng để từ đ&oacute; c&oacute; nhận định về chất lượng, kiểu d&aacute;ng v&agrave; quyết định mua sản phẩm. </span></span></p>\r\n\r\n<p dir=\"ltr\" style=\"text-align:justify\"><span style=\"font-size:16px\"><span style=\"font-family:Times New Roman,Times,serif\"><strong>Xu hướng facebook marketing</strong> bằng livestream đặc biệt ph&ugrave; hợp đối với nh&agrave; b&aacute;n h&agrave;ng về lĩnh vực thời trang như quần &aacute;o, mũ n&oacute;n, gi&agrave;y d&eacute;p&hellip;</span></span></p>\r\n\r\n<h3 dir=\"ltr\" style=\"text-align:justify\"><span style=\"font-size:18px\"><strong><span style=\"font-family:Times New Roman,Times,serif\">Xu hướng facebook marketing tự động h&oacute;a</span></strong></span></h3>\r\n\r\n<p dir=\"ltr\" style=\"text-align:justify\"><span style=\"font-size:16px\"><span style=\"font-family:Times New Roman,Times,serif\">Những kh&aacute;ch h&agrave;ng đa số đều hỏi những c&acirc;u hỏi c&oacute; cấu tr&uacute;c tương tự nhau như sản phẩm n&agrave;y c&ograve;n kh&ocirc;ng, c&oacute; những m&agrave;u g&igrave;, c&oacute; những size g&igrave;, hay vừa với người bao nhi&ecirc;u c&acirc;n,&hellip; </span></span></p>\r\n\r\n<p dir=\"ltr\" style=\"text-align:justify\"><span style=\"font-size:16px\"><span style=\"font-family:Times New Roman,Times,serif\">V&igrave; vậy <strong>xu hướng facebook marketing</strong> b&aacute;n h&agrave;ng c&oacute; thể x&acirc;y dựng những chatbox với nội dung c&oacute; sẵn, trả lời tự động, nhằm phục vụ kh&aacute;ch h&agrave;ng tốt nhất, tiết kiệm thời gian cho nh&agrave; cung cấp.</span></span></p>\r\n\r\n<p dir=\"ltr\" style=\"text-align:center\"><span style=\"font-size:16px\"><span style=\"font-family:Times New Roman,Times,serif\"><img alt=\"xu hướng facebook marketing\" height=\"350\" src=\"/image/images/xu-huong-facebook-marketing.jpg\" width=\"600\" /></span></span></p>\r\n\r\n<p dir=\"ltr\" style=\"text-align:center\"><em><span style=\"font-size:16px\"><span style=\"font-family:Times New Roman,Times,serif\">Xu hướng facebook marketing</span></span></em></p>\r\n\r\n<p dir=\"ltr\" style=\"text-align:justify\"><span style=\"color:#16a085\"><span style=\"font-size:36px\"><strong><span style=\"font-family:Times New Roman,Times,serif\">|</span></strong></span></span><em><span style=\"font-size:14px\"><span style=\"font-family:Times New Roman,Times,serif\">&quot; Những lợi &iacute;ch khi quản trị fanpage hiệu quả như thế n&agrave;o? Bạn h&atilde;y tham khảo th&ecirc;m b&agrave;i viết <strong><a href=\"https://www.kinhdoanhinternet.com.vn/nhung-phuong-thuc-quan-tri-fanpage-hieu-qua-hien-nay\"><span style=\"color:#8e44ad\">quản trị fanpage hiệu quả</span></a> </strong>của ch&uacute;ng t&ocirc;i nh&eacute;.&quot;</span></span></em></p>\r\n\r\n<h3 dir=\"ltr\" style=\"text-align:justify\"><span style=\"font-size:18px\"><strong><span style=\"font-family:Times New Roman,Times,serif\">Xu hướng facebook marketing thu&ecirc; người trả lời tin nhắn tr&ecirc;n facebook</span></strong></span></h3>\r\n\r\n<p dir=\"ltr\" style=\"text-align:justify\"><span style=\"font-size:16px\"><span style=\"font-family:Times New Roman,Times,serif\"><strong>Xu hướng facebook marketing</strong> với chi ph&iacute; thu&ecirc; người comment cao, hơn nữa mọi người c&agrave;ng ng&agrave;y c&agrave;ng c&oacute; xu hướng nhắn tin inbox qua facebook.</span></span></p>\r\n\r\n<p dir=\"ltr\" style=\"text-align:justify\"><span style=\"font-size:16px\"><span style=\"font-family:Times New Roman,Times,serif\">H&atilde;y bỏ ra một ch&uacute;t chi ph&iacute; thu&ecirc; người trả lời tin nhắn nếu bạn kh&ocirc;ng c&oacute; thời gian để đảm bảo dịch vụ chăm s&oacute;c kh&aacute;ch h&agrave;ng được tốt nhất.</span></span></p>\r\n\r\n<h3 dir=\"ltr\" style=\"text-align:justify\"><span style=\"font-size:18px\"><strong><span style=\"font-family:Times New Roman,Times,serif\">Xu hướng facebook marketing quảng c&aacute;o d&ugrave;ng người nổi tiếng</span></strong></span></h3>\r\n\r\n<p dir=\"ltr\" style=\"text-align:justify\"><span style=\"font-size:16px\"><span style=\"font-family:Times New Roman,Times,serif\">Quảng c&aacute;o d&ugrave;ng người nổi tiếng sẽ n&acirc;ng cao lượt theo d&otilde;i v&agrave; đồng thời n&acirc;ng tầm thương hiệu sản phẩm.</span></span></p>\r\n\r\n<h3 dir=\"ltr\" style=\"text-align:justify\"><span style=\"font-size:18px\"><strong><span style=\"font-family:Times New Roman,Times,serif\">Xu hướng facebook marketing thu&ecirc; người viết SEO</span></strong></span></h3>\r\n\r\n<p dir=\"ltr\" style=\"text-align:justify\"><span style=\"font-size:16px\"><span style=\"font-family:Times New Roman,Times,serif\">Một v&agrave;i trường hợp bạn viết v&agrave; đăng rất nhiều nhưng b&agrave;i viết của bạn rất &iacute;t thu h&uacute;t, bạn mất kh&aacute; nhiều thời gian v&agrave; c&ocirc;ng sức nhưng kh&ocirc;ng đạt hiệu quả, doanh thu b&aacute;n h&agrave;ng vẫn &igrave; ạch v&agrave;i ở một con số. </span></span></p>\r\n\r\n<p dir=\"ltr\" style=\"text-align:justify\"><span style=\"font-size:16px\"><span style=\"font-family:Times New Roman,Times,serif\">Đừng lo lắng, với một khoản chi ph&iacute; rất nhỏ, bạn sẽ c&oacute; được b&agrave;i viết giới thiệu sản phẩm, thu h&uacute;t nhiều kh&aacute;ch h&agrave;ng, v&agrave; dẫn đầu top t&igrave;m kiếm. </span></span></p>\r\n\r\n<p dir=\"ltr\" style=\"text-align:justify\"><span style=\"font-size:16px\"><span style=\"font-family:Times New Roman,Times,serif\">Với những kỹ năng viết chuẩn CEO, những b&agrave;i quảng c&aacute;o sản phẩm của bạn sẽ ngay lập tức ph&aacute;t huy được t&aacute;c dụng. </span></span></p>\r\n\r\n<p dir=\"ltr\" style=\"text-align:justify\"><span style=\"font-size:16px\"><span style=\"font-family:Times New Roman,Times,serif\">Đ&acirc;y đang l&agrave; một trong những <strong>xu hướng facebook marketing</strong> thịnh h&agrave;nh nhất hiện nay</span></span></p>\r\n\r\n<h3 dir=\"ltr\" style=\"text-align:justify\"><span style=\"font-size:18px\"><strong><span style=\"font-family:Times New Roman,Times,serif\">Xu hướng facebook marketing với tham gia nh&oacute;m</span></strong></span></h3>\r\n\r\n<p dir=\"ltr\" style=\"text-align:justify\"><span style=\"font-size:16px\"><span style=\"font-family:Times New Roman,Times,serif\"><strong>Xu hướng facebook marketing</strong> hiệu quả l&agrave; tham gia v&agrave;o c&aacute;c hội nh&oacute;m để quảng b&aacute; sản phẩm, nhờ c&aacute;ch n&agrave;y bạn c&oacute; thể khoanh v&ugrave;ng kh&aacute;ch h&agrave;ng tiềm năng, gi&uacute;p b&agrave;i viết của bạn được ch&uacute; &yacute; hơn.</span></span></p>\r\n\r\n<h3 dir=\"ltr\" style=\"text-align:justify\"><span style=\"font-size:18px\"><strong><span style=\"font-family:Times New Roman,Times,serif\">Xu hướng facebook marketing content Facebook</span></strong></span></h3>\r\n\r\n<p dir=\"ltr\" style=\"text-align:justify\"><span style=\"font-size:16px\"><span style=\"font-family:Times New Roman,Times,serif\">Sự cạnh tranh giữa những thương hiệu l&agrave;m quảng c&aacute;o Facebook đ&oacute; l&agrave; Content. Ai c&oacute; nội dung hấp dẫn hơn th&igrave; sẽ thu h&uacute;t được nhiều kh&aacute;ch h&agrave;ng hơn. </span></span></p>\r\n\r\n<p dir=\"ltr\" style=\"text-align:justify\"><span style=\"font-size:16px\"><span style=\"font-family:Times New Roman,Times,serif\">Bởi vậy, ng&acirc;n s&aacute;ch đầu tư v&agrave;o content Facebook cũng phải lớn hơn, đầu tư cả về nh&acirc;n lực v&agrave; nguồn lực.</span></span></p>\r\n\r\n<p dir=\"ltr\" style=\"text-align:center\"><span style=\"font-size:16px\"><span style=\"font-family:Times New Roman,Times,serif\"><img alt=\"xu hướng facebook marketing\" height=\"350\" src=\"/image/images/xu-huong-facebook-marketing-2019.jpg\" width=\"600\" /></span></span></p>\r\n\r\n<p dir=\"ltr\" style=\"text-align:center\"><em><span style=\"font-size:16px\"><span style=\"font-family:Times New Roman,Times,serif\">Xu hướng facebook marketing</span></span></em></p>\r\n\r\n<h3 dir=\"ltr\" style=\"text-align:justify\"><span style=\"font-size:18px\"><strong><span style=\"font-family:Times New Roman,Times,serif\">Facebook thắt chặt lượng Organic Search</span></strong></span></h3>\r\n\r\n<p dir=\"ltr\" style=\"text-align:justify\"><span style=\"font-size:16px\"><span style=\"font-family:Times New Roman,Times,serif\">Facebook t&igrave;m kiếm kh&aacute;ch h&agrave;ng dựa theo th&oacute;i quen, h&agrave;nh vi t&igrave;m kiếm của người ti&ecirc;u d&ugrave;ng nhưng t&iacute;nh năng bảo mật th&ocirc;ng tin kh&aacute;ch h&agrave;ng c&agrave;ng phải thắt chặt hơn. </span></span></p>\r\n\r\n<p dir=\"ltr\" style=\"text-align:justify\"><span style=\"font-size:16px\"><span style=\"font-family:Times New Roman,Times,serif\">Bởi vậy việc t&igrave;m kiếm kh&aacute;ch h&agrave;ng cũng trở n&ecirc;n kh&oacute; khăn hơn.</span></span></p>\r\n\r\n<p dir=\"ltr\" style=\"text-align:justify\"><span style=\"font-size:16px\"><span style=\"font-family:Times New Roman,Times,serif\">Với sự ph&aacute;t triển ng&agrave;y c&agrave;ng mạnh của <strong>xu hướng facebook marketing</strong>, đ&acirc;y đ&atilde; trở th&agrave;nh nguồn kinh doanh với mức lợi nhuận khủng, mang đến gi&aacute; trị hiệu quả kinh tế lớn.</span></span></p>\r\n', 'xu-huong-facebook-marketing-2019.jpg', 0, 72, '', '2019-02-11 22:02:46', '2019-03-03 11:03:51', 1, '', '', '', '', '', '[TÌM HIỂU] Những xu hướng facebook marketing phát triển hiện nay', 'Bạn đang muốn tìm hiểu xu hướng facebook marketing là gì? Hiện nay có những xu hướng facebook marketing nào? Hãy cùng chúng tôi tìm hiểu qua bài viết dưới đây.', 'nhung-xu-huong-facebook-marketing-hien-nay', 'Xu hướng facebook marketing, xu huong facebook marketing', 1, '');
INSERT INTO `news` (`news_id`, `news_name`, `news_des`, `news_content`, `news_img`, `news_views`, `newscat_id`, `news_author`, `news_created_date`, `news_update_date`, `state`, `news_sub_info1`, `news_sub_info2`, `news_sub_info3`, `news_sub_info4`, `news_sub_info5`, `title_seo`, `des_seo`, `friendly_url`, `keyword`, `created_id`, `newstag_arr`) VALUES
(6, 'Tìm hiểu cách check Unique bài viết chuẩn SEO', 'Sau đây, chúng tôi sẽ chia sẻ với các bạn một số hướng dẫn check unique bài viết chuẩn SEO.', '<p dir=\"ltr\" style=\"text-align:justify\"><span style=\"font-size:16px\"><span style=\"font-family:Times New Roman,Times,serif\"><strong>Check unique b&agrave;i viết chuẩn SEO, c&ocirc;ng cụ kiểm tra độ tr&ugrave;ng lặp nội dung </strong>hiện được nhiều người sử dụng v&agrave; t&igrave;m kiểm để n&acirc;ng cao chất lượng nội dung độ mới của b&agrave;i viết trước khi khai b&aacute;o với google.</span></span></p>\r\n\r\n<p dir=\"ltr\" style=\"text-align:justify\"><span style=\"font-size:16px\"><span style=\"font-family:Times New Roman,Times,serif\">Để viết được một b&agrave;i chuẩn SEO th&igrave; đ&ograve;i hỏi người viết cần phải c&oacute; năng lực thực sự. Lấy nội dung để l&agrave;m nền tảng nhu cầu t&igrave;m kiếm của người d&ugrave;ng.</span></span></p>\r\n\r\n<p dir=\"ltr\" style=\"text-align:justify\"><span style=\"font-size:16px\"><span style=\"font-family:Times New Roman,Times,serif\">Ngo&agrave;i ra, nếu như bạn l&agrave;m tốt về mặt nội dung v&agrave; check uniquur content tốt gi&uacute;p bạn c&oacute; những traffic tập trung, nhắm đ&uacute;ng đối tượng cần hướng tới m&agrave; c&ograve;n l&agrave; phương ph&aacute;p duy tr&igrave; sự tương t&aacute;c giữa độc giả về sau n&agrave;y.</span></span></p>\r\n\r\n<p dir=\"ltr\" style=\"text-align:justify\"><span style=\"font-size:16px\"><span style=\"font-family:Times New Roman,Times,serif\">Nhưng để l&agrave;m được như vậy ch&uacute;ng ta cần phải t&igrave;m hiểu unique l&agrave; g&igrave;?<strong> Check unique b&agrave;i viết chuẩn SEO</strong> l&agrave; g&igrave;? &nbsp;B&agrave;i viết chuẩn SEO l&agrave; g&igrave;? </span></span></p>\r\n\r\n<h2 dir=\"ltr\" style=\"text-align:justify\"><span style=\"color:#c0392b\"><span style=\"font-size:20px\"><strong><span style=\"font-family:Times New Roman,Times,serif\">T&igrave;m hiểu check unique b&agrave;i viết chuẩn SEO l&agrave; g&igrave;</span></strong></span></span></h2>\r\n\r\n<h3 dir=\"ltr\" style=\"text-align:justify\"><strong><span style=\"font-size:18px\"><span style=\"font-family:Times New Roman,Times,serif\">Check unique l&agrave; g&igrave;</span></span></strong></h3>\r\n\r\n<p dir=\"ltr\" style=\"text-align:justify\"><span style=\"font-size:16px\"><span style=\"font-family:Times New Roman,Times,serif\"><strong>Check unique</strong> l&agrave; t&iacute;nh độc đ&aacute;o, độc nhất của thương hiệu, hay một sản phẩm n&agrave;o đ&oacute;. hay một b&agrave;i viết của một ai đ&oacute;. Mặt kh&aacute;c, c<strong>heck unique </strong>c&ograve;n l&agrave; bản chất của những g&igrave; l&agrave;m cho sản phẩm hoặc dịch vụ của bạn tốt hơn so với đối thủ cạnh tranh.</span></span></p>\r\n\r\n<h3 dir=\"ltr\" style=\"text-align:justify\"><span style=\"font-size:18px\"><strong><span style=\"font-family:Times New Roman,Times,serif\">B&agrave;i viết chuẩn SEO l&agrave; g&igrave;</span></strong></span></h3>\r\n\r\n<p dir=\"ltr\" style=\"text-align:justify\"><span style=\"font-size:16px\"><span style=\"font-family:Times New Roman,Times,serif\">B&agrave;i viết chuẩn SEO l&agrave; một b&agrave;i viết tự nhi&ecirc;n, kh&ocirc;ng lặp lại qu&aacute; nhiều từ kho&aacute;, v&agrave; được tạo ra để k&eacute;o c&aacute;c traffic từ bộ m&aacute;y c&ocirc;ng cụ t&igrave;m kiếm. </span></span></p>\r\n\r\n<p dir=\"ltr\" style=\"text-align:justify\"><span style=\"font-size:16px\"><span style=\"font-family:Times New Roman,Times,serif\">Điều quan trọng ở đ&acirc;y l&agrave; b&agrave;i viết phải được chọn v&agrave; sử dụng một c&aacute;ch kh&eacute;o l&eacute;o v&agrave; tối ưu nhất. Đ&oacute; l&agrave; điểm mấu chốt của vấn đề để b&agrave;i viết l&agrave;m h&agrave;i l&ograve;ng bộ m&aacute;y t&igrave;m kiếm v&agrave; kh&aacute;ch h&agrave;ng kh&aacute;ch h&agrave;ng thấy được năng lực ở bạn.</span></span></p>\r\n\r\n<p dir=\"ltr\" style=\"text-align:center\"><span style=\"font-size:16px\"><span style=\"font-family:Times New Roman,Times,serif\"><img alt=\"check unique bài viết chuẩn SEO\" height=\"350\" src=\"/image/images/check-unique-bai-viet-chuan-seo.jpg\" width=\"600\" /></span></span></p>\r\n\r\n<p dir=\"ltr\" style=\"text-align:center\"><em><span style=\"font-size:16px\"><span style=\"font-family:Times New Roman,Times,serif\">Check unique b&agrave;i viết chuẩn SEO</span></span></em></p>\r\n\r\n<p dir=\"ltr\" style=\"text-align:justify\"><span style=\"font-size:36px\"><span style=\"color:#16a085\"><strong><span style=\"font-family:Times New Roman,Times,serif\">|</span></strong></span></span><em><span style=\"font-size:14px\"><span style=\"font-family:Times New Roman,Times,serif\">&quot;Viết b&agrave;i chuẩn SEO l&agrave; g&igrave;? Dịch vụ viết b&agrave;i chuẩn SEO như thế n&agrave;o?&nbsp; Bạn h&atilde;y tham khảo th&ecirc;m b&agrave;i viết <a href=\"https://www.kinhdoanhinternet.com.vn/dich-vu-nhan-viet-bai-chuan-seo-thue\"><span style=\"color:#8e44ad\"><strong>Dịch vụ viết b&agrave;i chuẩn SEO</strong></span></a> của ch&uacute;ng t&ocirc;i nh&eacute;.&quot;</span></span></em></p>\r\n\r\n<h3 dir=\"ltr\" style=\"text-align:justify\"><span style=\"font-size:18px\"><strong><span style=\"font-family:Times New Roman,Times,serif\">Check unique b&agrave;i viết chuẩn SEO l&agrave; g&igrave;</span></strong></span></h3>\r\n\r\n<p dir=\"ltr\" style=\"text-align:justify\"><span style=\"font-size:16px\"><span style=\"font-family:Times New Roman,Times,serif\"><strong>Check unique b&agrave;i viết chuẩn SEO</strong> l&agrave; một <strong>c&ocirc;ng cụ kiểm tra tr&ugrave;ng lặp nội dung</strong>. Kh&ocirc;ng cần biết bạn v&ocirc; t&igrave;nh hay cố &yacute; chỉ cần nội dung của website bạn tr&ugrave;ng với một website bất kỳ th&igrave; <strong>c&ocirc;ng cụ kiểm tra tr&ugrave;ng lặp nội dung</strong> sẽ t&igrave;m ra v&agrave; b&agrave;i viết của bạn rớt hạng l&agrave; một điều chắc chắn.</span></span></p>\r\n\r\n<h2 dir=\"ltr\" style=\"text-align:justify\"><span style=\"color:#c0392b\"><span style=\"font-size:20px\"><strong><span style=\"font-family:Times New Roman,Times,serif\">Check unique content b&agrave;i viết chuẩn SEO bằng tay</span></strong></span></span></h2>\r\n\r\n<p dir=\"ltr\" style=\"text-align:justify\"><span style=\"font-size:16px\"><span style=\"font-family:Times New Roman,Times,serif\">Nhiều người đặt ra c&acirc;u hỏi l&agrave; liệu c&oacute; c&oacute; hay kh&ocirc;ng thủ thuật <strong>check unique b&agrave;i viết chuẩn SEO</strong> bằng tay? Đương nhi&ecirc;n l&agrave; c&oacute;, v&agrave; hơn nữa thủ thuật <strong>check content unique</strong> v&ocirc; c&ugrave;ng đơn giản v&agrave; hầu như bạn chẳng cần phải l&agrave;m g&igrave; cả, đơn thuần l&agrave; copy một đoạn văn bất k&igrave; ở tr&ecirc;n b&agrave;i viết sau đ&oacute; paste l&ecirc;n trang t&igrave;m kiếm google, hoặc trang t&igrave;m kiếm n&agrave;o đ&oacute; t&ugrave;y bạn. </span></span></p>\r\n\r\n<p dir=\"ltr\" style=\"text-align:justify\"><span style=\"font-size:16px\"><span style=\"font-family:Times New Roman,Times,serif\">C&ocirc;ng việc l&uacute;c n&agrave;y của bạn l&agrave; nh&igrave;n v&agrave;o kết quả hiện ra v&agrave;o những chữ in đậm, sẽ c&oacute; kết quả bạn cần.&nbsp;</span></span><span style=\"font-size:16px\"><span style=\"font-family:Times New Roman,Times,serif\">Do phương ph&aacute;p <strong>kiểm tra tr&ugrave;ng lặp nội dung</strong> n&agrave;y đa phần dựa v&agrave;o sự ph&aacute;n đo&aacute;n của bạn n&ecirc;n đ&ocirc;i khi sẽ c&oacute; sự sai lệch v&agrave; kết quả đem lại chỉ l&agrave; sự tưởng đối.</span></span></p>\r\n\r\n<h2 dir=\"ltr\" style=\"text-align:justify\"><span style=\"color:#c0392b\"><span style=\"font-size:20px\"><strong><span style=\"font-family:Times New Roman,Times,serif\">Check unique b&agrave;i viết chuẩn SEO với c&ocirc;ng cụ small SEO</span></strong></span></span></h2>\r\n\r\n<p dir=\"ltr\" style=\"text-align:justify\"><span style=\"font-size:16px\"><span style=\"font-family:Times New Roman,Times,serif\">Để <strong>check unique b&agrave;i viết chuẩn SEO</strong> bằng c&ocirc;ng cụ n&agrave;y, bạn cần thực hiện 3 bước:</span></span></p>\r\n\r\n<ol>\r\n	<li dir=\"ltr\">\r\n	<p dir=\"ltr\" style=\"text-align:justify\"><span style=\"font-size:16px\"><span style=\"font-family:Times New Roman,Times,serif\">B1: Truy cập website: https://smallseotools.com/plagiarism-checker/</span></span></p>\r\n	</li>\r\n	<li dir=\"ltr\">\r\n	<p dir=\"ltr\" style=\"text-align:justify\"><span style=\"font-size:16px\"><span style=\"font-family:Times New Roman,Times,serif\">B2: Nhập nội dung b&agrave;i viết v&agrave;o mục copy v&agrave; paste your text below ( giới hạn trong 1000 từ)</span></span></p>\r\n	</li>\r\n	<li dir=\"ltr\">\r\n	<p dir=\"ltr\" style=\"text-align:justify\"><span style=\"font-size:16px\"><span style=\"font-family:Times New Roman,Times,serif\">B3: Tiến h&agrave;nh check Unique &ndash; Check Plagiarism. Kết quả sẽ hiện ra sau một &iacute;t ph&uacute;t:</span></span></p>\r\n	</li>\r\n</ol>\r\n\r\n<p dir=\"ltr\" style=\"text-align:justify\"><span style=\"font-size:16px\"><span style=\"font-family:Times New Roman,Times,serif\">- 100% <strong>check unique b&agrave;i viết chuẩn SEO</strong></span></span></p>\r\n\r\n<p dir=\"ltr\" style=\"text-align:justify\"><span style=\"font-size:16px\"><span style=\"font-family:Times New Roman,Times,serif\">- Nếu c&oacute; lỗi th&igrave; b&eacute; hơn 100%, nh&igrave;n tr&ecirc;n đ&oacute; bạn sẽ thấy c&acirc;u n&agrave;o copy, chỉnh sửa lại cho n&oacute; đặt chuẩn.</span></span></p>\r\n\r\n<h2 dir=\"ltr\" style=\"text-align:justify\"><span style=\"color:#c0392b\"><span style=\"font-size:20px\"><strong><span style=\"font-family:Times New Roman,Times,serif\">L&agrave;m thế n&agrave;o để check unique b&agrave;i viết chuẩn SEO</span></strong></span></span></h2>\r\n\r\n<p dir=\"ltr\" style=\"text-align:center\"><span style=\"font-size:16px\"><span style=\"font-family:Times New Roman,Times,serif\"><img alt=\"check unique bài viết chuẩn SEO\" height=\"350\" src=\"/image/images/check-unique-bai-viet-chuan-seo-smaill-SEO.jpg\" width=\"600\" /></span></span></p>\r\n\r\n<p dir=\"ltr\" style=\"text-align:center\"><em><span style=\"font-size:16px\"><span style=\"font-family:Times New Roman,Times,serif\">L&agrave;m sao để kiểm tra nội dung chuẩn SEO</span></span></em></p>\r\n\r\n<p dir=\"ltr\" style=\"text-align:justify\"><span style=\"color:#16a085\"><span style=\"font-size:36px\"><strong><span style=\"font-family:Times New Roman,Times,serif\">|</span></strong></span></span><em><span style=\"font-size:14px\"><span style=\"font-family:Times New Roman,Times,serif\">&quot;Xem th&ecirc;m những c&ocirc;ng cụ kiểm tra b&agrave;i viết chuẩn SEO <a href=\"https://www.kinhdoanhinternet.com.vn/top-5-cong-cu-kiem-tra-bai-viet-chuan-seo\"><strong>TẠI Đ&Acirc;Y</strong></a>.&quot;</span></span></em></p>\r\n\r\n<p dir=\"ltr\" style=\"text-align:justify\"><span style=\"font-size:16px\"><span style=\"font-family:Times New Roman,Times,serif\">Khi x&acirc;y dựng một b&agrave;i viết cho website th&igrave; l&agrave;m sao để biết b&agrave;i viết của m&igrave;nh c&oacute; copy hay kh&ocirc;ng, c&oacute; giống với c&aacute;c trang web của đối thủ kh&aacute;c hay kh&ocirc;ng. Nhằm kiểm so&aacute;t tiến độ v&agrave; đưa ra sự điều chỉnh cần thiết. Dưới đ&acirc;y l&agrave; một số c&ocirc;ng cụ để <strong>check unique b&agrave;i viết chuẩn SEO</strong>:</span></span></p>\r\n\r\n<h3 dir=\"ltr\" style=\"text-align:justify\"><span style=\"font-size:18px\"><strong><span style=\"font-family:Times New Roman,Times,serif\">C&ocirc;ng cụ check content unique b&agrave;i viết chuản SEO&nbsp;smallseotools.com</span></strong></span></h3>\r\n\r\n<p dir=\"ltr\" style=\"text-align:justify\"><span style=\"font-size:16px\"><span style=\"font-family:Times New Roman,Times,serif\"><strong>C&ocirc;ng cụ kiểm tra tr&ugrave;ng lặp nội dung</strong>&nbsp;n&agrave;y cho ph&eacute;p ch&uacute;ng ta kiểm tra từ đoạn văn tr&ecirc;n website c&oacute; bị tr&ugrave;ng lặp nội dung ở trang website n&agrave;o đ&oacute; hay kh&ocirc;ng. Điều n&agrave;y rất quan trọng v&igrave; Google rất khắt khe trong việc vấn đề tr&ugrave;ng lặp nội dung để đảm bảo nội dung bản quyền cho mỗi website độc lập.</span></span></p>\r\n\r\n<h3 dir=\"ltr\" style=\"text-align:justify\"><span style=\"font-size:18px\"><strong><span style=\"font-family:Times New Roman,Times,serif\">C&ocirc;ng cụ check unique b&agrave;i viết chuẩn SEO duplichecker.com</span></strong></span></h3>\r\n\r\n<p dir=\"ltr\" style=\"text-align:justify\"><span style=\"font-size:16px\"><span style=\"font-family:Times New Roman,Times,serif\"><strong>C&ocirc;ng cụ check unique b&agrave;i viết chuẩn SEO</strong> duplichecker.com l&agrave; một c&ocirc;ng cụ kiểm tra giống như smallseotool. <strong>C&ocirc;ng cụ check unique</strong> b&agrave;i viết n&agrave;y cho ph&eacute;p người dung kiểm tra nội dung đoạn văn kh&ocirc;ng qu&aacute; 1000 từ trong một lần kiểm tra. </span></span></p>\r\n\r\n<p dir=\"ltr\" style=\"text-align:justify\"><span style=\"font-size:16px\"><span style=\"font-family:Times New Roman,Times,serif\">Ngo&agrave;i ra c&ocirc;ng cụ <strong>check content unique&nbsp;</strong>c&ograve;n kiểm tra lỗi ch&iacute;nh tả trong đoạn văn. Để biết th&ecirc;m chi tiếc về những vấn đề trong nội dung th&igrave; phải đăng k&yacute; t&agrave;i khoản tr&ecirc;n page.</span></span></p>\r\n\r\n<h3 dir=\"ltr\" style=\"text-align:justify\"><span style=\"font-size:18px\"><strong><span style=\"font-family:Times New Roman,Times,serif\">C&ocirc;ng cụ check unique b&agrave;i viết chuẩn SEO copyscape.com</span></strong></span></h3>\r\n\r\n<p dir=\"ltr\" style=\"text-align:justify\"><span style=\"font-size:16px\"><span style=\"font-family:Times New Roman,Times,serif\">C&ocirc;ng cụ <strong>kiểm tra nội dung tr&ugrave;ng lặp</strong>&nbsp;n&agrave;y cũng giống như hai c&ocirc;ng cụ tr&ecirc;n. Những <strong>c&ocirc;ng cụ kiểm tra tr&ugrave;ng lặp nội dung</strong> n&agrave;y&nbsp;cho ph&eacute;p ta d&aacute;n link trực tiếp để kiểm tra. Thay v&igrave; copy nội dung rồi d&aacute;n v&agrave;o kiểm tra như 2 c&ocirc;ng cụ tr&ecirc;n. Điều n&agrave;y gi&uacute;p ch&uacute;ng ta bớt thao t&aacute;c thực hiện <strong>kiểm tra nội dung tr&ugrave;ng lặp </strong>v&agrave; cũng tiết kiệm thời gian ch&uacute;ng ta hơn.</span></span></p>\r\n\r\n<h3 dir=\"ltr\" style=\"text-align:justify\"><span style=\"font-size:18px\"><strong><span style=\"font-family:Times New Roman,Times,serif\">C&ocirc;ng cụ check unique b&agrave;i viết chuẩn SEO cho website</span></strong></span></h3>\r\n\r\n<p dir=\"ltr\" style=\"text-align:justify\"><span style=\"font-size:16px\"><span style=\"font-family:Times New Roman,Times,serif\">Đ&acirc;y l&agrave; một c&ocirc;ng cụ d&ugrave;ng để <strong>kiểm tra nội dung tr&ugrave;ng lặp</strong> b&agrave;i viết đ&atilde; chuẩn seo hay chưa. N&oacute; kiểm tra c&aacute;c từ kh&oacute;a ch&iacute;nh, từ kh&oacute;a phụ, image, ...v&agrave; cả nội dung b&agrave;i viết. </span></span><span style=\"font-size:16px\"><span style=\"font-family:Times New Roman,Times,serif\"><strong>Check unique b&agrave;i viết chuẩn SEO</strong> sẽ gi&uacute;p c&aacute;c bạn đưa ra một số đ&aacute;nh gi&aacute; về c&aacute;c ti&ecirc;u chuẩn SEO từ đ&oacute; ch&uacute;ng ta c&oacute; thể điều chỉnh nội dung website một c&aacute;ch hợp l&yacute;.</span></span></p>\r\n\r\n<p dir=\"ltr\" style=\"text-align:center\"><span style=\"font-size:16px\"><span style=\"font-family:Times New Roman,Times,serif\"><img alt=\"check unique bài viết chuẩn SEO\" height=\"350\" src=\"/image/images/check-unique-bai-viet-chuan-seo-tot-nhat.jpg\" width=\"600\" /></span></span></p>\r\n\r\n<p dir=\"ltr\" style=\"text-align:center\"><em><span style=\"font-size:16px\"><span style=\"font-family:Times New Roman,Times,serif\">Check unique b&agrave;i viết chuẩn SEO</span></span></em></p>\r\n\r\n<p dir=\"ltr\" style=\"text-align:justify\"><span style=\"font-size:16px\"><span style=\"font-family:Times New Roman,Times,serif\">Từ những c&aacute;ch hướng dẫn tr&ecirc;n đ&acirc;y, hi vọng c&aacute;c doanh nghiệp hay c&aacute;c writer c&oacute; c&ocirc;ng cụ <strong>check unique b&agrave;i viết chuẩn SEO</strong>. Sử dụng lời văn, c&acirc;u n&oacute;i của m&igrave;nh để b&agrave;i viết th&ecirc;m hấp dẫn v&agrave; đặc biệt lưu &yacute; đừng để tr&ugrave;ng lặp với nội dung b&agrave;i viết của những người kh&aacute;c. </span></span><span style=\"font-size:16px\"><span style=\"font-family:Times New Roman,Times,serif\">Khi đ&oacute; b&agrave;i viết của bạn mới đ&aacute;ng gi&aacute; cao.</span></span></p>\r\n\r\n<p dir=\"ltr\" style=\"text-align:justify\"><span style=\"font-family:Times New Roman,Times,serif\"><span style=\"font-size:16px\">Tr&ecirc;n đ&acirc;y l&agrave; b&agrave;i viết m&agrave; ch&uacute;ng t&ocirc;i đ&atilde; chia sẽ cho c&aacute;c bạn biết th&ecirc;m về <strong>unique l&agrave; g&igrave;</strong> v&agrave;&nbsp;<strong>check unique b&agrave;i viết chuẩn SEO </strong>mới nhất. Ch&uacute;c c&aacute;c bạn th&agrave;nh c&ocirc;ng.</span></span></p>\r\n', 'check-unique-bai-viet-chuan-seo.jpg', 0, 70, '', '2019-02-11 23:02:37', '2019-03-05 09:03:48', 1, '', '', '', '', '', '[TÌM HIỂU] Cách check Unique bài viết chuẩn SEO phổ biến hiện nay', 'Unique là gì? Check unique content như thế nào. Những công cụ kiểm tra trùng lặp nội dung nào hiện nay chất lượng. Hãy tìm hiểu thêm về cách check unique này nhé.', 'cach-check-unique-bai-viet-chuan-seo', 'unique là gì, check unique, check unique content, check content unique, check unique bài viết chuẩn SEO, check unique bài viết, kiểm tra trùng lặp nội dung, kiểm tra nội dung trùng lặp, công cụ kiểm tra trùng lặp nội dung', 1, '');
INSERT INTO `news` (`news_id`, `news_name`, `news_des`, `news_content`, `news_img`, `news_views`, `newscat_id`, `news_author`, `news_created_date`, `news_update_date`, `state`, `news_sub_info1`, `news_sub_info2`, `news_sub_info3`, `news_sub_info4`, `news_sub_info5`, `title_seo`, `des_seo`, `friendly_url`, `keyword`, `created_id`, `newstag_arr`) VALUES
(7, 'Cách tăng traffic cho website hiệu quả bằng nội dung SEO viết là TOP', 'Cách tăng traffic cho website như thế nào hiệu quả nhất? Tôi chắc chắn rằng nhiều bạn vẫn còn đang đi tìm cho mình một phương pháp để tăng lượng truy cập vào website. Hãy cùng tôi đi tìm hiểu các phương pháp kéo traffic qua bài viết dưới đây nhé.', '<p style=\"margin-left:0cm; margin-right:0cm; text-align:justify\"><span style=\"color:#000000\"><span style=\"font-family:Times New Roman,Times,serif\"><span style=\"font-size:16px\"><span style=\"background-color:white\">C&oacute; nhiều <strong>c&aacute;ch tăng traffic cho website</strong>. Một trong những <strong>c&aacute;ch tăng traffic cho website hiệu quả&nbsp;</strong>ch&iacute;nh l&agrave; l&agrave;m cho&nbsp;b&agrave;i viết đ&oacute; phải l&ecirc;n TOP google. Vậy l&agrave;m thế n&agrave;o để đưa b&agrave;i viết l&ecirc;n top?</span></span></span></span></p>\r\n\r\n<p style=\"margin-left:0cm; margin-right:0cm; text-align:justify\"><span style=\"color:#000000\"><span style=\"font-family:Times New Roman,Times,serif\"><span style=\"font-size:16px\"><span style=\"background-color:white\">Đưa b&agrave;i viết l&ecirc;n Top c&ocirc;ng cụ t&igrave;m kiếm,&nbsp;ai cũng muốn v&agrave; hầu hết ai cũng nghĩ rằng rất kh&oacute; l&agrave;m, hơn nữa&nbsp;c&ograve;n đặc biệt kh&oacute; với website mới, lĩnh vực cạnh tranh.&nbsp;</span></span></span></span><span style=\"color:#000000\"><span style=\"font-family:Times New Roman,Times,serif\"><span style=\"font-size:16px\"><span style=\"background-color:white\">Suy nghĩ của nhiều người l&agrave; thế phải&nbsp;cần nhiều c&ocirc;ng sức, đầu tư SEO b&agrave;i viết đ&oacute;, v&agrave; chờ đợi mới c&oacute; thể c&oacute; thứ hạng. </span></span></span></span></p>\r\n\r\n<p style=\"margin-left:0cm; margin-right:0cm; text-align:justify\"><span style=\"color:#000000\"><span style=\"font-family:Times New Roman,Times,serif\"><span style=\"font-size:16px\"><span style=\"background-color:white\">Nhưng t&ocirc;i khẳng định với c&aacute;c bạn rằng nếu biết c&aacute;ch l&agrave;m th&igrave; chỉ cần <strong>VIẾT L&Agrave; L&Ecirc;N TOP</strong> kh&ocirc;ng tốn chi ph&iacute; v&agrave; thời gian nhiều, v&agrave; kh&ocirc;ng chỉ dừng lại ở TOP một từ kh&oacute;a v&agrave; c&ograve;n top cho cả cụm từ kh&oacute;a.</span></span></span></span></p>\r\n\r\n<p style=\"margin-left:0cm; margin-right:0cm; text-align:justify\"><span style=\"color:#000000\"><span style=\"font-family:Times New Roman,Times,serif\"><span style=\"font-size:16px\"><span style=\"background-color:white\">T&ocirc;i đang l&agrave;m theo c&aacute;ch n&agrave;y v&agrave; khẳng định n&oacute;&nbsp;l&agrave; 1 trong&nbsp;</span></span></span></span><strong><span style=\"font-size:16px\"><span style=\"font-family:Times New Roman,Times,serif\">c&aacute;c c&aacute;ch tăng traffic cho website rất&nbsp;hiệu quả, bền vững.</span></span></strong></p>\r\n\r\n<p style=\"margin-left:0cm; margin-right:0cm; text-align:justify\"><span style=\"font-size:16px\"><span style=\"font-family:Times New Roman,Times,serif\"><strong><span style=\"color:#000000\"><span style=\"background-color:white\">C&aacute;ch </span></span>tăng lượng truy cập v&agrave;o website</strong></span></span><span style=\"color:#000000\"><span style=\"font-family:Times New Roman,Times,serif\"><span style=\"font-size:16px\"><span style=\"background-color:white\"><strong>&nbsp;</strong>n&agrave;y c&ograve;n gi&uacute;p tỷ lệ tho&aacute;t v&agrave; thời gian ở lại tr&ecirc;n phi&ecirc;n xem của người đọc rất đẹp, tuy nhi&ecirc;n bạn phải đầu tư nghi&ecirc;m t&uacute;c cho việc xuất bản b&agrave;i viết đ&oacute; tr&ecirc;n website.</span></span></span></span></p>\r\n\r\n<h2 style=\"margin-left:0cm; margin-right:0cm; text-align:center\"><span style=\"color:#f39c12\"><strong><span style=\"font-size:22px\"><span style=\"font-family:Times New Roman,Times,serif\"><span style=\"background-color:#c0392b\">C&aacute;ch tăng traffic cho website nhờ&nbsp;b&agrave;i viết chuẩn SEO viết l&agrave; TOP v&agrave; kh&ocirc;ng cần backlink</span></span></span></strong></span></h2>\r\n\r\n<p>&nbsp;</p>\r\n\r\n<p style=\"margin-left:0cm; margin-right:0cm; text-align:center\"><span style=\"font-family:Times New Roman,Times,serif\"><span style=\"font-size:16px\"><span style=\"color:#000000\"><img alt=\"cách kéo view cho website\" height=\"400\" src=\"/image/images/tang-traffic-cho-website-don-gian-nhat.jpg\" width=\"750\" /></span></span></span></p>\r\n\r\n<h2 style=\"margin-left:0cm; margin-right:0cm; text-align:justify\"><span style=\"font-size:22px\"><span style=\"color:#c0392b\"><strong><span style=\"font-family:Times New Roman,Times,serif\">C&aacute;ch tăng traffic cho website hiệu quả&nbsp;bằng kỹ thuật&nbsp;viết l&agrave; TOP,&nbsp;t&oacute;m lại trong 5 bước sau:</span></strong></span></span></h2>\r\n\r\n<h3 style=\"margin-left:0cm; margin-right:0cm; text-align:justify\"><span style=\"font-size:18px\"><span style=\"color:#2980b9\"><strong><span style=\"font-family:Times New Roman,Times,serif\">1. Nghi&ecirc;n cứu đối thủ v&agrave;&nbsp;<span style=\"background-color:white\">chọn ra từ kh&oacute;a phantom để&nbsp;viết l&agrave;&nbsp;TOP chắc chắn tăng traffic cho website</span></span></strong></span></span></h3>\r\n\r\n<h3 style=\"margin-left:0cm; margin-right:0cm; text-align:justify\"><span style=\"font-family:Times New Roman,Times,serif\"><span style=\"font-size:16px\"><span style=\"color:#000000\"><span style=\"background-color:white\">Nếu bạn chưa hiểu về Phantom Keywords, y&ecirc;n t&acirc;m t&ocirc;i đ&atilde; c&oacute; một viết chi tiết giải th&iacute;ch cho c&aacute;c hiểu bản chất của n&oacute; b&ecirc;n dưới. T&ocirc;i mong c&aacute;c bạn hiểu thật cặn kẽ những g&igrave; t&ocirc;i tr&igrave;nh b&agrave;y dưới đ&acirc;y.</span></span></span></span></h3>\r\n\r\n<h3 style=\"text-align:justify\"><span style=\"font-size:18px\"><span style=\"color:#2980b9\"><strong><span style=\"font-family:Times New Roman,Times,serif\"><span style=\"background-color:white\">2. Viết b&agrave;i chuẩn SEO chất lượng c&oacute; gi&aacute; trị cho&nbsp;người đọc, đăng b&agrave;i chuẩn SEO&nbsp;v&agrave; đi link nội bộ c&oacute; logic</span></span></strong></span></span></h3>\r\n\r\n<h3 style=\"text-align:justify\"><span style=\"font-size:18px\"><span style=\"color:#2980b9\"><strong><span style=\"font-family:Times New Roman,Times,serif\"><span style=\"background-color:white\">3. Tiến h&agrave;nh SEO onpage s&acirc;u hơn&nbsp;để b&agrave;i viết cải thiện thứ hạng tốt nhất</span></span></strong></span></span></h3>\r\n\r\n<h3><span style=\"font-size:18px\"><span style=\"color:#2980b9\"><strong><span style=\"font-family:Times New Roman,Times,serif\"><span style=\"background-color:white\">4. Tăng lượng truy cập v&agrave;o website cụ thể l&agrave; b&agrave;i viết vừa xuất bản bằng một số phương ph&aacute;p sau</span></span></strong></span></span></h3>\r\n\r\n<h3><span style=\"font-size:18px\"><span style=\"color:#2980b9\"><strong><span style=\"font-family:Times New Roman,Times,serif\"><span style=\"background-color:white\">5. Chờ Google index, ph&acirc;n t&iacute;ch v&agrave;&nbsp;audit lại để cải thiện th&ecirc;m thứ hạng để&nbsp;tăng traffic cho website nhiều hơn nữa.</span></span></strong></span></span></h3>\r\n\r\n<p><span style=\"font-family:Times New Roman,Times,serif\"><span style=\"font-size:16px\"><span style=\"color:#000000\"><span style=\"background-color:white\">Audit l&agrave; g&igrave;? Một số newbie sẽ thắc mắc. M&igrave;nh cũng sẽ giải th&iacute;ch kh&aacute;i niệm n&agrave;y ph&iacute;a dưới.&nbsp;</span></span></span></span></p>\r\n\r\n<p style=\"text-align:center\"><span style=\"font-size:22px\"><strong><span style=\"color:#f39c12\"><span style=\"font-family:Times New Roman,Times,serif\"><span style=\"background-color:#c0392b\">B&acirc;y giờ t&ocirc;i sẽ đi ph&acirc;n t&iacute;ch cụ thể 5 bước như sau</span></span></span></strong></span></p>\r\n\r\n<h2 style=\"text-align:justify\"><span style=\"font-size:22px\"><span style=\"font-family:Times New Roman,Times,serif\"><span style=\"color:#c0392b\"><strong><span style=\"background-color:white\">Bước 1: Bắt đầu t</span>ăng traffic cho website hiệu quả bằng việc nghi&ecirc;n cứu đối thủ v&agrave; chọn ra phantom keywords</strong></span></span></span></h2>\r\n\r\n<p style=\"margin-left:0cm; margin-right:0cm; text-align:justify\"><span style=\"font-family:Times New Roman,Times,serif\"><span style=\"font-size:16px\"><span style=\"color:#000000\">Phantom keywords (từ kh&oacute;a b&oacute;ng ma) l&agrave; những từ kh&oacute;a c&oacute; lượng seach h&agrave;ng th&aacute;ng nhưng nhiều người lại chưa thực hiện SEO hoặc l&agrave; rất &iacute;t b&agrave;i viết về từ kh&oacute;a đ&acirc;y. </span></span></span></p>\r\n\r\n<p style=\"margin-left:0cm; margin-right:0cm; text-align:justify\"><span style=\"font-family:Times New Roman,Times,serif\"><span style=\"font-size:16px\"><span style=\"color:#000000\">V&igrave; từ kh&oacute;a n&agrave;y&nbsp;c&oacute; &iacute;t người SEO &iacute;t để &yacute; đến, n&ecirc;n bạn chỉ cần đầu tư thời gian viết một b&agrave;i viết chất lượng c&oacute; chứa từ kh&oacute;a phantom keywords n&agrave;y. Sau khi google index b&agrave;i viết th&igrave; b&agrave;i viết của bạn khả năng cao c&oacute; thể&nbsp;lập tức l&ecirc;n top. V&agrave; đương nhi&ecirc;n từ đ&oacute; sẽ c&oacute; người d&ugrave;ng t&igrave;m kiếm từ kh&oacute;a phantom n&agrave;y v&agrave; truy cập v&agrave;o b&agrave;i viết của bạn. Từ đ&oacute; <strong>tăng traffic cho website hiệu quả v&agrave; rất bền vững</strong></span></span></span></p>\r\n\r\n<p style=\"margin-left:0cm; margin-right:0cm; text-align:justify\"><span style=\"color:#16a085\"><span style=\"font-family:Tahoma,Geneva,sans-serif\"><span style=\"font-size:36px\"><span style=\"background-color:white\"><strong>|</strong></span></span></span></span><span style=\"font-family:Times New Roman,Times,serif\"><span style=\"font-size:16px\"><span style=\"color:#000000\"><span style=\"background-color:white\">&quot;Nếu chưa hiểu về Phantom Keywords, bạn n&ecirc;n đọc b&agrave;i n&agrave;y để hiểu những vấn đề t&ocirc;i đề cập b&ecirc;n dưới<strong>:&nbsp;</strong></span></span><span style=\"color:#8e44ad\"><em><strong><a href=\"https://kinhdoanhinternet.com.vn/tu-khoa-bong-ma-la-gi\">Giải đ&aacute;p từ A-Z về từ kh&oacute;a b&oacute;ng ma hay c&ograve;n gọi l&agrave; phantom keyword l&agrave; g&igrave;</a></strong></em></span></span></span>&quot;</p>\r\n\r\n<h3 style=\"margin-left:0cm; margin-right:0cm; text-align:justify\"><span style=\"color:#2980b9\"><span style=\"font-size:20px\"><strong><span style=\"font-family:Times New Roman,Times,serif\">L&agrave;m sao để t&igrave;m được những từ kh&oacute;a b&oacute;ng ma/phantom n&agrave;y để tăng lượng truy cập v&agrave;o website?</span></strong></span></span></h3>\r\n\r\n<h4 style=\"margin-left:0cm; margin-right:0cm; text-align:justify\"><span style=\"font-size:18px\"><span style=\"color:#000000\"><span style=\"font-family:Times New Roman,Times,serif\"><strong>1. Mở rộng lĩnh vực để&nbsp;t&igrave;m kiếm phantom keywords</strong></span></span></span></h4>\r\n\r\n<p style=\"margin-left:0cm; margin-right:0cm; text-align:justify\"><span style=\"font-family:Times New Roman,Times,serif\"><span style=\"font-size:16px\"><span style=\"color:#000000\">Muốn <strong>tăng traffic cho website </strong>theo c&aacute;ch n&agrave;y, bạn phải ki&ecirc;n tr&igrave; t&igrave;m từ kh&oacute;a phantom. Tư duy mở rộng lĩnh vực như thế n&agrave;o?&nbsp;Chẳng hạn như bạn đang muốn SEO một lĩnh vực với từ kh&oacute;a &ldquo; B&oacute;ng đ&egrave;n UV&rdquo;. Một lĩnh vực kh&aacute; l&agrave; &iacute;t lượng seach v&agrave; rất &iacute;t người biết đến so với c&aacute;c ng&agrave;nh kh&aacute;c như về lĩnh vực bất động sản hay thời trang. Ngay l&uacute;c n&agrave;y bạn cần phải t&igrave;m hiểu v&agrave; cần suy nghĩ mở rộng. </span></span></span></p>\r\n\r\n<p style=\"margin-left:0cm; margin-right:0cm; text-align:justify\"><span style=\"font-family:Times New Roman,Times,serif\"><span style=\"font-size:16px\"><span style=\"color:#000000\">Cần mở rộng bao qu&aacute;t hơn để c&oacute; những khả năng t&igrave;m được nhiều từ kh&oacute;a c&oacute; lượng seach cao. Với 1 lĩnh vực như vậy, t&ocirc;i chọn lĩnh vực mở rộng l&agrave; &ldquo;Thiết bị điện&rdquo; để t&igrave;m kiếm được từ kh&oacute;a phantom keywords của dịch vụ li&ecirc;n quan đến lĩnh vực m&igrave;nh đang muốn SEO.</span></span></span></p>\r\n\r\n<p style=\"margin-left:0cm; margin-right:0cm; text-align:justify\"><span style=\"font-family:Times New Roman,Times,serif\"><span style=\"font-size:16px\"><span style=\"color:#000000\">Trước ti&ecirc;n bạn cần Copy từ kh&oacute;a &ldquo;Thiết bị điện&rdquo; l&ecirc;n tr&ecirc;n google seach v&agrave; lựa chọn lấy 1 trong c&aacute;c website đang nằm trong TOP 1 &ndash; 5. Thị trường n&agrave;y kh&aacute; l&agrave; cạnh tranh v&igrave; thế những website nằm trong TOP 1 &ndash; 5 sẽ rất uy t&iacute;n tr&ecirc;n Google.</span></span></span></p>\r\n\r\n<p style=\"margin-left:0cm; margin-right:0cm; text-align:center\"><span style=\"font-family:Times New Roman,Times,serif\"><span style=\"font-size:16px\"><span style=\"color:#000000\"><img alt=\"cách tăng traffic cho website\" height=\"410\" src=\"/image/images/cach-tang-traffic-cho-website(1).jpg\" width=\"800\" /></span></span></span></p>\r\n\r\n<p style=\"margin-left:0cm; margin-right:0cm; text-align:justify\"><span style=\"font-family:Times New Roman,Times,serif\"><span style=\"font-size:16px\"><span style=\"color:#000000\"><strong>Cần ch&uacute; &yacute;</strong>: </span></span></span><span style=\"font-family:Times New Roman,Times,serif\"><em><span style=\"font-size:16px\"><span style=\"color:#000000\">Bạn n&ecirc;n chọn v&agrave; ph&acirc;n t&iacute;ch 1 trang web khi m&agrave; organic Keywords &amp; Organic Traffic &gt;= 2.000. &Iacute;t nhất l&agrave; phải được như thế th&igrave; bạn mới t&igrave;m kiếm được nhiều từ kh&oacute;a Phantom keywords.Từ đ&oacute; mới c&oacute; thể t&igrave;m cho m&igrave;nh nhiều cơ hội <strong>tăng traffic cho website hiệu quả</strong>.</span></span></em></span></p>\r\n\r\n<p style=\"margin-left:0cm; margin-right:0cm; text-align:justify\"><span style=\"font-family:Times New Roman,Times,serif\"><span style=\"font-size:16px\"><span style=\"color:#000000\">Khi đ&atilde; chọn lựa được trang web cuối th&igrave; bạn cần phải c&oacute; c&ocirc;ng cụ Ahrefs để c&oacute; thể ph&acirc;n t&iacute;ch v&agrave; t&igrave;m kiếm được từ kh&oacute;a Phantom keywords. (Hiện nay c&oacute; nhiều đơn vị cung cấp t&agrave;i khoản d&ugrave;ng chung. Bạn c&oacute; thể li&ecirc;n hệ đến họ để được cung cấp t&agrave;i khoản. Chi ph&iacute; sử dụng theo th&aacute;ng cũng rất rẻ). C&oacute; Ahrefs cũng gi&uacute;p bạn ph&acirc;n t&iacute;ch, theo d&otilde;i lượng <strong>tăng lượng truy cập v&agrave;o website</strong> hiệu quả.</span></span></span></p>\r\n\r\n<p style=\"margin-left:0cm; margin-right:0cm; text-align:justify\"><span style=\"font-family:Times New Roman,Times,serif\"><span style=\"font-size:16px\"><span style=\"color:#000000\">Khi đ&atilde; đăng nhập v&agrave;o được Ahrefs bạn chỉ cần đưa website đ&atilde; chọn lựa từ trước v&agrave; đưa v&agrave;o Ahrefs để ph&acirc;n t&iacute;ch c&aacute;c chỉ số của website.</span></span></span></p>\r\n\r\n<p style=\"margin-left:0cm; margin-right:0cm; text-align:justify\"><span style=\"font-family:Times New Roman,Times,serif\"><span style=\"font-size:16px\"><span style=\"color:#000000\">Tiếp theo bạn cần chọn mục &ldquo;Organic keywords&rdquo; v&agrave; click v&agrave;o l&agrave; cờ Việt Nam để t&igrave;m kiếm v&agrave; xem những keywords Việt Nam n&agrave;o đang nằm trong TOP 100 của website đang ph&acirc;n t&iacute;ch. (Nếu như bạn đang SEO tr&ecirc;n thị trường tiếng Anh, bạn chọn v&agrave;o l&aacute; cờ nước Anh nh&eacute;.)</span></span></span></p>\r\n\r\n<p style=\"margin-left:0cm; margin-right:0cm; text-align:center\"><span style=\"font-family:Times New Roman,Times,serif\"><span style=\"font-size:16px\"><span style=\"color:#000000\"><img alt=\"các cách tăng traffic cho website\" height=\"392\" src=\"/image/images/cac-cach-tang-traffic-cho-website.jpg\" width=\"800\" /></span></span></span></p>\r\n\r\n<p style=\"margin-left:0cm; margin-right:0cm; text-align:justify\"><span style=\"font-family:Times New Roman,Times,serif\"><span style=\"font-size:16px\"><span style=\"color:#000000\">N&agrave;o, b&acirc;y giờ th&igrave; ta sẽ lọc ra những từ kh&oacute;a n&agrave;o c&oacute; độ kh&oacute; KD (keywords difficylty) = 0 nh&eacute;. Tại sao? Ch&uacute;ng ta&nbsp; đang muốn đi t&igrave;m những từ kh&oacute;a c&oacute; độ dễ nhất để thực hiện đẩy top b&agrave;i viết, <strong>tăng traffic cho website</strong>. </span></span></span></p>\r\n\r\n<p style=\"margin-left:0cm; margin-right:0cm; text-align:justify\"><span style=\"font-family:Times New Roman,Times,serif\"><span style=\"font-size:16px\"><span style=\"color:#000000\">Nhưng nhiều khi c&oacute; trường hợp c&aacute;c keywords dễ nhưng chưa chắc đ&atilde; l&agrave; c&aacute;c từ kh&oacute;a phantom. Từ kh&oacute;a phantom l&agrave; những từ kh&oacute;a bị qu&ecirc;n v&agrave; rất &iacute;t người SEO, hầu như l&agrave; kh&ocirc;ng c&oacute; ai SEO. Nhưng c&aacute;c từ kh&oacute;a đấy lại c&oacute; lượng seach tr&ecirc;n google lại kh&aacute; l&agrave; cao. Thế n&ecirc;n đ&acirc;y mới l&agrave; <strong>c&aacute;ch tăng traffic cho website hiệu quả</strong> v&agrave; tốn &iacute;t c&ocirc;ng sức nhất, v&agrave; lại rất bền vững, c&agrave;ng ng&agrave;y c&agrave;ng </span><strong>tăng lượng truy cập v&agrave;o website</strong></span></span></p>\r\n\r\n<p style=\"margin-left:0cm; margin-right:0cm; text-align:center\"><span style=\"font-family:Times New Roman,Times,serif\"><span style=\"font-size:16px\"><span style=\"color:#000000\"><img alt=\"cách tăng traffic cho website hiệu quả\" height=\"390\" src=\"/image/images/cach-tang-traffic-cho-website-hieu-qua.jpg\" width=\"800\" /></span></span></span></p>\r\n\r\n<h4 style=\"margin-left:0cm; margin-right:0cm; text-align:justify\"><span style=\"font-size:18px\"><span style=\"color:#000000\"><span style=\"font-family:Times New Roman,Times,serif\"><strong>2. Sử dụng cấu tr&uacute;c allintitle để kiểm tra số lượng b&agrave;i viết c&oacute; ti&ecirc;u đề chứa từ kh&oacute;a đ&oacute; tr&ecirc;n Google</strong></span></span></span></h4>\r\n\r\n<p style=\"margin-left:0cm; margin-right:0cm; text-align:justify\"><span style=\"font-family:Times New Roman,Times,serif\"><span style=\"font-size:16px\"><span style=\"color:#000000\">Khi đến bước kiểm tra n&agrave;y sẽ quyết định xem đ&acirc;u sẽ l&agrave; từ kh&oacute;a phantom keywords. All in title nghĩa l&agrave; sẽ kiểm tra được tất cả c&aacute;c b&agrave;i viết hiện c&oacute; tr&ecirc;n google viết về từ kh&oacute;a đ&oacute;. C&aacute;c vị tr&iacute; từ kh&oacute;a c&oacute; thể đứng trước hay ph&iacute;a sau nhưng sẽ đầy đủ c&aacute;c từ.</span></span></span></p>\r\n\r\n<p style=\"margin-left:0cm; margin-right:0cm; text-align:justify\"><span style=\"font-family:Times New Roman,Times,serif\"><span style=\"font-size:16px\"><span style=\"color:#000000\">Lệnh kiểm tra tr&ecirc;n google sẽ như sau: &ldquo;Allintitle:Từ kh&oacute;a cần kiểm tra&rdquo;</span></span></span></p>\r\n\r\n<p style=\"margin-left:0cm; margin-right:0cm; text-align:justify\"><span style=\"font-family:Times New Roman,Times,serif\"><span style=\"font-size:16px\"><span style=\"color:#000000\">Khi kiểm tra xong tr&ecirc;n internet, google sẽ trả về cho bạn con số kết quả t&igrave;m kiếm. Với số lượng kết quả tr&ecirc;n google trả về th&igrave; số lượng như thế n&agrave;o mới được x&aacute;c định l&agrave; từ kh&oacute;a phantom keywords.</span></span></span></p>\r\n\r\n<p style=\"margin-left:0cm; margin-right:0cm; text-align:center\"><span style=\"font-family:Times New Roman,Times,serif\"><span style=\"font-size:16px\"><span style=\"color:#000000\"><img alt=\"các phương pháp kéo traffic\" height=\"421\" src=\"/image/images/cach-tang-traffic-cho-website-hieu-qua-nhat.jpg\" width=\"800\" /></span></span></span></p>\r\n\r\n<h5 style=\"margin-left:0cm; margin-right:0cm; text-align:justify\"><span style=\"font-family:Times New Roman,Times,serif\"><strong><span style=\"font-size:16px\"><span style=\"color:#000000\">Muốn b&agrave;i viết dễ TOP, tăng traffic cho website hiệu quả th&igrave; n&ecirc;n chọn phantom keywords c&oacute; lượng kết quả google trả về thấp</span></span></strong></span></h5>\r\n\r\n<p style=\"margin-left:0cm; margin-right:0cm; text-align:justify\"><span style=\"font-family:Times New Roman,Times,serif\"><span style=\"font-size:16px\"><span style=\"color:#000000\">Phantom keywords c&oacute; lượng kết quả google trả về với con số đang lưu t&acirc;m l&agrave; &lt;500 v&agrave; &lt;1000 sẽ mang khả năng cao phantom keywords l&ecirc;n TOP đầu t&igrave;m kiếm.</span></span></span></p>\r\n\r\n<p style=\"margin-left:0cm; margin-right:0cm; text-align:justify\"><span style=\"font-family:Times New Roman,Times,serif\"><span style=\"font-size:16px\"><span style=\"color:#000000\">Nếu như con số t&igrave;m kiếm google trả về kết quả hơn 1000 th&igrave; từ kh&oacute;a đấy đ&atilde; qu&aacute; nhiều b&agrave;i viết. Như thế sẽ rất kh&oacute; để viết b&agrave;i với từ kh&oacute;a l&ecirc;n TOP được.</span></span></span></p>\r\n\r\n<p style=\"margin-left:0cm; margin-right:0cm; text-align:justify\"><span style=\"font-family:Times New Roman,Times,serif\"><span style=\"font-size:16px\"><span style=\"color:#000000\">Với những từ kh&oacute;a c&oacute; lượng seach kh&aacute; khi&ecirc;m tốn v&agrave; kiểm tra allintitle c&oacute; kết quả c&agrave;ng &iacute;t th&igrave; bạn c&agrave;ng dễ l&ecirc;n TOP 1. Kiểu g&igrave; bạn cũng sẽ đưa l&ecirc;n được TOP 1 nếu như bạn d&ugrave;ng 1 ch&uacute;t thủ thuật về li&ecirc;n kết nội bộ v&agrave; tối ưu onpage tốt hơn c&aacute;c đối thủ v&agrave; độ d&agrave;i b&agrave;i viết. </span></span></span></p>\r\n\r\n<p style=\"margin-left:0cm; margin-right:0cm; text-align:justify\"><span style=\"font-family:Times New Roman,Times,serif\"><span style=\"font-size:16px\"><span style=\"color:#000000\">B&agrave;i viết của bạn c&ograve;n mới v&agrave; được thuật to&aacute;n google ưu ti&ecirc;n hơn th&igrave; gần như chắc chắn l&agrave; bạn sẽ l&ecirc;n ngay Top 2, 3. Khi đ&oacute;, chắc chắn sẽ <strong>tăng traffic cho website</strong> ngay.</span></span></span></p>\r\n\r\n<p style=\"margin-left:0cm; margin-right:0cm; text-align:center\"><span style=\"font-family:Times New Roman,Times,serif\"><span style=\"font-size:16px\"><span style=\"color:#000000\"><img alt=\"tăng lượng truy cập vào website\" height=\"435\" src=\"/image/images/tang-traffic-cho-website-hieu-qua-nhat.jpg\" width=\"800\" /></span></span></span></p>\r\n\r\n<p style=\"margin-left:0cm; margin-right:0cm; text-align:justify\"><span style=\"font-family:Times New Roman,Times,serif\"><span style=\"font-size:16px\"><span style=\"color:#000000\">Với <strong>c&aacute;ch tăng&nbsp;traffic cho website</strong> từ lượng t&igrave;m kiếm của người d&ugrave;ng về từ kh&oacute;a đ&oacute; cực kỳ chất lượng v&agrave; đ&acirc;y ch&iacute;nh l&agrave; từ kh&oacute;a Phantom keywords m&agrave; ch&uacute;ng t&ocirc;i đang cố gắng giới thiệu đến bạn.</span></span></span></p>\r\n\r\n<p style=\"margin-left:0cm; margin-right:0cm; text-align:justify\"><span style=\"font-family:Times New Roman,Times,serif\"><span style=\"font-size:16px\"><span style=\"color:#000000\">C&oacute; một c&acirc;u hỏi khi bạn đọc đến đoạn t&igrave;m phantom keywords n&agrave;y bạn sẽ thắc mắc giống t&ocirc;i ng&agrave;y mới l&agrave;m. Phantom Keywords <span style=\"background-color:white\">lượng search &iacute;t qu&aacute;, liệu c&oacute; n&ecirc;n đầu tư viết để <strong>tăng lượt truy cập cho website</strong> hay kh&ocirc;ng? C&acirc;u trả lời của t&ocirc;i l&agrave; Đ&Aacute;NG QU&Aacute; ĐI CHỨ, n&oacute; rất hiệu quả v&agrave; bền vững.</span></span></span></span></p>\r\n\r\n<h5 style=\"margin-left:0cm; margin-right:0cm; text-align:justify\"><span style=\"font-family:Times New Roman,Times,serif\"><strong><span style=\"font-size:16px\"><span style=\"color:#000000\">H&atilde;y để t&ocirc;i giải th&iacute;ch cho bạn th&ecirc;m c&aacute;ch tăng traffic cho website hiệu quả từ c&aacute;c phantom n&agrave;y lợi hại như thế n&agrave;o:</span></span></strong></span></h5>\r\n\r\n<p style=\"text-align:justify\"><span style=\"font-family:Times New Roman,Times,serif\"><span style=\"font-size:16px\"><span style=\"color:#000000\">- V&iacute; dụ, nếu như bạn t&igrave;m kiếm được 1 từ kh&oacute;a c&oacute; lượng seach 80 lượt/th&aacute;ng. Bạn cũng c&oacute; thể t&igrave;m kiếm th&ecirc;m được khoảng 100 từ kh&oacute;a tương tự từ kh&oacute;a đồng nghĩa với từ kh&oacute;a bạn đ&atilde; t&igrave;m thấy. </span></span></span></p>\r\n\r\n<p style=\"text-align:justify\"><span style=\"font-family:Times New Roman,Times,serif\"><span style=\"font-size:16px\"><span style=\"color:#000000\">L&uacute;c n&agrave;y bạn c&oacute; thể gom ch&uacute;ng v&agrave;o th&agrave;nh 1 b&agrave;i viết d&agrave;i, chất lượng tốt v&agrave; đầu tư thời gian onpage. Từ đ&oacute;, với <strong>c&aacute;ch tăng traffic cho website hiệu quả</strong> n&agrave;y bạn c&oacute; thể k&eacute;o lượng traffic đến 800 traffic/ th&aacute;ng về website của m&igrave;nh đ&uacute;ng kh&ocirc;ng?</span></span></span></p>\r\n\r\n<p><span style=\"font-family:Times New Roman,Times,serif\"><span style=\"font-size:16px\"><span style=\"color:#000000\">- <span style=\"background-color:white\"><span style=\"background-color:white\">V&agrave; hơn nữa c&oacute; những chủ đề bạn c&oacute; thể t&igrave;m được c&aacute;c phantom keywords c&oacute; lượng search nhiều đến hằng trăm nữa cơ, như thế th&igrave; <strong>c&aacute;ch k&eacute;o view cho website</strong>&nbsp; n&agrave;y tuyệt với qu&aacute; rồi.</span></span></span></span></span></p>\r\n\r\n<p><span style=\"font-family:Times New Roman,Times,serif\"><span style=\"font-size:16px\"><span style=\"color:#000000\">- <span style=\"background-color:white\"><span style=\"background-color:white\">V&agrave; đồng thời bạn cũng cẩn phải lưu &yacute; một điều, một b&agrave;i viết đầu tư t&ocirc;i sẽ hướng dẫn c&aacute;c bạn kh&ocirc;ng chỉ c&oacute; l&ecirc;n TOP 1 từ kh&oacute;a phantom keywords đ&acirc;u ạ. M&agrave; n&oacute; sẽ l&ecirc;n TOP 1 ở 1 nh&oacute;m từ kh&oacute;a phantom keywords. Từ đ&oacute;&nbsp;</span></span></span><strong>tăng lượng truy cập v&agrave;o website</strong>&nbsp;rất đ&aacute;ng kể</span></span></p>\r\n\r\n<p style=\"margin-left:0cm; margin-right:0cm; text-align:justify\"><span style=\"font-family:Times New Roman,Times,serif\"><span style=\"font-size:16px\"><span style=\"color:#000000\">- V&agrave; chắc chắn rằng bạn cũng vẫn đang c&ograve;n thắc mắc về người v&agrave;o t&igrave;m kiếm từ kh&oacute;a đ&oacute; c&oacute; quan t&acirc;m đến dịch vụ sản phẩm ch&iacute;nh của m&igrave;nh hay kh&ocirc;ng? <strong>C</strong></span><strong>&aacute;ch&nbsp;k&eacute;o view&nbsp;cho website</strong>&nbsp;ở thị trường ng&aacute;ch n&agrave;y, c&oacute; tỷ lệ chuyển đổi rất tốt, v<span style=\"color:#000000\">iệc điều hướng người đọc đến sản phẩm dịch vụ ch&iacute;nh của m&igrave;nh ho&agrave;n to&agrave;n dựa v&agrave;o c&aacute;ch bạn triển khai nội dung b&agrave;i viết content th&ocirc;i.ị&nbsp;</span></span></span></p>\r\n\r\n<p style=\"margin-left:0cm; margin-right:0cm; text-align:justify\"><span style=\"font-family:Times New Roman,Times,serif\"><span style=\"font-size:16px\"><span style=\"color:#000000\">Khi bạn viết b&agrave;i với từ kh&oacute;a phantom keywords bạn cũng c&oacute; thể ch&egrave;n th&ecirc;m 1 đoạn văn ngắn giới thiệu về những t&iacute;nh năng, c&ocirc;ng dụng,.. của sản phẩm ch&iacute;nh của bạn rồi để li&ecirc;n kết nội bộ đến b&agrave;i viết giới thiệu ch&iacute;nh sản phẩm, dịch vụ của bạn.</span></span></span></p>\r\n\r\n<p style=\"margin-left:0cm; margin-right:0cm; text-align:justify\"><span style=\"font-family:Times New Roman,Times,serif\"><span style=\"font-size:16px\"><span style=\"color:#000000\">Đến l&uacute;c n&agrave;y sẽ c&oacute; người v&agrave;o v&agrave; click trực tiếp li&ecirc;n kết nội bộ n&agrave;y đến b&agrave;i viết sản phẩm dịch vụ của bạn để mua sản phẩm của bạn.</span></span></span></p>\r\n\r\n<p style=\"margin-left:0cm; margin-right:0cm; text-align:center\"><span style=\"font-family:Times New Roman,Times,serif\"><span style=\"font-size:16px\"><span style=\"color:#000000\"><img alt=\"các cách tăng traffic cho website\" height=\"433\" src=\"/image/images/cach-tang-traffic-cho-website-hieu-qua-nhat(1).jpg\" width=\"800\" /></span></span></span></p>\r\n\r\n<h2 style=\"text-align:justify\"><span style=\"font-size:22px\"><span style=\"font-family:Times New Roman,Times,serif\"><span style=\"color:#c0392b\"><strong><span style=\"background-color:white\">Bước 2:</span>&nbsp;Kỹ thuật quan trọng&nbsp;để tăng traffic cho website hiệu quả sau khi t&igrave;m được phantom l&agrave; v<span style=\"background-color:white\">iết b&agrave;i đ&uacute;ng kỹ thuật chuẩn SEO chất lượng hướng về người đọc, đăng b&agrave;i l&ecirc;n website v&agrave; đi link nội bộ thật tự nhi&ecirc;n</span></strong></span></span></span></h2>\r\n\r\n<h3 style=\"text-align:justify\"><span style=\"color:#2980b9\"><strong><span style=\"font-size:18px\"><span style=\"font-family:Times New Roman,Times,serif\">Muốn Google hiểu b&agrave;i viết đưa l&ecirc;n top c&oacute; traffic cho website th&igrave; b&agrave;i viết phải chuẩn SEO&nbsp;chất lượng cho website</span></span></strong></span></h3>\r\n\r\n<p style=\"text-align:justify\"><span style=\"font-family:Times New Roman,Times,serif\"><span style=\"font-size:16px\"><span style=\"color:#000000\"><span style=\"background-color:white\">Bắt tay viết b&agrave;i viết thật chất lượng, độ d&agrave;i kh&ocirc;ng quan trọng lắm nhưng đương nhi&ecirc;n đừng qu&aacute; ngắn, t&ocirc;i nghĩ quan trọng l&agrave; nội dung b&agrave;i viết đ&oacute; phải hướng người đọc, cho người đọc kiến thức th&ocirc;ng tin thật sự m&agrave; họ cần khi họ t&igrave;m kiếm về từ kh&oacute;a đ&oacute; để đến với b&agrave;i viết của bạn. </span></span></span></span></p>\r\n\r\n<p style=\"text-align:justify\"><span style=\"font-family:Times New Roman,Times,serif\"><span style=\"font-size:16px\"><span style=\"color:#000000\"><span style=\"background-color:white\">Đương nhi&ecirc;n ngo&agrave;i nội dung chất lượng th&igrave; kỹ thuật SEO onpage của b&agrave;i viết đ&oacute; cũng phải tốt để <strong>tăng lượng truy cập v&agrave;o website</strong>. Trong b&agrave;i viết n&agrave;y t&ocirc;i kh&ocirc;ng đề cập đến việc viết như thế n&agrave;o l&agrave; chất lượng, l&agrave; l&ocirc;i cuốn, hay viết như thế n&agrave;o l&agrave; chuẩn SEO. </span></span></span></span></p>\r\n\r\n<p style=\"text-align:justify\"><span style=\"font-family:Times New Roman,Times,serif\"><span style=\"font-size:16px\"><span style=\"color:#000000\"><span style=\"background-color:white\">Nếu như bạn bận v&agrave; kh&ocirc;ng c&oacute; thời gian để ngồi viết n&ocirc;i dung, bạn c&oacute; thể t&igrave;m đến c&aacute;c&nbsp;đơn vị chuy&ecirc;n viết nội dung SEO.&nbsp;Họ ngo&agrave;i viết nội dung c&ograve;n c&oacute; thể ph&acirc;n t&iacute;ch được cho bạn bộ từ kh&oacute;a kh&aacute; ổn theo lĩnh vực của bạn đang cần. Từ đ&oacute; ph&aacute;t huy được chi ph&iacute; đầu tư của bạn</span></span></span></span></p>\r\n\r\n<p style=\"text-align:justify\"><span style=\"font-family:Times New Roman,Times,serif\"><span style=\"color:#16a085\"><span style=\"font-size:36px\"><span style=\"background-color:white\"><strong>|</strong></span></span></span><span style=\"font-size:16px\"><span style=\"color:#000000\"><span style=\"background-color:white\"><em> Bạn c&oacute; thể tham khảo&nbsp;</em></span></span><strong><span style=\"background-color:white\"><em><span style=\"color:#2980b9\"><a href=\"https://www.kinhdoanhinternet.com.vn/dich-vu-nhan-viet-bai-chuan-seo-thue\">dịch vụ viết b&agrave;i chuẩn SEO</a>&nbsp;</span></em></span></strong><span style=\"background-color:white\"><em>của&nbsp;kinhdoanhinternet.com.vn</em></span></span></span></p>\r\n\r\n<h3 style=\"text-align:justify\"><span style=\"color:#2980b9\"><span style=\"font-family:Times New Roman,Times,serif\"><span style=\"font-size:18px\"><strong><span style=\"background-color:white\">Khi tăng traffic cho website v&agrave;o b&agrave;i viết l&ecirc;n TOP, v&agrave; bạn đi link nội bộ tốt sẽ c&oacute; vai tr&ograve; đ&aacute;ng kể trong việc tăng thứ hạng v&agrave; giữ ch&acirc;n người đọc l&acirc;u tr&ecirc;n website</span></strong></span></span></span></h3>\r\n\r\n<p style=\"text-align:justify\"><span style=\"font-family:Times New Roman,Times,serif\"><span style=\"font-size:16px\"><span style=\"color:#000000\"><span style=\"background-color:white\">Một vấn đề rất quan trọng m&agrave; t&ocirc;i c&oacute; đề cập đến bước n&agrave;y l&agrave;<strong> ĐI LINK NỘI BỘ&nbsp;</strong>kh&ocirc;ng biết c&aacute;c bạn c&oacute; thắc mắc g&igrave; về bước n&agrave;y kh&ocirc;ng?</span></span></span></span></p>\r\n\r\n<p style=\"text-align:justify\"><span style=\"font-family:Times New Roman,Times,serif\"><span style=\"font-size:16px\"><span style=\"color:#000000\"><span style=\"background-color:white\">Đ&acirc;y l&agrave; một trong những yếu tố quyết định tới sự th&agrave;nh c&ocirc;ng của <strong>c&aacute;ch&nbsp;tăng traffic cho website hiệu quả</strong> chỉ với việc&nbsp;viết l&agrave; top kh&ocirc;ng cần backlink. Khi t&ocirc;i mới bắt đầu l&agrave;m SEO t&ocirc;i lu&ocirc;n c&oacute; thắc mắc đi link nội bộ như thế n&agrave;o l&agrave; tốt nhất, chứ c&ograve;n kh&aacute;i niệm link nội bộ th&igrave; ai cũng biết rồi nhưng &aacute;p dụng thực tế n&agrave;o để hiệu quả? V&igrave; bản th&acirc;n t&ocirc;i l&agrave; một người kh&aacute; cầu to&agrave;n, l&agrave;m việc kh&aacute; chắc chắn, v&agrave; phải thật sự hiểu được bản chất t&ocirc;i mới th&ocirc;i kh&ocirc;ng suy nghĩ nữa. </span></span></span></span></p>\r\n\r\n<p style=\"text-align:justify\"><span style=\"font-family:Times New Roman,Times,serif\"><span style=\"font-size:16px\"><span style=\"color:#000000\"><span style=\"background-color:white\">V&agrave; đ&acirc;y l&agrave; c&acirc;u trả lời của bản th&acirc;n t&ocirc;i &ndash; cốt l&otilde;i c&acirc;u trả lời của t&ocirc;i cũng l&agrave; <strong>HƯỚNG TỚI LỢI &Iacute;CH CỦA NGƯỜI D&Ugrave;NG.</strong> Trước khi viết nội dung cho Phantom Keyword m&agrave; m&igrave;nh đ&atilde; x&aacute;c định ở bước 1, bạn h&atilde;y đặt m&igrave;nh v&agrave;o vị tr&iacute; của người đọc, họ đang cần kiến thức g&igrave; về lĩnh vực n&agrave;y v&agrave; kiến thức của họ đang ở tầm n&agrave;o khi họ search v&agrave;o từ kh&oacute;a đấy. </span></span></span></span></p>\r\n\r\n<p style=\"text-align:center\"><span style=\"font-family:Times New Roman,Times,serif\"><span style=\"font-size:16px\"><span style=\"color:#000000\"><span style=\"background-color:white\"><img alt=\"cách tăng traffic cho website hiệu quả\" height=\"400\" src=\"/image/images/nhung-cach-tang-traffic-cho-website-hieu-qua-nhat.jpg\" width=\"600\" /></span></span></span></span></p>\r\n\r\n<p style=\"text-align:justify\"><span style=\"font-family:Times New Roman,Times,serif\"><span style=\"font-size:16px\"><span style=\"color:#000000\"><span style=\"background-color:white\">Sau đ&oacute; bạn l&ecirc;n tiếp v&agrave;i chủ đề với c&aacute;c từ kh&oacute;a phantom keywords&nbsp;kh&aacute;c c&oacute; li&ecirc;n quan tới kiến thức cần bổ trợ cho b&agrave;i viết bạn đ&oacute;, v&agrave; viết th&ecirc;m c&aacute;c chủ đề ấy, rồi l&agrave;m nguồn t&agrave;i liệu tham khảo cho người đọc khi họ đọc b&agrave;i ch&iacute;nh. V&agrave; đ&acirc;y ch&iacute;nh l&agrave; những link nội bộ bạn đưa v&agrave;o b&agrave;i viết. </span></span></span></span></p>\r\n\r\n<p style=\"text-align:justify\"><span style=\"font-family:Times New Roman,Times,serif\"><span style=\"font-size:16px\"><span style=\"color:#000000\"><span style=\"background-color:white\">Khi b&agrave;i viết của bạn thật sự chất lượng&nbsp;v&agrave; logic b&agrave;i viết tham khỏa tốt th&igrave; t&ocirc;i nghĩ người d&ugrave;ng sẽ đọc hết b&agrave;i n&agrave;y đến b&agrave;i kh&aacute;c tr&ecirc;n website của bạn từ đ&oacute; sẽ gi&uacute;p cải thiện rất đẹp c&aacute;c chỉ số như tỷ lệ tho&aacute;t, thời gian xem của phi&ecirc;n l&agrave;m việc. Do vậy ngo&agrave;i <strong>tăng được traffic cho website</strong>, c&ograve;n gi&uacute;p cho website c&oacute; thời gian xem của phi&ecirc;n v&agrave; tỷ lệ tho&aacute;t tốt</span></span></span></span></p>\r\n\r\n<p style=\"text-align:justify\"><span style=\"font-family:Times New Roman,Times,serif\"><span style=\"font-size:16px\"><span style=\"color:#000000\"><span style=\"background-color:white\">Đương nhi&ecirc;n nội dung b&agrave;i viết của bjan c&oacute; hướng người d&ugrave;ng như thế n&agrave;o th&igrave; hướng nhưng website của bạn phải được cấu tr&uacute;c khoa học nh&eacute;. N&oacute; vẫn phải theo một cấu tr&uacute;c n&agrave;o đ&oacute;, t&ocirc;i th&igrave; vẫn tổ chức website tương đối theo Silo. </span></span></span></span></p>\r\n\r\n<h2 style=\"text-align:justify\"><span style=\"font-size:22px\"><span style=\"font-family:Times New Roman,Times,serif\"><span style=\"color:#c0392b\"><strong><span style=\"background-color:white\">Bước 3:</span> <span style=\"background-color:white\">SEO onpage s&acirc;u hơn&nbsp;để thứ hạng được cao nhất c&oacute; thể, tăng traffic cho website hiệu quả tốt nhất</span></strong></span></span></span></h2>\r\n\r\n<p style=\"text-align:justify\"><span style=\"font-family:Times New Roman,Times,serif\"><span style=\"font-size:16px\"><span style=\"color:#000000\"><span style=\"background-color:white\">Sau khi viết v&agrave; đăng b&agrave;i, đi link nội bộ ổn rồi, t&ocirc;i tiến h&agrave;nh cập nhật sitemap của website v&agrave; th&ocirc;ng b&aacute;o l&ecirc;n c&ocirc;ng cụ quản trị website <span style=\"background-color:white\">Google Webmaster Tools<strong>&nbsp;</strong>v&agrave; đ</span><span style=\"background-color:white\">ồng thời tiến h&agrave;nh </span>submit URL&nbsp;b&agrave;i viết l&ecirc;n Google/Bing/Yahoo.<strong> </strong></span></span></span></span></p>\r\n\r\n<p style=\"text-align:justify\"><span style=\"font-family:Times New Roman,Times,serif\"><span style=\"font-size:16px\"><span style=\"color:#000000\">Khi đ&atilde; c&oacute; nội dung tốt v&agrave; đầu tư, bạn cần khai th&aacute;c triệt để c&ocirc;ng sức m&agrave; bạn đ&atilde; bỏ ra để l&agrave;m c&aacute;c c&ocirc;ng việc &yacute; nghĩa sau đ&oacute;. Đăng tải b&agrave;i viết của bạn l&ecirc;n tr&ecirc;n c&aacute;ch k&ecirc;nh mạng x&atilde; hội của ch&iacute;nh website bạn đang SEO như Youtube, Facebook, Google Bussiness.</span></span></span></p>\r\n\r\n<p style=\"text-align:justify\"><span style=\"font-family:Times New Roman,Times,serif\"><span style=\"font-size:16px\"><span style=\"color:#000000\">Với&nbsp;bước n&agrave;y sẽ l&agrave;m cho b&agrave;i viết của bạn được uy t&iacute;n hơn v&agrave; c&oacute; <strong>tăng được lượng traffic cho website</strong>&nbsp;nếu c&aacute;c k&ecirc;nh Mạng x&atilde; hội c&oacute; Fan thật sự, c&ograve;n chưa c&oacute; Fan th&igrave; m&igrave;nh cứ từ chăm s&oacute;c x&acirc;y dựng th&ocirc;i. Khi c&oacute; nội dung tốt được xuất bản tr&ecirc;n website th&igrave; h&atilde;y tận dụng n&oacute; để chăm s&oacute;c lu&ocirc;n c&aacute;c k&ecirc;nh kh&aacute;c của website bạn.</span></span></span></p>\r\n\r\n<p style=\"margin-left:0cm; margin-right:0cm\"><span style=\"font-family:Times New Roman,Times,serif\"><span style=\"font-size:16px\"><span style=\"color:#000000\">Nhờ mọi người chia sẻ v&agrave; comment b&agrave;i viết của bạn.</span></span></span></p>\r\n\r\n<p style=\"margin-left:0cm; margin-right:0cm; text-align:center\"><span style=\"font-family:Times New Roman,Times,serif\"><span style=\"font-size:16px\"><span style=\"color:#000000\"><img alt=\"các cách tăng traffic cho website\" height=\"366\" src=\"/image/images/cach-tang-traffic-cho-website-hieu-qua-nhat(2).jpg\" width=\"700\" /></span></span></span></p>\r\n\r\n<h2 style=\"text-align:justify\"><span style=\"font-size:22px\"><span style=\"font-family:Times New Roman,Times,serif\"><span style=\"color:#c0392b\"><strong><span style=\"background-color:white\">Bước 4:</span> <span style=\"background-color:white\">C&aacute;ch tăng traffic cho website thật từ nhiều nguồn kh&aacute;c nhau ngo&agrave;i Google Search về b&agrave;i viết bạn đ&atilde; đầu tư</span></strong></span></span></span></h2>\r\n\r\n<p><span style=\"font-family:Times New Roman,Times,serif\"><span style=\"font-size:16px\"><span style=\"color:#000000\"><strong>C&aacute;ch tăng traffic cho website</strong> bằng c&aacute;ch h&atilde;y tham gia v&agrave;o c&aacute;c cộng đồng, diễn đ&agrave;n c&ugrave;ng lĩnh vực của bạn, v&agrave; cố gắng nu&ocirc;i v&agrave;i t&agrave;i khoản chất lượng để c&oacute; thể đăng b&agrave;i, đ&iacute;nh link được để chia sẻ kiến thức với cộng đồng. </span></span></span></p>\r\n\r\n<p style=\"margin-left:0cm; margin-right:0cm; text-align:justify\"><span style=\"font-family:Times New Roman,Times,serif\"><span style=\"font-size:16px\"><span style=\"color:#000000\">Khi viết được b&agrave;i viết tr&ecirc;n website c&oacute; nội dung tốt, kiến thức hay, bạn h&atilde;y tận dụng đăng b&agrave;i chia sẻ kiến thức l&ecirc;n cộng đồng, diễn đ&agrave;n v&agrave; đ&iacute;nh link b&agrave;i viết chi tiết trong b&agrave;i đăng, đương nhi&ecirc;n bạn phải kh&eacute;o &ldquo;dụ&rdquo; người đọc click đọc b&agrave;i viết tr&ecirc;n website của bạn, n&ecirc;n với t&ocirc;i, t&ocirc;i chỉ chia sẻ 1 &iacute;t nội dung hot tr&ecirc;n diễn đ&agrave;n th&ocirc;i, c&ograve;n muốn đọc hết th&igrave; h&atilde;y v&agrave;o ch&iacute;nh b&agrave;i viết của t&ocirc;i để đọc. </span></span></span></p>\r\n\r\n<p style=\"margin-left:0cm; margin-right:0cm\"><span style=\"font-family:Times New Roman,Times,serif\"><span style=\"font-size:16px\"><span style=\"color:#000000\">T&ocirc;i đảm bảo b&agrave;i viết của bạn sẽ được nhiều comment v&agrave; lượt traffic tốt về từ cộng đồng m&agrave; chẳng phải mất nhiều c&ocirc;ng sức g&igrave; nữa cả, v&agrave; kh&ocirc;ng phải b&agrave;n c&atilde;i với <strong>c&aacute;ch tăng traffic cho website</strong> v&agrave; backlink n&agrave;y được Google đ&aacute;nh gi&aacute; rất cao</span></span></span></p>\r\n\r\n<h2 style=\"text-align:justify\"><span style=\"font-size:22px\"><span style=\"font-family:Times New Roman,Times,serif\"><span style=\"color:#c0392b\"><strong><span style=\"background-color:white\">Bước 5:</span>&nbsp;Đẩy lượng tăng traffic cho website hiệu quả hơn nữa khi c&oacute; kết quả<span style=\"background-color:white\">&nbsp;index, bằng c&aacute;ch audit lại b&agrave;i viết</span></strong></span></span></span></h2>\r\n\r\n<h3 style=\"text-align:justify\"><span style=\"color:#2980b9\"><strong><span style=\"font-size:18px\"><span style=\"font-family:Times New Roman,Times,serif\">Dựa v&agrave;o kết quả Google index v&agrave; thứ hạng từ kh&oacute;a để c&oacute; hướng l&agrave;m tiếp theo</span></span></strong></span></h3>\r\n\r\n<p style=\"text-align:justify\"><span style=\"font-family:Times New Roman,Times,serif\"><span style=\"font-size:16px\"><span style=\"color:#000000\"><span style=\"background-color:white\">Theo d&otilde;i t&igrave;nh trạng index của b&agrave;i viết v&agrave; thứ hạng từ kh&oacute;a để quay lại AUDIT b&agrave;i viết nhằm tiếp tục <strong>tăng traffic cho website</strong> hơn nữa để:</span></span></span></span></p>\r\n\r\n<p style=\"text-align:justify\"><span style=\"font-family:Times New Roman,Times,serif\"><span style=\"font-size:16px\"><span style=\"color:#000000\"><span style=\"background-color:white\">- Cải thiện tiếp tục thứ hạng của phantom keywords</span></span></span></span></p>\r\n\r\n<p style=\"text-align:justify\"><span style=\"font-family:Times New Roman,Times,serif\"><span style=\"font-size:16px\"><span style=\"color:#000000\"><span style=\"background-color:white\">- Ph&acirc;n t&iacute;ch để bổ sung th&ecirc;m 1 số phantom keywords để c&oacute; thứ hạng tr&ecirc;n b&agrave;i viết n&agrave;y</span></span></span></span></p>\r\n\r\n<h3 style=\"text-align:justify\"><span style=\"color:#2980b9\"><span style=\"font-size:18px\"><span style=\"font-family:Times New Roman,Times,serif\"><strong><span style=\"background-color:white\">Audit l&agrave; l&agrave;m những c&ocirc;ng&nbsp;việc g&igrave;? Tại sao lại c&oacute; thể tiếp tục tăng traffic cho website</span></strong></span></span></span></h3>\r\n\r\n<p style=\"text-align:center\"><span style=\"font-family:Times New Roman,Times,serif\"><span style=\"font-size:16px\"><span style=\"color:#000000\"><span style=\"background-color:white\"><img alt=\"các phương pháp kéo traffic\" height=\"393\" src=\"/image/images/cac-phuong-phap-keo-traffic-hieu-qua.jpg\" width=\"700\" /></span></span></span></span></p>\r\n\r\n<p style=\"margin-left:0cm; margin-right:0cm; text-align:justify\"><span style=\"font-family:Times New Roman,Times,serif\"><span style=\"font-size:16px\"><span style=\"color:#000000\"><span style=\"background-color:white\">SEO on-site ch&iacute;nh l&agrave; 1 trong những phẩn quan trọng nhất để thực hiện kiểm tra SEO AUDIT. V&agrave; để kiểm tra xem website của bạn được tối ưu&nbsp; h&oacute;a cho c&aacute;c c&ocirc;ng cụ t&igrave;m kiếm hay chưa. </span></span></span></span></p>\r\n\r\n<p style=\"margin-left:0cm; margin-right:0cm; text-align:justify\"><span style=\"font-family:Times New Roman,Times,serif\"><span style=\"font-size:16px\"><span style=\"color:#000000\"><span style=\"background-color:white\">Bạn cần xem x&eacute;t c&aacute;c yếu tố như sau:</span></span></span></span></p>\r\n\r\n<h4 style=\"text-align:justify\"><span style=\"font-size:16px\"><span style=\"font-family:Times New Roman,Times,serif\"><strong><span style=\"background-color:white\">1. Thẻ ti&ecirc;u đề v&agrave; thẻ m&ocirc; tả</span></strong></span></span></h4>\r\n\r\n<p style=\"text-align:justify\"><span style=\"font-family:Times New Roman,Times,serif\"><span style=\"font-size:16px\"><span style=\"color:#000000\"><span style=\"background-color:white\">Thẻ ti&ecirc;u đề v&agrave; m&ocirc; tả c&oacute; duy nhất cho mỗi 1 trang web trong phạm vi nhất định quy đinh. Người d&ugrave;ng c&oacute; thể t&igrave;m kiếm qua c&aacute;c ti&ecirc;u đề v&agrave; nh&ocirc;i dung g&igrave; hoặc những g&igrave; m&agrave; trang web n&agrave;y cung cấp. Thẻ ti&ecirc;u đề tối đa 70 k&yacute; tự v&agrave; thẻ m&ocirc; tả tối đa được 160 k&yacute; tự.</span></span></span></span></p>\r\n\r\n<h4 style=\"text-align:justify\"><span style=\"font-family:Times New Roman,Times,serif\"><span style=\"font-size:16px\"><strong><span style=\"background-color:white\">2. Cấu tr&uacute;c URL</span></strong></span></span></h4>\r\n\r\n<p style=\"margin-left:0cm; margin-right:0cm; text-align:justify\"><span style=\"font-family:Times New Roman,Times,serif\"><span style=\"font-size:16px\"><span style=\"color:#000000\"><span style=\"background-color:white\">Bạn cần kiểm tra c&aacute;c URL của mỗi trang v&agrave; b&agrave;i viết đ&atilde; được tối ưu hay định dạng đ&uacute;ng chuẩn SEO hay chưa.</span></span></span></span></p>\r\n\r\n<p style=\"margin-left:0cm; margin-right:0cm; text-align:justify\"><span style=\"font-family:Times New Roman,Times,serif\"><span style=\"font-size:16px\"><span style=\"color:#000000\"><span style=\"background-color:white\">V&iacute; dụ:</span></span></span></span></p>\r\n\r\n<p style=\"margin-left:0cm; margin-right:0cm; text-align:justify\"><span style=\"font-family:Times New Roman,Times,serif\"><span style=\"font-size:16px\"><span style=\"color:#000000\"><span style=\"background-color:white\">Đ&acirc;y l&agrave; 1 URL kh&ocirc;ng được tối ưu h&oacute;a v&agrave; chưa chuẩn SEO:</span></span></span></span></p>\r\n\r\n<p><span style=\"font-family:Times New Roman,Times,serif\"><span style=\"font-size:16px\"><span style=\"color:#000000\"><em><span style=\"background-color:white\">https://www.kinhdoanhinternet.com.vn/noidung.url?14568232018</span></em></span></span></span></p>\r\n\r\n<p style=\"margin-left:0cm; margin-right:0cm; text-align:justify\"><span style=\"font-family:Times New Roman,Times,serif\"><span style=\"font-size:16px\"><span style=\"color:#000000\"><span style=\"background-color:white\">V&agrave; đ&acirc;y l&agrave; 1 URL đ&atilde; được tối ưu h&oacute;a tốt v&agrave; chuẩn SEO:</span></span></span></span></p>\r\n\r\n<p style=\"margin-left:0cm; margin-right:0cm; text-align:justify\"><span style=\"font-family:Times New Roman,Times,serif\"><span style=\"font-size:16px\"><span style=\"color:#000000\"><em><span style=\"background-color:white\">https://www.kinhdoanhinternet.com.vn/dich-vu-nhan-viet-bai-chuan-seo-thue</span></em></span></span></span></p>\r\n\r\n<p style=\"margin-left:0cm; margin-right:0cm; text-align:justify\"><span style=\"font-family:Times New Roman,Times,serif\"><span style=\"font-size:16px\"><span style=\"color:#000000\"><span style=\"background-color:white\">URL tối ưu v&agrave; chuẩn SEO bao gồm từ kh&oacute;a v&agrave; dấu &ldquo;- &ldquo; để t&aacute;ch giữa c&aacute;c từ kh&oacute;a v&agrave; kh&ocirc;ng được chứa c&aacute;c k&yacute; tự đặc biệt hoặc chữ&nbsp;số.</span></span></span></span></p>\r\n\r\n<h4 style=\"text-align:justify\"><span style=\"font-family:Times New Roman,Times,serif\"><span style=\"font-size:16px\"><strong><span style=\"background-color:white\">3. Định dạng văn bản</span></strong></span></span></h4>\r\n\r\n<p style=\"margin-left:0cm; margin-right:0cm; text-align:justify\"><span style=\"font-family:Times New Roman,Times,serif\"><span style=\"font-size:16px\"><span style=\"color:#000000\"><span style=\"background-color:white\">Bạn cần phải đảm bảo rằng kh&ocirc;ng chỉ c&oacute; văn bản thuần t&uacute;y trong c&aacute;c trang kh&aacute;c nhau tr&ecirc;n website của bạn. M&agrave; bất kỳ một b&agrave;i viết n&agrave;o của bạn tr&ecirc;n website cũng cần phải định dạng cho đ&uacute;ng c&aacute;ch nhất bằng phương phap sử dụng c&aacute;c thẻ Heading kh&aacute;c nhau như:</span></span></span></span></p>\r\n\r\n<p style=\"margin-left:0cm; margin-right:0cm; text-align:justify\"><span style=\"font-family:Times New Roman,Times,serif\"><span style=\"font-size:16px\"><span style=\"color:#000000\"><span style=\"background-color:white\">Thẻ H1 sử dụng cho ti&ecirc;u đề ch&iacute;nh của b&agrave;i viết</span></span></span></span></p>\r\n\r\n<p style=\"margin-left:0cm; margin-right:0cm; text-align:justify\"><span style=\"font-family:Times New Roman,Times,serif\"><span style=\"font-size:16px\"><span style=\"color:#000000\"><span style=\"background-color:white\">Thẻ H2 cho mỗi đoạn nội dung quan trọng kh&aacute;c nhau trong b&agrave;i viết.</span></span></span></span></p>\r\n\r\n<h4 style=\"text-align:justify\"><span style=\"font-family:Times New Roman,Times,serif\"><span style=\"font-size:16px\"><strong><span style=\"background-color:white\">4. Nội dung b&agrave;i viết</span></strong></span></span></h4>\r\n\r\n<p style=\"margin-left:0cm; margin-right:0cm; text-align:justify\"><span style=\"font-family:Times New Roman,Times,serif\"><span style=\"font-size:16px\"><span style=\"color:#000000\"><span style=\"background-color:white\">Nội dung b&agrave;i viết của bạn phải được đảm bảo độ mới 100% v&agrave; phải l&agrave; duy nhất tr&ecirc;n Google. Bạn c&oacute; thể t&igrave;m hiểu th&ecirc;m c&aacute;c c&ocirc;ng cụ check độ tr&ugrave;ng lặp nội dung b&agrave;i viết hiện hay đang được rất nhiều người sử dụng để kiểm tra. Khi nội dung b&agrave;i viết bị tr&ugrave;ng lặp bạn phải x&oacute;a hoặc sẽ viết mới nội dung đấy.</span></span></span></span></p>\r\n\r\n<p style=\"margin-left:0cm; margin-right:0cm; text-align:justify\"><span style=\"font-family:Times New Roman,Times,serif\"><span style=\"font-size:16px\"><span style=\"color:#000000\"><span style=\"background-color:white\">Nếu như bạn c&oacute; c&aacute;c trang kh&ocirc;ng c&oacute; nội dung hoặc l&agrave; nội dung tr&ugrave;ng lặp tr&ecirc;n website ch&iacute;nh của m&igrave;nh, bạn cần điều hưởng chuyển qua sử dụng chuyển hướng 301.</span></span></span></span></p>\r\n\r\n<p style=\"margin-left:0cm; margin-right:0cm; text-align:justify\"><span style=\"font-family:Times New Roman,Times,serif\"><span style=\"font-size:16px\"><span style=\"color:#000000\"><span style=\"background-color:white\">Nếu nội dung của bạn qu&aacute; cũ tr&ecirc;n websie bạn cần phải l&ecirc;n kế hoạch t&igrave;m kiếm nội dung mới v&agrave; đảm bảo những nội dung tr&ecirc;n trang web của bạn được cập nhập thường xuy&ecirc;n.</span></span></span></span></p>\r\n\r\n<p style=\"margin-left:0cm; margin-right:0cm; text-align:justify\"><span style=\"font-family:Tahoma,Geneva,sans-serif\"><span style=\"font-size:36px\"><span style=\"color:#16a085\"><span style=\"background-color:white\"><strong>|</strong></span></span></span></span><span style=\"font-family:Times New Roman,Times,serif\"><span style=\"font-size:16px\"><span style=\"color:#000000\"><span style=\"background-color:white\"> <em>Xem th&ecirc;m c&aacute;ch </em></span></span><span style=\"background-color:white\"><em><strong><a href=\"http://www.kinhdoanhinternet.com.vn/cach-check-unique-bai-viet-chuan-seo\"><span style=\"color:#8e44ad\">check Unique b&agrave;i viết chuẩn SEO</span></a></strong><span style=\"color:#8e44ad\"> </span></em></span><span style=\"color:#000000\"><span style=\"background-color:white\"><em>của ch&uacute;ng t&ocirc;i để kiểm tra độ tr&ugrave;ng lặp nội dung của b&agrave;i viết nh&eacute;.</em></span></span></span></span></p>\r\n\r\n<h4 style=\"text-align:justify\"><span style=\"font-family:Times New Roman,Times,serif\"><span style=\"font-size:16px\"><strong><span style=\"background-color:white\">5. Sử dụng li&ecirc;n kết nội bộ</span></strong></span></span></h4>\r\n\r\n<p style=\"margin-left:0cm; margin-right:0cm; text-align:justify\"><span style=\"font-family:Times New Roman,Times,serif\"><span style=\"font-size:16px\"><span style=\"color:#000000\"><span style=\"background-color:white\">Li&ecirc;n kết nội bộ giữa c&aacute;c trang kh&aacute;c nhau th&agrave;nh 1 v&ograve;ng k&iacute;n sẽ rất hữu &iacute;ch cho cả c&ocirc;ng cụ t&igrave;m kiếm tr&ecirc;n google v&agrave; cho người d&ugrave;ng.</span></span></span></span></p>\r\n\r\n<p style=\"margin-left:0cm; margin-right:0cm; text-align:justify\"><span style=\"font-family:Times New Roman,Times,serif\"><span style=\"font-size:16px\"><span style=\"color:#000000\"><span style=\"background-color:white\">L&ecirc;n kế hoạch chi tiết tạo th&agrave;nh cấu tr&uacute;c SILO để tạo li&ecirc;n kết nội bộ cho website. Sử dụng c&aacute;c Anchor text phong ph&uacute; đa dạng một c&aacute;ch tự nhi&ecirc;n.</span></span></span></span></p>\r\n\r\n<p style=\"margin-left:0cm; margin-right:0cm; text-align:center\"><span style=\"font-family:Times New Roman,Times,serif\"><span style=\"font-size:16px\"><span style=\"color:#000000\"><span style=\"background-color:white\"><img alt=\"tăng lượng truy cập vào website\" height=\"445\" src=\"/image/images/cac-phuong-phap-keo-traffic-hieu-qua-nhat.jpg\" width=\"580\" /></span></span></span></span></p>\r\n\r\n<h4 style=\"text-align:justify\"><span style=\"font-family:Times New Roman,Times,serif\"><span style=\"font-size:16px\"><strong><span style=\"background-color:white\">6. H&igrave;nh ảnh</span></strong></span></span></h4>\r\n\r\n<p style=\"margin-left:0cm; margin-right:0cm; text-align:justify\"><span style=\"font-family:Times New Roman,Times,serif\"><span style=\"font-size:16px\"><span style=\"color:#000000\"><span style=\"background-color:white\">H&igrave;nh ảnh trong nội dung b&agrave;i viết sẽ rất hữu &iacute;ch để cuốn h&uacute;t người d&ugrave;ng v&agrave; tạo cho trang web của bạn hấp dẫn hơn. Nhưng sẽ rất kh&ocirc;ng tốt cho c&ocirc;ng việc thực hiện SEO của bạn nếu như h&igrave;nh ảnh qu&aacute; nặng v&agrave; tăng thời gian load trang qu&aacute; l&acirc;u.</span></span></span></span></p>\r\n\r\n<p style=\"margin-left:0cm; margin-right:0cm; text-align:justify\"><span style=\"font-family:Times New Roman,Times,serif\"><span style=\"font-size:16px\"><span style=\"color:#000000\"><span style=\"background-color:white\">Bạn cần phải nắm bắt 3 yếu tố sau:</span></span></span></span></p>\r\n\r\n<p style=\"text-align:justify\"><span style=\"font-family:Times New Roman,Times,serif\"><span style=\"font-size:16px\"><span style=\"color:#000000\"><span style=\"background-color:white\">- T&ecirc;n h&igrave;nh ảnh v&agrave; m&ocirc; tả h&igrave;nh ảnh bạn cần chứa từ kh&oacute;a nhưng bạn đừng lạm dụng n&oacute; qu&aacute;, Khi đấy google sẽ ph&aacute;t hiện cho đ&aacute;nh gi&aacute; bạn đang muốn Spam từ kh&oacute;a đấy.</span></span></span></span></p>\r\n\r\n<p style=\"text-align:justify\"><span style=\"font-family:Times New Roman,Times,serif\"><span style=\"font-size:16px\"><span style=\"color:#000000\"><span style=\"background-color:white\">- Thẻ ALT cần phải được x&aacute;c định tr&ecirc;n tất cả h&igrave;nh ảnh trong b&agrave;i viết</span></span></span></span></p>\r\n\r\n<p style=\"text-align:justify\"><span style=\"font-family:Times New Roman,Times,serif\"><span style=\"font-size:16px\"><span style=\"color:#000000\"><span style=\"background-color:white\">C&aacute;c h&igrave;nh ảnh trong b&agrave;i viết cần phải được giảm thiểu k&iacute;ch thước để giảm tải độ load trang.</span></span></span></span></p>\r\n\r\n<h4 style=\"margin-left:0cm; margin-right:0cm; text-align:justify\"><span style=\"font-family:Times New Roman,Times,serif\"><span style=\"font-size:16px\"><strong><span style=\"background-color:white\">7. Link li&ecirc;n kết hỏng</span></strong></span></span></h4>\r\n\r\n<p style=\"margin-left:0cm; margin-right:0cm; text-align:justify\"><span style=\"font-family:Times New Roman,Times,serif\"><span style=\"font-size:16px\"><span style=\"color:#000000\"><span style=\"background-color:white\">Li&ecirc;n kết hỏng l&agrave; xấu cho người d&ugrave;ng trải nghiệm do kh&ocirc;ng tốt cho SEO. Hiện nay c&oacute; 2 c&aacute;ch để kiểm tra c&aacute;c li&ecirc;n kết bị hỏng:</span></span></span></span></p>\r\n\r\n<p style=\"margin-left:0cm; margin-right:0cm; text-align:justify\"><span style=\"font-family:Times New Roman,Times,serif\"><span style=\"font-size:16px\"><span style=\"color:#000000\"><span style=\"background-color:white\">+ C&ocirc;ng cụ check link li&ecirc;n kết bị hỏng XENU để kiểm tra những li&ecirc;n k&eacute;t ở ngo&agrave;i. C&ocirc;ng cụ n&agrave;y ho&agrave;n to&agrave;n miễn ph&iacute; cho người sử dụng v&agrave; cung cấp cho bạn 1 thống k&ecirc; cho bạn tất cả c&aacute;c li&ecirc;n kết bị hỏng tr&ecirc;n website của bạn. Sau đấy bạn c&oacute; thể khắc phục to&agrave;n bộ ch&uacute;ng bằng c&aacute;ch x&oacute;a loại bỏ ho&agrave;n to&agrave;n khỏi website của bạn hoặc l&agrave; c&oacute; thể chuyển hướng link hỏng đấy đến một URL hợp lệ.</span></span></span></span></p>\r\n\r\n<p style=\"margin-left:0cm; margin-right:0cm; text-align:justify\"><span style=\"font-family:Times New Roman,Times,serif\"><span style=\"font-size:16px\"><span style=\"color:#000000\"><span style=\"background-color:white\">+ Sử dụng c&ocirc;ng cụ b&aacute;o c&aacute;o lỗi thu thập dữ liệu tr&ecirc;n google search console để t&igrave;m ra c&aacute;c li&ecirc;n kết bị hỏng của website của bạn. Bạn c&oacute; thể xử l&yacute; theo c&aacute;c sửa ch&uacute;ng chỉnh li&ecirc;n kết hoặc chuyển hướng 301 đến 1 URL n&agrave;o hợp lệ tr&ecirc;n website của bạn.</span></span></span></span></p>\r\n\r\n<h4 style=\"margin-left:0cm; margin-right:0cm; text-align:justify\"><span style=\"font-family:Times New Roman,Times,serif\"><span style=\"font-size:16px\"><strong><span style=\"background-color:white\">8. Th&acirc;n thiện với người d&ugrave;ng</span></strong></span></span></h4>\r\n\r\n<p style=\"margin-left:0cm; margin-right:0cm; text-align:justify\"><span style=\"font-family:Times New Roman,Times,serif\"><span style=\"font-size:16px\"><span style=\"color:#000000\"><span style=\"background-color:white\">Để đ&aacute;nh gi&aacute; một website th&acirc;n thiện với người d&ugrave;ng hay kh&ocirc;ng l&agrave; rất kh&oacute; bởi v&igrave; điều n&agrave;y cần phụ thuộc v&agrave;o loại website v&agrave; c&aacute;ch tr&igrave;nh b&agrave;y bố cụ thiết kế website. Nhưng c&oacute; 1 số điều cần kiểm tra bạn c&oacute; thể thực hiện như:</span></span></span></span></p>\r\n\r\n<p style=\"margin-left:0cm; margin-right:0cm; text-align:justify\"><span style=\"font-family:Times New Roman,Times,serif\"><span style=\"font-size:16px\"><span style=\"color:#000000\"><span style=\"background-color:white\">+ Giảm tải số lượt click để người d&ugrave;ng c&oacute; thể t&igrave;m thấy những g&igrave; họ muốn nhiều nhất l&agrave; 3 lần click chuột.</span></span></span></span></p>\r\n\r\n<p style=\"margin-left:0cm; margin-right:0cm; text-align:justify\"><span style=\"font-family:Times New Roman,Times,serif\"><span style=\"font-size:16px\"><span style=\"color:#000000\"><span style=\"background-color:white\">+ Người d&ugrave;ng khi nhập sai URL sẽ xảy ra điều g&igrave;? Trang web sẽ b&aacute;o lỗi 404 th&acirc;n thiện hay kh&ocirc;ng?</span></span></span></span></p>\r\n\r\n<p style=\"margin-left:0cm; margin-right:0cm; text-align:justify\"><span style=\"font-family:Times New Roman,Times,serif\"><span style=\"font-size:16px\"><span style=\"color:#000000\"><span style=\"background-color:white\">+ MENU của website c&oacute; ch&iacute;nh x&aacute;c v&agrave; r&otilde; r&agrave;ng cho từng mục hayy kh&ocirc;ng?</span></span></span></span></p>\r\n\r\n<p style=\"margin-left:0cm; margin-right:0cm; text-align:justify\"><span style=\"font-family:Times New Roman,Times,serif\"><span style=\"font-size:16px\"><span style=\"color:#000000\"><span style=\"background-color:white\">+ Giao diện website của đồng nhất tr&ecirc;n c&aacute;c trang hay kh&ocirc;ng?</span></span></span></span></p>\r\n\r\n<p style=\"margin-left:0cm; margin-right:0cm; text-align:justify\"><span style=\"font-family:Times New Roman,Times,serif\"><span style=\"font-size:16px\"><span style=\"color:#000000\"><span style=\"background-color:white\">+ Sơ đồ c&aacute;c trang như thế n&agrave;o cho người d&ugrave;ng?</span></span></span></span></p>\r\n\r\n<h4 style=\"margin-left:0cm; margin-right:0cm; text-align:justify\"><span style=\"font-family:Times New Roman,Times,serif\"><span style=\"font-size:16px\"><strong><span style=\"background-color:white\">9. Tốc độ tải trang</span></strong></span></span></h4>\r\n\r\n<p style=\"margin-left:0cm; margin-right:0cm; text-align:justify\"><span style=\"color:#000000; font-family:Times New Roman,Times,serif\"><span style=\"font-size:16px\">Tr&ecirc;n đ&acirc;y l&agrave; c&aacute;ch l&agrave;m của t&ocirc;i để <strong>tăng traffic cho website</strong>&nbsp;v&agrave; thật sự n&oacute; mang lại hiệu quả&nbsp;</span></span><span style=\"font-family:Times New Roman,Times,serif\"><span style=\"color:#000000\"><span style=\"font-size:16px\">r&otilde; rệt</span></span></sp', 'tang-traffic-cho-website-don-gian-nhat.jpg', 0, 74, '', '2019-02-25 16:02:27', '2019-03-05 09:03:07', 1, '', '', '', '', '', '5 BƯỚC 100% tăng traffic cho website hiệu quả với nội dung viết là TOP', 'Cập nhật 2019 các cách tăng trưởng traffic cho website hiệu quả, thu hút truy cập bền vững, tự nhiên bằng phương pháp viết nội dung có chiến thuật và phân tích chuyên sâu từ các công cụ SEO.', 'cach-tang-traffic-cho-website-hieu-qua', 'cách tăng traffic cho website, các cách tăng traffic cho website, cách tăng traffic cho website hiệu quả, các phương pháp kéo traffic, tăng lượng truy cập vào website, cách kéo view cho website', 1, '');
INSERT INTO `news` (`news_id`, `news_name`, `news_des`, `news_content`, `news_img`, `news_views`, `newscat_id`, `news_author`, `news_created_date`, `news_update_date`, `state`, `news_sub_info1`, `news_sub_info2`, `news_sub_info3`, `news_sub_info4`, `news_sub_info5`, `title_seo`, `des_seo`, `friendly_url`, `keyword`, `created_id`, `newstag_arr`) VALUES
(8, 'Từ khóa bóng ma hay còn gọi là phantom keyword là gì', 'Nói về từ khóa bóng ma hay là từ khóa phantom keywords thì chắc chắn còn rất nhiều bạn còn chưa hiểu và biết đến. Hãy cùng chúng tôi tìm hiểu qua bài viết này nhé.', '<p style=\"margin-left:0cm; margin-right:0cm; text-align:justify\"><span style=\"font-family:Times New Roman,Times,serif\"><span style=\"color:#000000\"><span style=\"font-size:16px\"><span style=\"background-color:white\">Trong qu&aacute; tr&igrave;nh thực hiện l&agrave;m website v&agrave; đặc biệt l&agrave;m SEO th&igrave; chắc chắn bạn đ&atilde; từng nghe qua về c&aacute;c <strong>từ kh&oacute;a b&oacute;ng ma </strong>hay c&ograve;n gọi l&agrave; <strong>Phantom keywords</strong> rồi phải kh&ocirc;ng? V&agrave; cũng c&oacute; thể nhiều bạn c&ograve;n chưa biết đến dạng từ kh&oacute;a n&agrave;y.</span></span></span></span></p>\r\n\r\n<p style=\"margin-left:0cm; margin-right:0cm; text-align:justify\"><span style=\"font-family:Times New Roman,Times,serif\"><span style=\"color:#000000\"><span style=\"font-size:16px\"><span style=\"background-color:white\">Trong b&agrave;i viết n&agrave;y, t&ocirc;i sẽ l&agrave;m r&otilde; c&aacute;c vấn đề sau về <strong>từ kh&oacute;a b&oacute;ng ma </strong>hay c&ograve;n gọi l&agrave; <strong>phantom keyword</strong> để bạn hiểu r&otilde; hơn những lợi &iacute;ch m&agrave; <strong>từ kh&oacute;a b&oacute;ng ma </strong>mang lại nh&eacute;.</span></span></span></span></p>\r\n\r\n<h2 style=\"text-align:justify\"><span style=\"font-family:Times New Roman,Times,serif\"><span style=\"color:#c0392b\"><span style=\"font-size:20px\"><strong>Phantom keywords l&agrave; g&igrave;</strong></span></span></span></h2>\r\n\r\n<p style=\"margin-left:0cm; margin-right:0cm; text-align:justify\"><span style=\"font-family:Times New Roman,Times,serif\"><span style=\"color:#000000\"><span style=\"font-size:16px\">Nếu như bạn l&agrave; một SEOer&nbsp;th&igrave; chắc chắn l&agrave; bạn kh&ocirc;ng c&ograve;n lạ lẫm g&igrave; với những cụm từ như từ kh&oacute;a ch&iacute;nh, từ kh&oacute;a phụ, từ kh&oacute;a ngh&aacute;ch,&hellip;. V&agrave; trong đ&oacute; từ kh&oacute;a <strong>Phantom keywords </strong>(hay c&ograve;n được gọi l&agrave; <strong>từ kh&oacute;a b&oacute;ng ma</strong>) c&oacute; lẽ cũng kh&ocirc;ng phải l&agrave; kiến thức g&igrave; xa lạ&nbsp;với bạn nhưng lại rất mới với những kỹ thuật SEO trước đ&acirc;y.</span></span></span></p>\r\n\r\n<p style=\"margin-left:0cm; margin-right:0cm; text-align:center\"><span style=\"font-family:Times New Roman,Times,serif\"><span style=\"color:#000000\"><span style=\"font-size:16px\"><img alt=\"phantom keywords là gì\" height=\"378\" src=\"/image/images/phantom-keywords-la-gi.jpg\" width=\"686\" /></span></span></span></p>\r\n\r\n<p style=\"margin-left:0cm; margin-right:0cm; text-align:center\"><span style=\"font-family:Times New Roman,Times,serif\"><em><span style=\"color:#000000\"><span style=\"font-size:16px\">Từ kh&oacute;a phantom keywords l&agrave; g&igrave;</span></span></em></span></p>\r\n\r\n<p style=\"margin-left:0cm; margin-right:0cm; text-align:justify\"><span style=\"font-family:Times New Roman,Times,serif\"><span style=\"color:#000000\"><span style=\"font-size:16px\">C&ograve;n nếu như bạn l&agrave; một newbie, một người t&igrave;m t&ograve;i về những kiến thức SEO th&igrave; chắc hẳn l&agrave; bạn sẽ c&oacute; rất &iacute;t cơ hội được biết đến những loại từ kh&oacute;a <strong>phantom keywords</strong> n&agrave;y. Nếu như bạn biết c&aacute;ch tận dụng những lợi thế m&agrave; <strong>từ kh&oacute;a b&oacute;ng ma </strong>mang lại th&igrave; c&oacute; nghĩa bạn đ&atilde; t&igrave;m ra được một phương ph&aacute;p thực hiện SEO cho dự &aacute;n website của m&igrave;nh l&ecirc;n một bậc mới. </span></span></span></p>\r\n\r\n<p style=\"margin-left:0cm; margin-right:0cm; text-align:justify\"><span style=\"font-family:Times New Roman,Times,serif\"><span style=\"color:#000000\"><span style=\"font-size:16px\">V&agrave; đ&acirc;y l&agrave; những kinh nghiệm m&agrave; t&ocirc;i đ&atilde; đ&uacute;c kết trong thời gian t&ocirc;i đ&atilde; thực hiện. Bạn c&oacute; thể nh&igrave;n thấy tr&ecirc;n thực tế, c&oacute; rất nhiều c&aacute;c website nhỏ nhưng nhiều khi vẫn lấn &aacute;p được c&aacute;c &ocirc;ng lớn tr&ecirc;n thị trường google ch&iacute;nh l&agrave; nhờ 1 trong những tuyệt kỹ m&agrave; t&ocirc;i sẽ chia sẻ cho bạn.</span></span></span></p>\r\n\r\n<h3 style=\"margin-left:0cm; margin-right:0cm; text-align:justify\"><span style=\"font-family:Times New Roman,Times,serif\"><span style=\"color:#f39c12\"><span style=\"font-size:18px\"><strong>Vậy từ kh&oacute;a b&oacute;ng ma&nbsp;l&agrave; g&igrave;</strong></span></span></span></h3>\r\n\r\n<p style=\"margin-left:0cm; margin-right:0cm; text-align:justify\"><span style=\"font-family:Times New Roman,Times,serif\"><span style=\"color:#000000\"><span style=\"font-size:16px\"><strong>Từ kh&oacute;a b&oacute;ng ma </strong>hay c&ograve;n được gọi l&agrave; <strong>Phantom keywords</strong> v&agrave; được mọi SEOer gọi với c&aacute;i t&ecirc;n từ kh&oacute;a bị l&atilde;ng qu&ecirc;n. <strong>Từ kh&oacute;a b&oacute;ng ma</strong> c&oacute; nhiều người t&igrave;m kiếm nhưng lại c&oacute; rất &iacute;t người hoặc l&agrave; chưa c&oacute; một người n&agrave;o SEO đến.</span></span></span></p>\r\n\r\n<p style=\"margin-left:0cm; margin-right:0cm; text-align:justify\"><span style=\"font-family:Times New Roman,Times,serif\"><span style=\"color:#000000\"><span style=\"font-size:16px\"><strong>Phantom keywords </strong>xuất hiện sẽ giải đ&aacute;p cho bạn 2 kh&uacute;c mắc lớn khi nghi&ecirc;n cứu v&agrave; t&igrave;m kiếm từ kh&oacute;a:</span></span></span></p>\r\n\r\n<p style=\"margin-left:0cm; margin-right:0cm; text-align:justify\"><span style=\"font-family:Times New Roman,Times,serif\"><span style=\"color:#000000\"><span style=\"font-size:16px\"><em>&ldquo;L&agrave;m sao c&oacute; bộ từ kh&oacute;a người d&ugrave;ng h&agrave;ng ng&agrave;y vẫn t&igrave;m kiếm nhưng c&aacute;c đối thủ lại kh&ocirc;ng SEO&rdquo;</em></span></span></span></p>\r\n\r\n<p style=\"margin-left:0cm; margin-right:0cm; text-align:justify\"><span style=\"font-family:Times New Roman,Times,serif\"><span style=\"color:#000000\"><span style=\"font-size:16px\"><em>&ldquo;Gi&aacute; như c&oacute; một bộ từ kh&oacute;a c&oacute; lượng seach cao nhưng &iacute;t cạnh tranh m&agrave; những đối thủ lại kh&ocirc;ng biết đến th&igrave; tốt biết mấy&rdquo;</em></span></span></span></p>\r\n\r\n<p style=\"margin-left:0cm; margin-right:0cm; text-align:justify\"><span style=\"font-family:Times New Roman,Times,serif\"><span style=\"color:#000000\"><span style=\"font-size:16px\">Đơn giản bởi đ&acirc;y l&agrave; <strong>từ kh&oacute;a b&oacute;ng ma </strong>n&ecirc;n bạn chỉ cần viết một b&agrave;i viết c&oacute; chứa từ kh&oacute;a <strong>phantom keywords</strong> n&agrave;y. Chờ google index (Cận thận hơn bạn chỉ cần đi cho n&oacute; một v&agrave;i backlink về b&agrave;i viết) th&igrave; b&agrave;i viết của bạn sẽ ngay lập tức sẽ đứng TOP.</span></span></span></p>\r\n\r\n<p style=\"margin-left:0cm; margin-right:0cm; text-align:center\"><span style=\"font-family:Times New Roman,Times,serif\"><span style=\"color:#000000\"><span style=\"font-size:16px\"><img alt=\"từ khóa phantom là gì\" height=\"334\" src=\"/image/images/tu-khoa-bong-ma.jpg\" width=\"600\" /></span></span></span></p>\r\n\r\n<p style=\"margin-left:0cm; margin-right:0cm; text-align:justify\"><strong><span style=\"color:#16a085\"><span style=\"font-size:36px\"><span style=\"font-family:Tahoma,Geneva,sans-serif\">|</span><span style=\"font-family:Times New Roman,Times,serif\"> </span></span></span></strong><span style=\"font-size:14px\"><span style=\"font-family:Times New Roman,Times,serif\"><span style=\"color:#000000\">&quot;<em>Bạn c&oacute; thể tham khảo th&ecirc;m về </em></span><em><strong><a href=\"https://kinhdoanhinternet.com.vn/dich-vu-nhan-viet-bai-chuan-seo-thue\"><span style=\"color:#8e44ad\">dịch vụ viết b&agrave;i chuẩn SEO</span></a></strong></em><span style=\"color:#000000\"><em>&nbsp;của ch&uacute;ng t&ocirc;i nh&eacute;.&quot;</em></span></span></span></p>\r\n\r\n<h2 style=\"text-align:justify\"><span style=\"font-family:Times New Roman,Times,serif\"><span style=\"color:#c0392b\"><span style=\"font-size:20px\"><strong><span style=\"background-color:white\">&Yacute; nghĩa của Phantom keywords, tại sao n&oacute; quan trọng</span></strong></span></span></span></h2>\r\n\r\n<p style=\"margin-left:0cm; margin-right:0cm; text-align:justify\"><span style=\"font-family:Times New Roman,Times,serif\"><span style=\"color:#000000\"><span style=\"font-size:16px\">Để biết được &yacute; nghĩa của từ kh&oacute;a<strong> phantom keywords l&agrave; g&igrave;</strong>, trước ti&ecirc;n ch&uacute;ng ta h&atilde;y cũng t&igrave;m hiểu qua 2 con số thống kế về lượng t&igrave;m kiếm của người d&ugrave;ng google:</span></span></span></p>\r\n\r\n<ul>\r\n	<li style=\"text-align:justify\"><span style=\"font-family:Times New Roman,Times,serif\"><span style=\"color:#000000\"><span style=\"font-size:16px\">Chỉ c&oacute; 20% người t&igrave;m kiếm tr&ecirc;n google seach từ kh&oacute;a thương mại.</span></span></span></li>\r\n	<li style=\"text-align:justify\"><span style=\"font-family:Times New Roman,Times,serif\"><span style=\"color:#000000\"><span style=\"font-size:16px\">Nhưng c&oacute; đến 80% c&ograve;n lại th&igrave; lại tập chung seach c&aacute;c từ kh&oacute;a m&agrave; họ muốn t&igrave;m kiếm th&ocirc;ng tin để giải quyết vấn đề.</span></span></span></li>\r\n</ul>\r\n\r\n<p style=\"margin-left:0cm; margin-right:0cm; text-align:justify\"><span style=\"font-family:Times New Roman,Times,serif\"><span style=\"color:#000000\"><span style=\"font-size:16px\">Hay ngo&agrave;i ra:</span></span></span></p>\r\n\r\n<ul>\r\n	<li style=\"text-align:justify\"><span style=\"font-family:Times New Roman,Times,serif\"><span style=\"color:#000000\"><span style=\"font-size:16px\">80% c&aacute;c lượng t&igrave;m kiếm tr&ecirc;n google sử dụng từ kh&oacute;a d&agrave;i để t&igrave;m kiếm</span></span></span></li>\r\n	<li style=\"text-align:justify\"><span style=\"font-family:Times New Roman,Times,serif\"><span style=\"color:#000000\"><span style=\"font-size:16px\">Nhưng lại chỉ c&oacute; khoảng 20% c&aacute;c lượng truy vấn t&igrave;m kiếm sử dụng từ kh&oacute;a ngắn.</span></span></span></li>\r\n</ul>\r\n\r\n<p style=\"margin-left:0cm; margin-right:0cm; text-align:justify\"><span style=\"font-family:Times New Roman,Times,serif\"><span style=\"color:#000000\"><span style=\"font-size:16px\">Cuộc sống lu&ocirc;n c&oacute; những điều ly kỳ để con người c&oacute; thể t&igrave;m hiểu v&agrave; kh&aacute;m ph&aacute;, nhu cầu t&igrave;m kiếm của người d&ugrave;ng cũng phong ph&uacute; v&agrave; đa dạng để đi t&igrave;m t&ograve;i những điều mới. Bạn sẽ kh&ocirc;ng thể n&agrave;o ngờ được mọi người t&igrave;m kiếm những th&ocirc;ng tin g&igrave; ở tr&ecirc;n google phong ph&uacute; như thế n&agrave;o đ&acirc;u.</span></span></span></p>\r\n\r\n<p style=\"margin-left:0cm; margin-right:0cm; text-align:justify\"><span style=\"font-family:Times New Roman,Times,serif\"><span style=\"color:#000000\"><span style=\"font-size:16px\">C&oacute; thể n&oacute;i gắn gọn dựa tr&ecirc;n 2 yếu tố chi tiết để bạn c&oacute; thể x&aacute;c định được từ kh&oacute;a <strong>phantom keywords</strong>:</span></span></span></p>\r\n\r\n<ul>\r\n	<li style=\"text-align:justify\"><span style=\"font-family:Times New Roman,Times,serif\"><span style=\"color:#000000\"><span style=\"font-size:16px\">Từ kh&oacute;a c&oacute; lượng seach cao</span></span></span></li>\r\n	<li style=\"text-align:justify\"><span style=\"font-family:Times New Roman,Times,serif\"><span style=\"color:#000000\"><span style=\"font-size:16px\">&Iacute;t người hoặc kh&ocirc;ng c&oacute; người SEO.</span></span></span></li>\r\n</ul>\r\n\r\n<p style=\"text-align:center\">&nbsp;</p>\r\n\r\n<p style=\"text-align:center\"><span style=\"font-family:Times New Roman,Times,serif\"><span style=\"color:#000000\"><span style=\"font-size:16px\"><img alt=\"từ khóa bóng ma là gì\" height=\"329\" src=\"/image/images/tu-khoa-bong-ma-la-gi.jpg\" width=\"599\" /></span></span></span></p>\r\n\r\n<h3 style=\"margin-left:0cm; margin-right:0cm; text-align:justify\"><span style=\"font-family:Times New Roman,Times,serif\"><span style=\"color:#f39c12\"><span style=\"font-size:18px\"><strong>Khi bạn đ&atilde; x&aacute;c định được từ kh&oacute;a b&oacute;ng ma th&igrave; tiếp theo bạn cần thực hiện gồm:</strong></span></span></span></h3>\r\n\r\n<p style=\"text-align:justify\"><span style=\"font-family:Times New Roman,Times,serif\"><span style=\"color:#000000\"><span style=\"font-size:16px\">- L&ecirc;n kế hoạch x&acirc;y dựng nội dung quanh từ kh&oacute;a<strong> phantom keywords</strong></span></span></span></p>\r\n\r\n<p style=\"text-align:justify\"><span style=\"font-family:Times New Roman,Times,serif\"><span style=\"color:#000000\"><span style=\"font-size:16px\">- Tối ưu b&agrave;i viết chất lượng tốt hơn, độ d&agrave;i v&agrave; ph&acirc;n phổ từ kh&oacute;a thật tốt để đảm bảo những yếu tố b&agrave;i viết chuẩn SEO.</span></span></span></p>\r\n\r\n<p style=\"text-align:justify\"><span style=\"font-family:Times New Roman,Times,serif\"><span style=\"color:#000000\"><span style=\"font-size:16px\">&nbsp;X&acirc;y dựng 1 hệ thống backlink để trỏ về b&agrave;i viết mục đ&iacute;ch ch&iacute;nh l&agrave; nhằm khả năng l&ecirc;n TOP cho từ kh&oacute;a <strong>Phantom keywords</strong> n&agrave;y.</span></span></span></p>\r\n\r\n<p style=\"margin-left:0cm; margin-right:0cm; text-align:justify\"><span style=\"font-family:Times New Roman,Times,serif\"><span style=\"color:#000000\"><span style=\"font-size:16px\">Khi bạn đ&atilde; thực hiện c&aacute;c bước như tr&ecirc;n, chậm nhất l&agrave; 48h khi google index b&agrave;i viết nội dung của bạn th&igrave; chắc chắn người t&igrave;m kiếm sẽ seach v&agrave; click v&agrave;o website bạn. Tự nhi&ecirc;n website của bạn c&oacute; 1 lượng traffic đ&aacute;ng kể đổ về. Điều n&agrave;y rất tốt phải kh&ocirc;ng?</span></span></span></p>\r\n\r\n<h2 style=\"text-align:justify\"><span style=\"font-family:Times New Roman,Times,serif\"><span style=\"color:#c0392b\"><span style=\"font-size:20px\"><strong><span style=\"background-color:white\">Lượng traffic sẽ kinh khủng v&agrave; bền vững như thế n&agrave;o nếu bạn viết nội dung cho Phantom&nbsp;keyword</span></strong></span></span></span></h2>\r\n\r\n<p style=\"margin-left:0cm; margin-right:0cm; text-align:justify\"><span style=\"font-family:Times New Roman,Times,serif\"><span style=\"color:#000000\"><span style=\"font-size:16px\">T&ocirc;i c&oacute; thể đưa ra một v&iacute; dụ đơn giản để bạn c&oacute; thể hiểu được từ kh&oacute;a <strong>phantom keyword </strong>c&oacute; lượng traffic sẽ kinh khủng v&agrave; bền vững như thế n&agrave;o đối với website của bạn nh&eacute;.</span></span></span></p>\r\n\r\n<p style=\"margin-left:0cm; margin-right:0cm; text-align:justify\"><span style=\"font-family:Times New Roman,Times,serif\"><span style=\"color:#000000\"><span style=\"font-size:16px\">V&iacute; dụ website của bạn c&oacute; nội dung về đề t&agrave;i nội thất với từ kh&oacute;a ch&iacute;nh &ldquo; Nội thất văn ph&ograve;ng&rdquo; chắc chắn l&agrave; c&oacute; lượng t&igrave;m kiếm rất cao từ ph&iacute;a người d&ugrave;ng. Tuy nhi&ecirc;n đ&acirc;y ch&iacute;nh l&agrave; từ kh&oacute;a c&oacute; mức cạnh tranh cực kỳ cao về vấn đế thời gian v&agrave; kinh ph&iacute;. Cơ hội l&ecirc;n TOP t&igrave;m kiếm của bạn về từ kh&oacute;a n&agrave;y để đưa l&ecirc;n TOP l&agrave; rất kh&oacute; v&agrave; thấp. Kh&oacute; c&oacute; thể cạnh tranh trực tiếp được c&aacute;c đối thủ đ&atilde; thực hiện tiến h&agrave;nh SEO từ trước.</span></span></span></p>\r\n\r\n<p style=\"margin-left:0cm; margin-right:0cm; text-align:justify\"><span style=\"font-family:Times New Roman,Times,serif\"><span style=\"color:#000000\"><span style=\"font-size:16px\">L&uacute;c n&agrave;y chắc chắn bạn đang suy nghĩ l&agrave;m sao để c&oacute; thể cạnh tranh với c&aacute;c đối thủ v&agrave; l&agrave;m thế n&agrave;o đưa được dịch vụ của bạn hướng đến được người t&igrave;m kiếm. L&uacute;c n&agrave;y, phương &aacute;n tiếp theo bạn cần phải tiếp cận v&agrave; thực hiện đ&oacute; ch&iacute;nh l&agrave; t&igrave;m đến <strong>từ kh&oacute;a b&oacute;ng ma&nbsp;</strong>m&agrave; c&oacute; lượng t&igrave;m kiếm nhưng đối thủ lại kh&ocirc;ng SEO. </span></span></span></p>\r\n\r\n<p style=\"margin-left:0cm; margin-right:0cm; text-align:center\"><span style=\"font-family:Times New Roman,Times,serif\"><span style=\"color:#000000\"><span style=\"font-size:16px\"><img alt=\"từ khóa bóng ma là gì\" height=\"418\" src=\"/image/images/phantom-keyword.png\" width=\"800\" /></span></span></span></p>\r\n\r\n<p style=\"margin-left:0cm; margin-right:0cm; text-align:center\"><span style=\"font-family:Times New Roman,Times,serif\"><em><span style=\"color:#000000\"><span style=\"font-size:16px\">T&igrave;m hiểu từ kh&oacute;a phantom keyword</span></span></em></span></p>\r\n\r\n<h3 style=\"margin-left:0cm; margin-right:0cm; text-align:justify\"><span style=\"font-family:Times New Roman,Times,serif\"><span style=\"color:#f39c12\"><span style=\"font-size:18px\"><strong>V&iacute; dụ về từ kh&oacute;a phantom keywords:</strong></span></span></span></h3>\r\n\r\n<p style=\"margin-left:0cm; margin-right:0cm; text-align:justify\"><span style=\"font-family:Times New Roman,Times,serif\"><span style=\"color:#000000\"><span style=\"font-size:16px\">V&iacute; dụ như bạn t&igrave;m được <strong>từ kh&oacute;a b&oacute;ng ma</strong>&nbsp;l&agrave; &ldquo; Nội thất văn ph&ograve;ng gi&aacute; rẻ nhất&rdquo; (C&aacute;i n&agrave;y t&ocirc;i chỉ&nbsp;v&iacute; dụ cho bạn để bạn dễ hi&ecirc;u th&ocirc;i nh&eacute; chứ thực tế để t&igrave;m ra được từ kh&oacute;a Phantom bạn cần trải qua nhiều bước v&agrave; t&ocirc;i sẽ giới thiệu bạn c&aacute;ch t&igrave;m từ kh&oacute;a phantom đơn giản v&agrave; hiệu quả nhất) với lượng seach l&agrave; 200, v&agrave; số b&agrave;i viết về từ kh&oacute;a n&agrave;y tr&ecirc;n google chỉ l&agrave; 10 b&agrave;i viết.</span></span></span></p>\r\n\r\n<p style=\"margin-left:0cm; margin-right:0cm; text-align:justify\"><span style=\"font-family:Times New Roman,Times,serif\"><span style=\"color:#000000\"><span style=\"font-size:16px\">Như vậy, đ&acirc;y được x&aacute;c định l&agrave; từ kh&oacute;a<strong> Phantom keywords</strong> bạn cần x&acirc;y dựng nội dung v&agrave; tối ưu cho b&agrave;i viết th&igrave; cơ hội đứng TOP của bạn sẽ chắc chắn nằm trong TOP 1 &ndash; 3. Khi đ&oacute; bạn c&oacute; thể t&igrave;m ra được đến 100 <strong>từ kh&oacute;a b&oacute;ng ma</strong> li&ecirc;n quan với nhau như vậy để tối ưu. </span></span></span></p>\r\n\r\n<p style=\"margin-left:0cm; margin-right:0cm; text-align:justify\"><span style=\"font-family:Times New Roman,Times,serif\"><span style=\"color:#000000\"><span style=\"font-size:16px\">Điều đ&oacute; với lượng<strong> từ kh&oacute;a b&oacute;ng ma</strong> v&agrave; lượng t&igrave;m kiếm như vậy th&igrave; bạn thử l&agrave;m 1 ph&eacute;p t&iacute;nh nhỏ th&ocirc;i c&oacute; thể t&iacute;nh được lượng traffic m&agrave; h&agrave;ng th&aacute;ng website của bạn được bao nhi&ecirc;u. </span></span></span></p>\r\n\r\n<p style=\"margin-left:0cm; margin-right:0cm; text-align:justify\"><span style=\"font-family:Times New Roman,Times,serif\"><span style=\"color:#000000\"><span style=\"font-size:16px\">Để t&ocirc;i thử t&iacute;nh nh&eacute;. 200 x 100 = 20.000 lượt truy cập. 1 con số thực sự kinh khủng đối với 1 website mới với thị trường cực cạnh tranh như thế n&agrave;y đ&uacute;ng kh&ocirc;ng?</span></span></span></p>\r\n\r\n<p style=\"margin-left:0cm; margin-right:0cm; text-align:justify\"><span style=\"font-family:Times New Roman,Times,serif\"><span style=\"color:#000000\"><span style=\"font-size:16px\">Khi đ&oacute; th&igrave; chắc chắn lượng traffic đổ về website bạn ch&iacute;nh l&agrave; điều kiện để trang của bạn ph&aacute;t triển, củng cố gia tăng sức mạnh để cải thiện thứ hạng cho c&aacute;c từ kh&oacute;a c&oacute; độ kh&oacute; cao hơn.</span></span></span></p>\r\n\r\n<h2 style=\"text-align:justify\"><span style=\"font-family:Times New Roman,Times,serif\"><span style=\"color:#c0392b\"><span style=\"font-size:20px\"><strong><span style=\"background-color:white\">L&agrave;m thế n&agrave;o để ph&acirc;n t&iacute;ch t&igrave;m được từ kh&oacute;a b&oacute;ng ma</span></strong></span></span></span></h2>\r\n\r\n<p style=\"text-align:justify\"><span style=\"font-family:Tahoma,Geneva,sans-serif\"><span style=\"font-size:36px\"><span style=\"color:#16a085\"><span style=\"background-color:white\"><strong>|</strong></span></span></span></span><span style=\"font-family:Times New Roman,Times,serif\"><span style=\"font-size:36px\"><span style=\"color:#16a085\"><span style=\"background-color:white\"><strong>&nbsp;</strong></span></span></span><span style=\"color:#000000\"><span style=\"font-size:16px\"><em><span style=\"background-color:white\">&quot;</span></em></span></span><span style=\"color:#000000\"><span style=\"font-size:16px\"><em><span style=\"background-color:white\">Để t&igrave;m hiểu được c&aacute;c c&aacute;ch ph&acirc;n t&iacute;ch t&igrave;m kiếm từ kh&oacute;a b&oacute;ng ma. Mời c&aacute;c bạn&nbsp;</span></em></span></span><span style=\"font-size:16px\"><em><span style=\"background-color:white\"><strong><span style=\"color:#8e44ad\"><a href=\"https://kinhdoanhinternet.com.vn/cach-tang-traffic-cho-website-hieu-qua\">XEM TH&Ecirc;M</a>&nbsp;</span></strong></span></em></span><span style=\"color:#000000\"><span style=\"font-size:16px\"><em><span style=\"background-color:white\">b&agrave;i viết bước 1 của t&ocirc;i nh&eacute;.&quot;</span></em></span></span></span></p>\r\n\r\n<p style=\"text-align:justify\"><span style=\"font-family:Times New Roman,Times,serif\"><span style=\"color:#000000\"><span style=\"font-size:16px\"><span style=\"background-color:white\">Cảm ơn bạn đ&atilde; d&agrave;nh thời gian đọc hết b&agrave;i viết chia sẻ n&agrave;y của t&ocirc;i. Mong rằng với những kiến thức về từ kh&oacute;a <strong>phantom keywords </strong>(<strong>từ kh&oacute;a b&oacute;ng ma</strong>)<strong>&nbsp;</strong>n&agrave;y của t&ocirc;i sẽ gi&uacute;p bạn cải thiện thứ hạng từ kh&oacute;a tr&ecirc;n website của m&igrave;nh.</span></span></span></span></p>\r\n', 'phantom-keywords-la-gi.jpg', 0, 74, '', '2019-02-26 16:02:13', '2019-03-04 22:03:54', 1, '', '', '', '', '', 'Giải đáp từ A-Z về từ khóa bóng ma hay còn gọi là phantom keyword là gì', 'Bài viết phân tích chi tiết về từ khóa bóng ma, từ khóa phantom, phantom keyword là gì và những kiến thức xung quanh từ khóa bóng ma cần nắm chắc khi làm SEO.', 'tu-khoa-bong-ma-la-gi', 'phantom keyword, phantom keywords, phantom keyword là gì, phantom keywords là gì, từ khóa bóng ma, từ khóa bóng ma là gì, từ khóa phantom là gì', 1, ''),
(9, 'Cách thêm quản trị viên trên fanpage đơn giản', 'Việc mở rộng các fanpage giúp bạn tiếp cận được nhiều khách hàng và quảng bá sản phẩm được nhiều hơn nhưng bên cạnh đó vấn đề quản trị cũng như cách thêm quản trị viên trên fanpage gây khó khăn cho bạn. Cùng theo dõi bài viết dưới đây để biết cách thêm đơn giản nhất.', '<p dir=\"ltr\" style=\"text-align:justify\"><span style=\"color:#000000\"><span style=\"font-size:16px\"><span style=\"font-family:Times New Roman,Times,serif\">Facebook đang l&agrave; mạng x&atilde; hội được nhiều người sử dụng v&agrave; truy cập mỗi ng&agrave;y. Ngo&agrave;i việc đăng ảnh th&ocirc;ng tin th&igrave; người d&ugrave;ng c&ograve;n c&oacute; thể kinh doanh tr&ecirc;n facebook th&ocirc;ng qua c&aacute;c fanpage của m&igrave;nh. Việc tạo v&agrave; quản trị c&aacute;c fanpage kh&ocirc;ng những c&oacute; th&ecirc;m nhiều kh&aacute;ch h&agrave;ng từ đ&oacute; mang lại nguồn lợi nhuận khổng lồ cho bạn. Nhưng l&agrave;m sao để quản trị được c&aacute;c fanpage v&agrave; <strong>c&aacute;ch th&ecirc;m quản trị vi&ecirc;n tr&ecirc;n fanpage</strong> như thế n&agrave;o?</span></span></span></p>\r\n\r\n<p dir=\"ltr\" style=\"text-align:center\"><span style=\"color:#000000\"><span style=\"font-size:16px\"><span style=\"font-family:Times New Roman,Times,serif\"><img alt=\"cách thêm quản trị viên trên fanpage\" height=\"400\" src=\"/image/images/cach-them-quan-tri-vien-tren-fanpage.jpg\" width=\"600\" /></span></span></span></p>\r\n\r\n<p dir=\"ltr\" style=\"text-align:center\"><em><span style=\"color:#000000\"><span style=\"font-size:16px\"><span style=\"font-family:Times New Roman,Times,serif\">c&aacute;ch th&ecirc;m quản trị vi&ecirc;n tr&ecirc;n fanpage </span></span></span></em></p>\r\n\r\n<h2 dir=\"ltr\" style=\"text-align:justify\"><span style=\"color:#c0392b\"><strong><span style=\"font-size:20px\"><span style=\"font-family:Times New Roman,Times,serif\">Quản trị vi&ecirc;n fanpage l&agrave; g&igrave;</span></span></strong></span></h2>\r\n\r\n<p dir=\"ltr\" style=\"text-align:justify\"><span style=\"color:#000000\"><span style=\"font-size:16px\"><span style=\"font-family:Times New Roman,Times,serif\">Đ&acirc;y l&agrave; người c&oacute; vai tr&ograve; cao nhất c&oacute; thể quản l&yacute; tất cả mọi mặt của page từ tin nhắn đến việc đăng, tạo quảng c&aacute;o cho page; xem quản trị vi&ecirc;n kh&aacute;c b&igrave;nh luận, tạo b&agrave;i viết, xem th&ocirc;ng tin v&agrave; th&ecirc;m quản trị vi&ecirc;n. ..Hiểu đơn giản quản trị vi&ecirc;n ngang với chức chủ tịch hội đồng quản trị trong một c&ocirc;ng ty.</span></span></span></p>\r\n\r\n<h2 dir=\"ltr\" style=\"text-align:justify\"><strong><span style=\"color:#c0392b\"><span style=\"font-size:20px\"><span style=\"font-family:Times New Roman,Times,serif\">Một số vai tr&ograve; của quản trị vi&ecirc;n tr&ecirc;n fanpage</span></span></span></strong></h2>\r\n\r\n<p dir=\"ltr\" style=\"text-align:justify\"><span style=\"color:#000000\"><span style=\"font-size:16px\"><span style=\"font-family:Times New Roman,Times,serif\">+ Bi&ecirc;n tập vi&ecirc;n: khi bạn th&ecirc;m quản trị vi&ecirc;n c&oacute; nhiệm vụ bi&ecirc;n tập vi&ecirc;n th&igrave; người n&agrave;y cũng c&oacute; quyền như quản trị vi&ecirc;n. Bi&ecirc;n tập c&oacute; tất cả quyền như quản trị vi&ecirc;n nhưng kh&ocirc;ng thể th&ecirc;m quản trị vi&ecirc;n kh&aacute;c v&agrave;o page hoặc x&oacute;a một người ra khỏi fanpage.</span></span></span></p>\r\n\r\n<p dir=\"ltr\" style=\"text-align:justify\"><span style=\"color:#000000\"><span style=\"font-size:16px\"><span style=\"font-family:Times New Roman,Times,serif\">+ Người kiểm duyệt: đ&acirc;y l&agrave; người c&oacute; quyền hạn thấp hơn bi&ecirc;n tập vi&ecirc;n, c&oacute; thể trả lời hoặc x&oacute;a c&aacute;c b&igrave;nh luận tr&ecirc;n page, gửi tin nhắn với tư c&aacute;ch l&agrave; page, xem quản trị vi&ecirc;n n&agrave;o tạo b&agrave;i viết, b&igrave;nh luận, tạo quảng c&aacute;o</span></span></span></p>\r\n\r\n<p dir=\"ltr\" style=\"text-align:justify\"><span style=\"color:#000000\"><span style=\"font-size:16px\"><span style=\"font-family:Times New Roman,Times,serif\">+ Nh&agrave; quảng c&aacute;o: c&oacute; thể tạo quảng c&aacute;o, xem th&ocirc;ng tin chi tiết, xem quản trị vi&ecirc;n n&agrave;o tạo b&agrave;i biết, b&igrave;nh luận</span></span></span></p>\r\n\r\n<p dir=\"ltr\" style=\"text-align:justify\"><span style=\"color:#000000\"><span style=\"font-size:16px\"><span style=\"font-family:Times New Roman,Times,serif\">+ Nh&agrave; ph&acirc;n t&iacute;ch: xem c&aacute;c th&ocirc;ng tin chi tiết cũng như xem được quản trị vi&ecirc;n n&agrave;o tạo b&agrave;i viết, b&igrave;nh luận</span></span></span></p>\r\n\r\n<h2 dir=\"ltr\" style=\"text-align:justify\"><span style=\"color:#c0392b\"><span style=\"font-size:20px\"><strong><span style=\"font-family:Times New Roman,Times,serif\">Ai c&oacute; thể th&ecirc;m quản trị vi&ecirc;n tr&ecirc;n fanpage</span></strong></span></span></h2>\r\n\r\n<p dir=\"ltr\" style=\"text-align:justify\"><span style=\"color:#000000\"><span style=\"font-size:16px\"><span style=\"font-family:Times New Roman,Times,serif\">Người c&oacute; thể thực hiện th&ecirc;m quản trị vi&ecirc;n tr&ecirc;n fanpage phải l&agrave; người được cấp quyền cao nhất đ&oacute; c&oacute; thể l&agrave; bạn- người tạo ra c&aacute;c fanpage hoặc quản trị fanpage được bạn ủy quyền.</span></span></span></p>\r\n\r\n<h2 dir=\"ltr\" style=\"text-align:justify\"><span style=\"color:#c0392b\"><strong><span style=\"font-size:20px\"><span style=\"font-family:Times New Roman,Times,serif\">C&aacute;ch th&ecirc;m quản trị vi&ecirc;n tr&ecirc;n fanpage</span></span></strong></span></h2>\r\n\r\n<p dir=\"ltr\" style=\"text-align:justify\"><span style=\"color:#000000\"><span style=\"font-size:16px\"><span style=\"font-family:Times New Roman,Times,serif\">Nếu bạn đang kinh doanh v&agrave; tạo c&aacute;c page th&igrave; n&ecirc;n biết đến <strong>c&aacute;ch th&ecirc;m quản trị vi&ecirc;n tr&ecirc;n fanpage </strong></span></span></span></p>\r\n\r\n<p dir=\"ltr\" style=\"text-align:justify\"><span style=\"color:#000000\"><span style=\"font-size:16px\"><span style=\"font-family:Times New Roman,Times,serif\">+ Th&ecirc;m quản trị vi&ecirc;n tr&ecirc;n fanpage bằng t&ecirc;n v&agrave; email</span></span></span></p>\r\n\r\n<p dir=\"ltr\" style=\"text-align:justify\"><span style=\"color:#000000\"><span style=\"font-size:16px\"><span style=\"font-family:Times New Roman,Times,serif\">Việc th&ecirc;m quản trị vi&ecirc;n tr&ecirc;n fanpage được thực hiện lần lượt theo c&aacute;c bước như sau: </span></span></span></p>\r\n\r\n<p dir=\"ltr\" style=\"text-align:justify\"><span style=\"color:#000000\"><span style=\"font-size:16px\"><span style=\"font-family:Times New Roman,Times,serif\">Bước 1: Bạn h&atilde;y truy cập v&agrave;o fanpage cần th&ecirc;m quản trị vi&ecirc;n</span></span></span></p>\r\n\r\n<p dir=\"ltr\" style=\"text-align:justify\"><span style=\"color:#000000\"><span style=\"font-size:16px\"><span style=\"font-family:Times New Roman,Times,serif\">Bước 2: Từ giao diện của fanpage k&iacute;ch v&agrave;o phần c&agrave;i đặt. C&aacute;c bạn lưu &yacute; l&agrave; chỉ c&aacute;c quản trị mới c&oacute; mục n&agrave;y.</span></span></span></p>\r\n\r\n<p dir=\"ltr\" style=\"text-align:center\"><span style=\"color:#000000\"><span style=\"font-size:16px\"><span style=\"font-family:Times New Roman,Times,serif\"><img alt=\"cách thêm quản trị viên trên fanpage\" height=\"400\" src=\"/image/images/cach-them-quan-tri-vien-tren-fanpage_-hieu-quapng.jpg\" width=\"600\" /></span></span></span></p>\r\n\r\n<p dir=\"ltr\" style=\"text-align:center\"><em><span style=\"color:#000000\"><span style=\"font-size:16px\"><span style=\"font-family:Times New Roman,Times,serif\">c&aacute;ch th&ecirc;m quản trị vi&ecirc;n tr&ecirc;n fanpage </span></span></span></em></p>\r\n\r\n<p dir=\"ltr\" style=\"text-align:justify\"><span style=\"color:#000000\"><span style=\"font-size:16px\"><span style=\"font-family:Times New Roman,Times,serif\">Bước 3: Trong phần c&agrave;i đặt chọn tab vai tr&ograve; tr&ecirc;n trang. Mục n&agrave;y cho ph&eacute;p bạn th&ecirc;m quản trị vi&ecirc;n v&agrave; cấp quyền cho họ.</span></span></span></p>\r\n\r\n<p dir=\"ltr\" style=\"text-align:justify\"><span style=\"color:#000000\"><span style=\"font-size:16px\"><span style=\"font-family:Times New Roman,Times,serif\">Bước 4: Điền đầy đủ c&aacute;c th&ocirc;ng tin y&ecirc;u cầu như t&ecirc;n, email của người m&agrave; bạn muốn th&ecirc;m. Tiếp theo bạn chọn quyền cho quản trị vi&ecirc;n mới. Sau khi thực hiện xong bạn h&atilde;y chọn th&ecirc;m facebook &nbsp;v&agrave; lưu. Facebook sẽ y&ecirc;u cầu nhập mật khẩu để x&aacute;c nhận.</span></span></span></p>\r\n\r\n<p style=\"text-align:center\"><span style=\"color:#000000\"><span style=\"font-size:16px\"><span style=\"font-family:Times New Roman,Times,serif\"><img alt=\"cách thêm quản trị viên trên fanpage\" height=\"379\" src=\"/image/images/huong-dan-cach-them-quan-tri-vien-tren-fanpage.jpg\" width=\"700\" /></span></span></span></p>\r\n\r\n<p style=\"text-align:center\"><em><span style=\"color:#000000\"><span style=\"font-size:16px\"><span style=\"font-family:Times New Roman,Times,serif\">c&aacute;ch th&ecirc;m quản trị vi&ecirc;n tr&ecirc;n fanpage </span></span></span></em></p>\r\n\r\n<p dir=\"ltr\" style=\"text-align:justify\"><span style=\"color:#000000\"><span style=\"font-size:16px\"><span style=\"font-family:Times New Roman,Times,serif\">Khi thực hiện<strong> c&aacute;ch th&ecirc;m quản trị vi&ecirc;n tr&ecirc;n fanpage</strong> bằng c&aacute;ch n&agrave;y bạn cần đảm bảo rằng t&ecirc;n v&agrave; email đăng nhập phải đ&uacute;ng với t&ecirc;n v&agrave; email đ&atilde; đăng k&iacute; tr&ecirc;n facebook của người đ&oacute;. T&ecirc;n của quản trị vi&ecirc;n mới phải l&agrave; bạn b&egrave; của quản trị hoặc người đ&oacute; phải ấn th&iacute;ch v&agrave;o page tương ứng.</span></span></span></p>\r\n\r\n<h2 dir=\"ltr\" style=\"text-align:justify\"><span style=\"color:#c0392b\"><strong><span style=\"font-size:20px\"><span style=\"font-family:Times New Roman,Times,serif\">C&aacute;ch thay đổi vai tr&ograve; của quản trị vi&ecirc;n tr&ecirc;n fanpage</span></span></strong></span></h2>\r\n\r\n<p dir=\"ltr\" style=\"text-align:justify\"><span style=\"color:#000000\"><span style=\"font-size:16px\"><span style=\"font-family:Times New Roman,Times,serif\">Khi đ&atilde; biết được c&ocirc;ng việc của c&aacute;c quản trị vi&ecirc;n v&agrave;<strong> c&aacute;ch th&ecirc;m quản trị vi&ecirc;n tr&ecirc;n fanpage </strong>th&igrave; với tư c&aacute;ch l&agrave; quản trị vi&ecirc;n c&oacute; quyền hạn cao nhất bạn cũng c&oacute; thể thay đổi hoặc x&oacute;a vai tr&ograve; của một người n&agrave;o đ&oacute; trong fanpage.</span></span></span></p>\r\n\r\n<p dir=\"ltr\" style=\"text-align:justify\"><span style=\"color:#000000\"><span style=\"font-size:16px\"><span style=\"font-family:Times New Roman,Times,serif\">Thực hiện như sau: </span></span></span></p>\r\n\r\n<p dir=\"ltr\" style=\"text-align:justify\"><span style=\"color:#000000\"><span style=\"font-size:16px\"><span style=\"font-family:Times New Roman,Times,serif\">Truy cập v&agrave;o page nhấn v&agrave;o phần c&agrave;i đặt ở ph&iacute;a đầu page. Tiếp theo ở cột b&ecirc;n tr&aacute;i v&agrave;o phần vai tr&ograve; trang. Tại đ&acirc;y bạn c&oacute; thể thực hiện chỉnh sửa hoặc x&oacute;a vai tr&ograve; của người kh&aacute;c. Nhấn v&agrave;o phần chỉnh sửa &nbsp;b&ecirc;n cạnh t&ecirc;n rồi chọn vai tr&ograve; mới. cuối c&ugrave;ng nhấn lưu v&agrave; nhập mật khẩu để x&aacute;c nhận.</span></span></span></p>\r\n\r\n<p dir=\"ltr\" style=\"text-align:justify\"><span style=\"color:#000000\"><span style=\"font-size:16px\"><span style=\"font-family:Times New Roman,Times,serif\">Để x&oacute;a vai tr&ograve; của người kh&aacute;c th&igrave; cũng thực hiện tương tự nhưng thay v&igrave; thay đổi th&igrave; bạn chọn x&oacute;a. Việc x&oacute;a hay thay đổi vai tr&ograve; của người kh&aacute;c sẽ được thực hiện sau 7 ng&agrave;y.</span></span></span></p>\r\n\r\n<p dir=\"ltr\" style=\"text-align:justify\"><span style=\"color:#000000\"><span style=\"font-size:16px\"><span style=\"font-family:Times New Roman,Times,serif\">Bạn cũng c&oacute; thế tự x&oacute;a m&igrave;nh ra khỏi page với điều kiện page c&oacute; một quản trị vi&ecirc;n kh&aacute;c.</span></span></span></p>\r\n\r\n<h2 dir=\"ltr\" style=\"text-align:justify\"><span style=\"color:#c0392b\"><strong><span style=\"font-size:20px\"><span style=\"font-family:Times New Roman,Times,serif\">C&aacute;c c&aacute;ch quản trị fanpage đạt hiệu quả tốt nhất</span></span></strong></span></h2>\r\n\r\n<p dir=\"ltr\" style=\"text-align:justify\"><span style=\"color:#000000\"><span style=\"font-size:16px\"><span style=\"font-family:Times New Roman,Times,serif\">+ Quản trị vi&ecirc;n n&ecirc;n đăng b&agrave;i thường xuy&ecirc;n v&agrave; để thu h&uacute;t được nhiều kh&aacute;ch h&agrave;ng th&igrave; y&ecirc;u cầu quản trị fanpage phải kiểm tra tần suất cũng như thời gian đăng b&agrave;i l&uacute;c n&agrave;o thu h&uacute;t được nhiều người nhất.</span></span></span></p>\r\n\r\n<p dir=\"ltr\" style=\"text-align:justify\"><span style=\"color:#000000\"><span style=\"font-size:16px\"><span style=\"font-family:Times New Roman,Times,serif\">+ Tạo c&aacute;c nội dung diễn ra định kỳ: những chương tr&igrave;nh, khuyến m&atilde;i diễn ra cuối tuần hoặc một ng&agrave;y n&agrave;o đ&oacute; sẽ tạo n&ecirc;n sự chờ đợi, th&iacute;ch th&uacute; của c&aacute;c fan</span></span></span></p>\r\n\r\n<p dir=\"ltr\" style=\"text-align:justify\"><span style=\"color:#000000\"><span style=\"font-size:16px\"><span style=\"font-family:Times New Roman,Times,serif\">+ Sử dụng h&igrave;nh ảnh đẹp: page c&oacute; h&igrave;nh ảnh l&ocirc;i cuốn kh&ocirc;ng chỉ gi&uacute;p quảng b&aacute; sản phẩm m&agrave; c&ograve;n khiến cho h&igrave;nh ảnh page hấp dẫn hơn.</span></span></span></p>\r\n\r\n<p dir=\"ltr\" style=\"text-align:justify\"><span style=\"color:#000000\"><span style=\"font-size:16px\"><span style=\"font-family:Times New Roman,Times,serif\">+ Tương t&aacute;c với kh&aacute;ch h&agrave;ng: bằng c&aacute;ch trả lời b&igrave;nh luận hoặc hướng dẫn &nbsp;kh&aacute;ch h&agrave;ng việc n&agrave;y gi&uacute;p fanpage cảm thấy gần gũi</span></span></span></p>\r\n\r\n<p dir=\"ltr\" style=\"text-align:justify\"><span style=\"color:#000000\"><span style=\"font-size:16px\"><span style=\"font-family:Times New Roman,Times,serif\">Hi vọng với th&ocirc;ng tin b&agrave;i viết n&ecirc;u tr&ecirc;n sẽ gi&uacute;p c&aacute;c bạn biết <strong>c&aacute;ch th&ecirc;m quản trị vi&ecirc;n tr&ecirc;n fanpage </strong>v&agrave; sử dụng fanpage đạt hiệu quả cao nhất</span></span></span></p>\r\n', 'cach-them-quan-tri-vien-tren-fanpage.jpg', 0, 72, '', '2019-03-15 15:03:23', '2019-03-15 15:03:56', 1, '', '', '', '', '', 'Cách thêm quản trị viên trên fanpage đơn giản', 'Cách thêm quản trị viên trên fanpage như thế nào đơn giản và hiệu quả nhất. Hãy cùng tôi đi tìm kiếm cách thêm quản trị viên trên facebook đơn giản nhất nhé.', 'cach-them-quan-tri-vien-tren-fanpage-don-gian', 'cách thêm quản trị viên trên fanpage ', NULL, '');
INSERT INTO `news` (`news_id`, `news_name`, `news_des`, `news_content`, `news_img`, `news_views`, `newscat_id`, `news_author`, `news_created_date`, `news_update_date`, `state`, `news_sub_info1`, `news_sub_info2`, `news_sub_info3`, `news_sub_info4`, `news_sub_info5`, `title_seo`, `des_seo`, `friendly_url`, `keyword`, `created_id`, `newstag_arr`) VALUES
(10, 'Tỷ lệ thoát trang là gì? Chỉ số này ảnh hướng đến SEO như thế nào', 'Tỷ lệ thoát trang hay bounce rate là một trong những yếu tố ảnh hưởng nhiều đến thứ hạng. Bài viết làm rõ tỷ lệ thoát trang là gì? và những vấn đề có liên quan', '<p style=\"margin-left:0cm; margin-right:0cm\"><span style=\"font-size:16px\"><span style=\"font-family:Times New Roman,Times,serif\"><strong>Tỷ lệ tho&aacute;t trang l&agrave; g&igrave;? </strong>hay<strong> tỷ lệ bounce rate l&agrave; g&igrave;?</strong> đ&acirc;y l&agrave; kh&aacute;i niệm m&agrave; người l&agrave;m SEO phải nắm chắc nếu bạn muốn SEO bền vững. V&agrave; người l&agrave;m SEO đều c&oacute; mong muốn cải thiện l&agrave;m đẹp chỉ số tỷ lệ tho&aacute;t trang n&agrave;y. V&igrave; sao? Google ng&agrave;y c&agrave;ng xem trọng nội dung chất lượng v&agrave; trải nghiệm người d&ugrave;ng ch&iacute;nh v&igrave; thế m&agrave; tỷ lệ tho&aacute;t c&oacute; ảnh hưởng lớn đến kết quả thứ hạng từ kh&oacute;a.</span></span></p>\r\n\r\n<div style=\"text-align:center\">\r\n<figure class=\"image\" style=\"display:inline-block\"><img alt=\"ty-le-thoat-trang-la-gi\" height=\"338\" src=\"/image/images/T%E1%BB%B7%20l%E1%BB%87%20tho%C3%A1t%20trang%20l%C3%A0%20g%C3%AC.jpg\" width=\"600\" />\r\n<figcaption>Tỷ lệ tho&aacute;t trang l&agrave; g&igrave;?</figcaption>\r\n</figure>\r\n</div>\r\n\r\n<p style=\"margin-left:0cm; margin-right:0cm\"><span style=\"font-size:20px\"><span style=\"font-family:Times New Roman,Times,serif\"><span style=\"color:#e74c3c\"><strong>Định nghĩa tỷ lệ tho&aacute;t trang l&agrave; g&igrave;?</strong></span></span></span></p>\r\n\r\n<p style=\"margin-left:0cm; margin-right:0cm\"><span style=\"font-size:16px\"><span style=\"font-family:Times New Roman,Times,serif\">C&oacute; nhiều c&aacute;ch diễn đạt để gi&uacute;p bạn hiểu <strong>tỷ lệ tho&aacute;t trang l&agrave; g&igrave;</strong>?</span></span></p>\r\n\r\n<p style=\"margin-left:0cm; margin-right:0cm\"><span style=\"font-size:16px\"><span style=\"font-family:Times New Roman,Times,serif\">- C&oacute; thể diễn đạt: <strong>Tỷ lệ tho&aacute;t trang </strong>hay<strong> tỷ lệ Bounce Rat</strong>e l&agrave; tỷ lệ số người truy cập v&agrave;o xem trang v&agrave; sau đ&oacute; tho&aacute;t ra m&agrave; kh&ocirc;ng click v&agrave;o xem tiếp c&aacute;c trang kh&aacute;c của website đ&oacute;</span></span></p>\r\n\r\n<p style=\"margin-left:0cm; margin-right:0cm\"><span style=\"font-size:16px\"><span style=\"font-family:Times New Roman,Times,serif\">- Hay c&oacute; thể hiểu: <strong>Tỷ lệ tho&aacute;t trang</strong> l&agrave; tỷ lệ số phi&ecirc;n truy cập người d&ugrave;ng (session) chỉ v&agrave;o một trang duy nhất của website v&agrave; kh&ocirc;ng c&oacute; tương t&aacute;c n&agrave;o tr&ecirc;n trang kh&aacute;c.</span></span></p>\r\n\r\n<p style=\"margin-left:0cm; margin-right:0cm\"><span style=\"font-size:16px\"><span style=\"font-family:Times New Roman,Times,serif\">- Hoặc c&oacute; thể n&oacute;i dễ hiểu hơn: <strong>Tỷ lệ tho&aacute;t trang l&agrave; g&igrave;?</strong> L&agrave; khi người d&ugrave;ng truy cập v&agrave;o web, họ chỉ xem một viết m&agrave; họ đ&atilde; click v&agrave;o v&agrave; sau đ&oacute; tho&aacute;t ra website, kh&ocirc;ng xem th&ecirc;m nội dung n&agrave;o kh&aacute;c.</span></span></p>\r\n\r\n<p style=\"margin-left:0cm; margin-right:0cm\"><span style=\"font-size:16px\"><span style=\"font-family:Times New Roman,Times,serif\">Từ c&aacute;c c&aacute;ch diễn đạt kh&aacute;i niệm <strong>tỷ lệ tho&aacute;t trang l&agrave; g&igrave; </strong>b&ecirc;n tr&ecirc;n cũng đủ để bạn thấy được rằng chỉ số <strong>bounce rate</strong>/ <strong>tỷ lệ tho&aacute;t trang</strong>/ <strong>tỷ lệ tho&aacute;t </strong>phản &aacute;nh rất r&otilde; chất lượng, mức độ hữu &iacute;ch website của bạn với người đọc.</span></span></p>\r\n\r\n<p style=\"margin-left:0cm; margin-right:0cm\"><span style=\"font-size:16px\"><span style=\"font-family:Times New Roman,Times,serif\">Website c&oacute; nội dung c&oacute; &iacute;ch cho người đọc; cấu tr&uacute;c website th&acirc;n thiện, dễ trải nghiệm; bạn kh&eacute;o l&eacute;o dẫn dắt người đọc th&igrave; hiển nhi&ecirc;n họ sẽ tiếp tục đọc những nội dung kh&aacute;c, t&igrave;m t&ograve;i tr&ecirc;n website những b&agrave;i viết của bạn để đọc tiếp. </span></span></p>\r\n\r\n<p style=\"margin-left:0cm; margin-right:0cm\"><span style=\"font-size:16px\"><span style=\"font-family:Times New Roman,Times,serif\">V&agrave; bạn biết đấy, Google ng&agrave;y c&agrave;ng th&ocirc;ng minh v&agrave; lu&ocirc;n hướng về người d&ugrave;ng. Để đ&aacute;nh gi&aacute; chất lượng c&aacute;c website với người d&ugrave;ng Google căn cứ v&agrave;o nhiều thuật to&aacute;n v&agrave; chỉ số, trong đ&oacute; <strong>tỷ lệ tho&aacute;t trang</strong> l&agrave; một trong những chỉ số rất quan trọng. <strong>Tỷ lệ tho&aacute;t trang</strong> c&agrave;ng thấp th&igrave; c&agrave;ng tốt, Google c&agrave;ng đ&aacute;nh gi&aacute; tốt website của bạn. Để c&oacute; được <strong>tỷ lệ tho&aacute;t trang</strong> thấp đ&acirc;y kh&ocirc;ng phải l&agrave; điều dễ d&agrave;ng. V&agrave; th&agrave;nh quả thứ hạng từ kh&oacute;a sẽ kh&ocirc;ng l&agrave;m bạn thất vọng nếu website của bạn c&oacute; <strong>tỷ lệ tho&aacute;t trang</strong> đẹp.</span></span></p>\r\n\r\n<div style=\"text-align:center\">\r\n<figure class=\"image\" style=\"display:inline-block\"><img alt=\"dinh-nghia-ty-le-thoat-trang-la-gi\" height=\"315\" src=\"/image/images/%C4%90%E1%BB%8Bnh%20ngh%C4%A9a%20t%E1%BB%B7%20l%E1%BB%87%20tho%C3%A1t%20trang%20l%C3%A0%20g%C3%AC.png\" width=\"600\" />\r\n<figcaption>Định nghĩa tỷ lệ tho&aacute;t trang l&agrave; g&igrave;?</figcaption>\r\n</figure>\r\n</div>\r\n\r\n<p style=\"margin-left:0cm; margin-right:0cm\"><span style=\"font-size:16px\"><span style=\"font-family:Times New Roman,Times,serif\">Sau đ&acirc;y t&ocirc;i sẽ ph&acirc;n t&iacute;ch kỹ hơn về vai tr&ograve; của <strong>tỷ lệ tho&aacute;t trang</strong>/ <strong>Bounce Rate</strong>&nbsp;trong SEO</span></span></p>\r\n\r\n<h2 style=\"margin-left:0cm; margin-right:0cm\"><span style=\"font-size:20px\"><span style=\"font-family:Times New Roman,Times,serif\"><strong><span style=\"color:#e74c3c\">Vai tr&ograve; của tỷ lệ tho&aacute;t trang hay bounce rate trong seo l&agrave; g&igrave;?</span></strong></span></span></h2>\r\n\r\n<p style=\"margin-left:0cm; margin-right:0cm\"><span style=\"font-size:16px\"><span style=\"font-family:Times New Roman,Times,serif\">SEO l&agrave; c&ocirc;ng việc tối ưu h&oacute;a c&ocirc;ng cụ t&igrave;m kiếm như Google,&hellip; để cải tiến thứ hạng từ kh&oacute;a của website trong kết quả trả về của c&ocirc;ng cụ t&igrave;m kiếm. Google cũng như c&aacute;c c&ocirc;ng cụ t&igrave;m kiếm kh&aacute;c, bằng c&aacute;c thuật to&aacute;n ng&agrave;y c&agrave;ng nhiều v&agrave; chặt chẽ của m&igrave;nh sẽ tiến h&agrave;nh ph&acirc;n t&iacute;ch rất nhiều trang nội dung với c&aacute;c chất lượng kh&aacute;c nhau đề cập tới từ kh&oacute;a đang t&igrave;m kiếm. Từ kết quả ph&acirc;n t&iacute;ch đ&oacute; c&ocirc;ng cụ t&igrave;m kiếm sẽ xếp hạng thứ hạng từ kh&oacute;a của c&aacute;c website. </span></span></p>\r\n\r\n<p style=\"margin-left:0cm; margin-right:0cm\"><span style=\"font-size:16px\"><span style=\"font-family:Times New Roman,Times,serif\">Đương nhi&ecirc;n c&aacute;c c&ocirc;ng cụ t&igrave;m kiếm đều hướng tới việc trả về kết quả t&igrave;m kiếm ch&iacute;nh x&aacute;c nhất, chất lượng nhất với mong muốn của người d&ugrave;ng. C&oacute; nhiều yếu tố quyết định tới thứ hạng từ kh&oacute;a của một website. Tuy nhi&ecirc;n chắc chắn, chất lượng nội dung v&agrave; chất lượng website l&agrave; một yếu tố ch&iacute;nh quyết định tới kết quả xếp hạng từ kh&oacute;a. Hay c&oacute; thể n&oacute;i yếu tố nội dung v&agrave; Onpage website rất quan trọng, v&agrave; c&oacute; vai tr&ograve; quyết định. Google đ&atilde; dần xếp hạng từ kh&oacute;a kh&ocirc;ng đ&aacute;nh gi&aacute; qu&aacute; nhiều v&agrave;o backlink hay c&aacute;c yếu tố offpage kh&aacute;c m&agrave; n&oacute; đang rất quan trọng xem x&eacute;t h&agrave;nh vi người d&ugrave;ng tr&ecirc;n website.</span></span></p>\r\n\r\n<p style=\"margin-left:0cm; margin-right:0cm\"><span style=\"font-size:16px\"><span style=\"font-family:Times New Roman,Times,serif\">V&agrave; h&agrave;nh vi người d&ugrave;ng như đ&atilde; đề cập b&ecirc;n tr&ecirc;n gắn liền với <strong>tỷ lệ tho&aacute;t trang</strong>. <strong>Tỷ lệ tho&aacute;t trang</strong> thấp c&oacute; nghĩa l&agrave; website đ&oacute; ph&ugrave; hợp với mong muốn t&igrave;m kiếm của người d&ugrave;ng. Với những website c&oacute; <strong>tỷ lệ tho&aacute;t trang</strong> cao, mặc d&ugrave; bạn c&oacute; SEO bằng nhiều c&aacute;ch, thủ thuật đi chăng nữa th&igrave; sớm hay muộn Google sẽ cho bạn tụt thứ hạng để nhường lại vị tr&iacute; thứ hạng tốt cho những website, những kết quả t&igrave;m kiếm c&oacute; &iacute;ch cho người d&ugrave;ng.</span></span></p>\r\n\r\n<p style=\"margin-left:0cm; margin-right:0cm\"><span style=\"font-size:16px\"><span style=\"font-family:Times New Roman,Times,serif\">Cho n&ecirc;n <strong>tỷ lệ tho&aacute;t trang</strong> c&oacute; &yacute; nghĩa rất quan trọng trong SEO. Do vậy người l&agrave;m SEO cần nắm vững kh&aacute;i niệm <strong>tỷ lệ tho&aacute;t trang l&agrave; g&igrave;?</strong> v&agrave; những vấn đề c&oacute; li&ecirc;n quan để cải thiện thật tốt tỷ lệ tho&aacute;t trang n&agrave;y cho website.</span></span></p>\r\n\r\n<p style=\"margin-left:0cm; margin-right:0cm\"><span style=\"font-size:20px\"><span style=\"font-family:Times New Roman,Times,serif\"><strong><span style=\"color:#e74c3c\">Xem tỷ lệ tho&aacute;t trang bằng c&ocirc;ng cụ n&agrave;o?</span></strong></span></span></p>\r\n\r\n<p style=\"margin-left:0cm; margin-right:0cm\"><span style=\"font-size:16px\"><span style=\"font-family:Times New Roman,Times,serif\">C&ocirc;ng cụ ch&iacute;nh x&aacute;c nhất v&agrave; cũng l&agrave; c&ocirc;ng cụ tốt nhất l&agrave; d&ugrave;ng <a href=\"https://analytics.google.com/analytics/web\">Google Analytics</a>.<br />\r\n<strong>Tỷ lệ tho&aacute;t trong google analytics</strong> bạn c&oacute; thể xem như dưới h&igrave;nh dưới. Tại đ&acirc;y bạn c&oacute; thể xem được c&aacute;c chỉ số như: Số lượt truy cập website, Thời gian tr&ecirc;n mỗi phi&ecirc;n, Tỉ lệ tho&aacute;t trang&hellip;</span></span></p>\r\n\r\n<div style=\"text-align:center\">\r\n<figure class=\"image\" style=\"display:inline-block\"><img alt=\"ty-le-thoat-trang-trong-google-analytics\" height=\"237\" src=\"/image/images/T%E1%BB%B7%20l%E1%BB%87%20tho%C3%A1t%20trong%20google%20analytics.jpg\" width=\"600\" />\r\n<figcaption>Tỷ lệ tho&aacute;t trong google analytics</figcaption>\r\n</figure>\r\n</div>\r\n\r\n<p style=\"margin-left:0cm; margin-right:0cm\"><span style=\"font-size:16px\"><span style=\"font-family:Times New Roman,Times,serif\">Trong đ&oacute;:</span></span></p>\r\n\r\n<p style=\"margin-left:0cm; margin-right:0cm\"><span style=\"font-size:16px\"><span style=\"font-family:Times New Roman,Times,serif\">1. Số lượt truy cập website: L&agrave; số người d&ugrave;ng&nbsp; v&agrave;o website bằng những c&aacute;ch thức kh&aacute;c nhau như: truy cập trực tiếp, truy cập qua mạng x&atilde; hội, truy cập qua quảng c&aacute;o&hellip;</span></span></p>\r\n\r\n<p style=\"margin-left:0cm; margin-right:0cm\"><span style=\"font-size:16px\"><span style=\"font-family:Times New Roman,Times,serif\">2. Thời gian tr&ecirc;n mỗi phi&ecirc;n: L&agrave; thời gian người đọc truy cập trang v&agrave; t&igrave;m kiếm c&aacute;c th&ocirc;ng tin tr&ecirc;n trang đấy v&agrave; c&aacute;c trang kh&aacute;c của website.</span></span></p>\r\n\r\n<p style=\"margin-left:0cm; margin-right:0cm\"><span style=\"font-size:16px\"><span style=\"font-family:Times New Roman,Times,serif\">3. Tỉ lệ tho&aacute;t trang: T&ocirc;i đ&atilde; định nghĩa b&ecirc;n tr&ecirc;n tỷ lệ tho&aacute;t trang l&agrave; g&igrave;? Dưới đ&acirc;y l&agrave; c&ocirc;ng thức t&iacute;nh.</span></span></p>\r\n\r\n<p style=\"margin-left:0cm; margin-right:0cm\"><strong><span style=\"color:#e74c3c\"><span style=\"font-size:20px\"><span style=\"font-family:Times New Roman,Times,serif\">Tỷ lệ tho&aacute;t trang được t&iacute;nh như thế n&agrave;o?</span></span></span></strong></p>\r\n\r\n<p style=\"margin-left:0cm; margin-right:0cm\"><strong><span style=\"font-size:16px\"><span style=\"font-family:Times New Roman,Times,serif\">Tỷ lệ tho&aacute;t trang = Tổng số lần truy cập chỉ xem 1 trang / Tổng số lượt truy cập website</span></span></strong></p>\r\n\r\n<div style=\"text-align:center\">\r\n<figure class=\"image\" style=\"display:inline-block\"><img alt=\"cong-thuc-tinh-ty-le-thoat-trang\" height=\"268\" src=\"/image/images/C%C3%B4ng%20th%E1%BB%A9c%20t%C3%ADnh%20t%E1%BB%B7%20l%E1%BB%87%20tho%C3%A1t%20trang.png\" width=\"600\" />\r\n<figcaption>C&ocirc;ng thức t&iacute;nh tỷ lệ tho&aacute;t trang</figcaption>\r\n</figure>\r\n</div>\r\n\r\n<h2 style=\"margin-left:0cm; margin-right:0cm\"><strong><span style=\"color:#e74c3c\"><span style=\"font-size:20px\"><span style=\"font-family:Times New Roman,Times,serif\">Tỷ lệ tho&aacute;t trang cao l&agrave; do đ&acirc;u?</span></span></span></strong></h2>\r\n\r\n<p style=\"margin-left:0cm; margin-right:0cm\"><span style=\"font-size:16px\"><span style=\"font-family:Times New Roman,Times,serif\"><strong>Tỷ lệ tho&aacute;t trang</strong> cao hay thấp l&agrave; phần lớn l&agrave; do chất lượng nội dung tr&ecirc;n website, tổ chức website kh&ocirc;ng khoa học, đẹp mắt; cũng như người viết chưa cho chiến thuật trong việc dẫn dắt người đọc kh&eacute;o l&eacute;o đi từ nội dung n&agrave;y đến nội dung kh&aacute;c tr&ecirc;n website.&nbsp; Hoặc c&oacute; thể do một số nguy&ecirc;n nh&acirc;n kh&aacute;c như website tải chậm, người d&ugrave;ng click v&agrave;o c&aacute;c link quảng c&aacute;o hoặc link out tr&ecirc;n b&agrave;i viết&hellip;</span></span></p>\r\n\r\n<div style=\"text-align:center\">\r\n<figure class=\"image\" style=\"display:inline-block\"><img alt=\"ty-le-thoat-trang-cao-la-do-dau\" height=\"306\" src=\"/image/images/T%E1%BB%B7%20l%E1%BB%87%20tho%C3%A1t%20trang%20cao%20l%C3%A0%20do%20%C4%91%C3%A2u.png\" width=\"600\" />\r\n<figcaption>Tỷ lệ tho&aacute;t trang cao l&agrave; do đ&acirc;u</figcaption>\r\n</figure>\r\n</div>\r\n\r\n<p style=\"margin-left:0cm; margin-right:0cm\"><span style=\"font-size:16px\"><span style=\"font-family:Times New Roman,Times,serif\">Vậy, <strong>Tỷ lệ tho&aacute;t trang/tỷ lệ bounce rate bao nhi&ecirc;u l&agrave; được?</strong> v&agrave; bằng c&aacute;ch n&agrave;o để giảm tỷ lệ tho&aacute;t trang xuống. Mời c&aacute;c bạn đọc tiếp b&agrave;i viết n&agrave;y của t&ocirc;i.</span></span></p>\r\n\r\n<p style=\"margin-left:0cm; margin-right:0cm\"><span style=\"font-size:16px\"><span style=\"font-family:Times New Roman,Times,serif\">Hoặc nếu bạn kh&ocirc;ng c&oacute; thời gian để l&agrave;m cho nội dung v&agrave; website tốt l&ecirc;n, bạn c&oacute; thể tham khảo <a href=\"https://kinhdoanhinternet.com.vn/dich-vu-nhan-viet-bai-chuan-seo-thue\">dịch vụ viết b&agrave;i chuẩn SEO</a> của ch&uacute;ng t&ocirc;i. Với dịch vụ viết nội dung n&agrave;y ch&uacute;ng t&ocirc;i sẽ ph&acirc;n t&iacute;ch từ kh&oacute;a, chiến thuật li&ecirc;n kết nội bộ giữa c&aacute;c nội dung sẽ viết để gi&uacute;p nội dung tr&ecirc;n website của bạn được đầu tư khoa học v&agrave; c&oacute; hiệu quả.</span></span></p>\r\n\r\n<p style=\"margin-left:0cm; margin-right:0cm\"><span style=\"font-size:16px\"><span style=\"font-family:Times New Roman,Times,serif\">Trong b&agrave;i viết n&agrave;y t&ocirc;i chỉ trọng t&acirc;m l&agrave;m r&otilde; <strong>tỷ lệ tho&aacute;t trang l&agrave; g&igrave;? </strong>v&agrave; một số vấn đề c&oacute; li&ecirc;n quan đến kh&aacute;i niệm n&agrave;y. Cảm ơn c&aacute;c bạn đ&atilde; đọc b&agrave;i viết của t&ocirc;i.</span></span></p>\r\n\r\n<p style=\"margin-left:0cm; margin-right:0cm\">&nbsp;</p>\r\n', 'Tỷ lệ thoát trang là gì.jpg', 0, 74, '', '2019-03-21 15:03:32', '2019-03-21 16:03:30', 1, '', '', '', '', '', 'Tỷ lệ thoát trang là gì? Chỉ số này ảnh hướng đến SEO như thế nào', 'Tỷ lệ thoát trang hay bounce rate là một trong những yếu tố ảnh hưởng nhiều đến thứ hạng. Bài viết làm rõ tỷ lệ thoát trang là gì? và những vấn đề có liên quan', 'ty-le-thoat-trang-la-gi-chi-so-nay-anh-huong-den-seo-nhu-the-nao', 'bounce rate là gì, tỷ lệ thoát trang là gì, tỷ lệ thoát trong google analytics, tỷ lệ thoát là gì, bounce rate la gi, tỷ lệ thoát trang, chỉ số bounce rate là gì, tỉ lệ bounce rate là gì, tỷ lệ thoát, bounce rate nghĩa là gì, bounce rate google analytics là gì, xem tỷ lệ thoát trang, tỷ lệ bounce rate là gì, bounce rate trong seo là gì', 1, '');

-- --------------------------------------------------------

--
-- Table structure for table `newscat`
--

CREATE TABLE `newscat` (
  `newscat_id` int(11) NOT NULL,
  `newscat_name` text COLLATE utf8_unicode_ci,
  `newscat_des` text COLLATE utf8_unicode_ci,
  `newscat_content` longtext COLLATE utf8_unicode_ci,
  `newscat_parent` int(11) DEFAULT NULL,
  `newscat_sort_order` int(11) DEFAULT NULL,
  `newscat_created_date` datetime DEFAULT NULL,
  `newscat_update_date` datetime DEFAULT NULL,
  `state` int(11) DEFAULT '0',
  `newscat_img` text COLLATE utf8_unicode_ci,
  `newscat_sub_info1` longtext COLLATE utf8_unicode_ci,
  `newscat_sub_info2` longtext COLLATE utf8_unicode_ci,
  `newscat_sub_info3` longtext COLLATE utf8_unicode_ci,
  `newscat_sub_info4` longtext COLLATE utf8_unicode_ci,
  `newscat_sub_info5` longtext COLLATE utf8_unicode_ci,
  `title_seo` text COLLATE utf8_unicode_ci,
  `des_seo` text COLLATE utf8_unicode_ci,
  `friendly_url` text COLLATE utf8_unicode_ci,
  `keyword` text COLLATE utf8_unicode_ci,
  `created_id` int(11) DEFAULT NULL
) ENGINE=InnoDB DEFAULT CHARSET=utf8 COLLATE=utf8_unicode_ci;

--
-- Dumping data for table `newscat`
--

INSERT INTO `newscat` (`newscat_id`, `newscat_name`, `newscat_des`, `newscat_content`, `newscat_parent`, `newscat_sort_order`, `newscat_created_date`, `newscat_update_date`, `state`, `newscat_img`, `newscat_sub_info1`, `newscat_sub_info2`, `newscat_sub_info3`, `newscat_sub_info4`, `newscat_sub_info5`, `title_seo`, `des_seo`, `friendly_url`, `keyword`, `created_id`) VALUES
(70, 'Content Marketing', '', '', 0, 0, '2019-02-22 09:02:09', NULL, 1, '', '', '', '', '', '', 'Content Marketing', '', 'content-marketing', '', NULL),
(71, 'Quản trị hệ thống', '', '', 0, 0, '2019-02-22 09:02:13', NULL, 1, '', '', '', '', '', '', 'Quản trị hệ thống', '', 'quan-tri-he-thong', '', NULL),
(72, 'Facebook Marketing', '', '', 0, 0, '2019-02-22 09:02:31', NULL, 1, '', '', '', '', '', '', 'Facebook Marketing', '', 'facebook-marketing', '', NULL),
(73, 'Website Design', '', '', 0, 0, '2019-02-22 09:02:05', NULL, 1, '', '', '', '', '', '', 'Website Design', '', 'website-design', '', NULL),
(74, 'Tiêu điểm SEO', '', '', 0, 0, '2019-02-22 09:02:23', NULL, 1, '', '', '', '', '', '', 'Tiêu điểm SEO', '', 'tieu-diem-seo', '', NULL),
(75, 'MMO', '', '', 0, 0, '2019-02-22 09:02:32', NULL, 1, '', '', '', '', '', '', 'MMO', '', 'mmo', '', NULL),
(76, 'Tuyển dụng', '', '', 0, 0, '2019-03-21 17:03:21', NULL, 1, '', '', '', '', '', '', 'Tuyển dụng', '', 'tuyen-dung', '', 1);

-- --------------------------------------------------------

--
-- Table structure for table `newscat_languages`
--

CREATE TABLE `newscat_languages` (
  `id` int(11) NOT NULL,
  `newscat_id` int(11) DEFAULT NULL,
  `languages_code` varchar(255) COLLATE utf8_unicode_ci DEFAULT NULL,
  `lang_newscat_name` text COLLATE utf8_unicode_ci,
  `lang_newscat_des` text COLLATE utf8_unicode_ci,
  `lang_newscat_content` longtext COLLATE utf8_unicode_ci,
  `lang_newscat_sub_info1` longtext COLLATE utf8_unicode_ci,
  `lang_newscat_sub_info2` longtext COLLATE utf8_unicode_ci,
  `lang_newscat_sub_info3` longtext COLLATE utf8_unicode_ci,
  `lang_newscat_sub_info4` longtext COLLATE utf8_unicode_ci,
  `lang_newscat_sub_info5` longtext COLLATE utf8_unicode_ci,
  `edit_state` int(11) NOT NULL DEFAULT '0',
  `friendly_url` varchar(255) COLLATE utf8_unicode_ci DEFAULT NULL,
  `keyword` text COLLATE utf8_unicode_ci,
  `title_seo` varchar(255) COLLATE utf8_unicode_ci DEFAULT NULL,
  `des_seo` text COLLATE utf8_unicode_ci
) ENGINE=InnoDB DEFAULT CHARSET=utf8 COLLATE=utf8_unicode_ci;

--
-- Dumping data for table `newscat_languages`
--

INSERT INTO `newscat_languages` (`id`, `newscat_id`, `languages_code`, `lang_newscat_name`, `lang_newscat_des`, `lang_newscat_content`, `lang_newscat_sub_info1`, `lang_newscat_sub_info2`, `lang_newscat_sub_info3`, `lang_newscat_sub_info4`, `lang_newscat_sub_info5`, `edit_state`, `friendly_url`, `keyword`, `title_seo`, `des_seo`) VALUES
(135, 70, 'vn', 'Content Marketing', '', '', '', '', '', '', '', 0, 'content-marketing', '', 'Content Marketing', ''),
(136, 70, 'en', 'english version Content Marketing', 'english version ', 'english version ', '', '', '', '', '', 0, 'en-content-marketing', '', 'Content Marketing', ''),
(137, 71, 'vn', 'Quản trị hệ thống', '', '', '', '', '', '', '', 0, 'quan-tri-he-thong', '', 'Quản trị hệ thống', ''),
(138, 71, 'en', 'english version Quản trị hệ thống', 'english version ', 'english version ', '', '', '', '', '', 0, 'en-quan-tri-he-thong', '', 'Quản trị hệ thống', ''),
(139, 72, 'vn', 'Facebook Marketing', '', '', '', '', '', '', '', 0, 'facebook-marketing', '', 'Facebook Marketing', ''),
(140, 72, 'en', 'english version Facebook Marketing', 'english version ', 'english version ', '', '', '', '', '', 0, 'en-facebook-marketing', '', 'Facebook Marketing', ''),
(141, 73, 'vn', 'Website Design', '', '', '', '', '', '', '', 0, 'website-design', '', 'Website Design', ''),
(142, 73, 'en', 'english version Website Design', 'english version ', 'english version ', '', '', '', '', '', 0, 'en-website-design', '', 'Website Design', ''),
(143, 74, 'vn', 'Tiêu điểm SEO', '', '', '', '', '', '', '', 0, 'tieu-diem-seo', '', 'Tiêu điểm SEO', ''),
(144, 74, 'en', 'english version Tiêu điểm SEO', 'english version ', 'english version ', '', '', '', '', '', 0, 'en-tieu-diem-seo', '', 'Tiêu điểm SEO', ''),
(145, 75, 'vn', 'MMO', '', '', '', '', '', '', '', 0, 'mmo', '', 'MMO', ''),
(146, 75, 'en', 'english version MMO', 'english version ', 'english version ', '', '', '', '', '', 0, 'en-mmo', '', 'MMO', ''),
(147, 76, 'vn', 'Tuyển dụng', '', '', '', '', '', '', '', 0, 'tuyen-dung', '', 'Tuyển dụng', ''),
(148, 76, 'en', 'english version Tuyển dụng', 'english version ', 'english version ', '', '', '', '', '', 0, 'en-tuyen-dung', '', 'Tuyển dụng', '');

-- --------------------------------------------------------

--
-- Table structure for table `newstag`
--

CREATE TABLE `newstag` (
  `newstag_id` int(11) NOT NULL,
  `newstag_name` text CHARACTER SET utf8 COLLATE utf8_unicode_ci NOT NULL,
  `newstag_des` text CHARACTER SET utf8 COLLATE utf8_unicode_ci NOT NULL,
  `newstag_content` text CHARACTER SET utf8 COLLATE utf8_unicode_ci NOT NULL,
  `newstag_sort_order` int(11) NOT NULL,
  `newstag_created_date` datetime NOT NULL,
  `newstag_update_date` datetime NOT NULL,
  `state` int(11) NOT NULL,
  `newstag_img` text CHARACTER SET utf8 COLLATE utf8_unicode_ci NOT NULL,
  `newstag_sub_info1` text CHARACTER SET utf8 COLLATE utf8_unicode_ci NOT NULL,
  `newstag_sub_info2` text CHARACTER SET utf8 COLLATE utf8_unicode_ci NOT NULL,
  `newstag_sub_info3` text CHARACTER SET utf8 COLLATE utf8_unicode_ci NOT NULL,
  `newstag_sub_info4` text CHARACTER SET utf8 COLLATE utf8_unicode_ci NOT NULL,
  `newstag_sub_info5` text CHARACTER SET utf8 COLLATE utf8_unicode_ci NOT NULL,
  `title_seo` text CHARACTER SET utf8 COLLATE utf8_unicode_ci NOT NULL,
  `des_seo` text CHARACTER SET utf8 COLLATE utf8_unicode_ci NOT NULL,
  `friendly_url` text CHARACTER SET utf8 COLLATE utf8_unicode_ci NOT NULL,
  `keyword` text CHARACTER SET utf8 COLLATE utf8_unicode_ci NOT NULL,
  `created_id` int(11) NOT NULL
) ENGINE=InnoDB DEFAULT CHARSET=latin1;

--
-- Dumping data for table `newstag`
--

INSERT INTO `newstag` (`newstag_id`, `newstag_name`, `newstag_des`, `newstag_content`, `newstag_sort_order`, `newstag_created_date`, `newstag_update_date`, `state`, `newstag_img`, `newstag_sub_info1`, `newstag_sub_info2`, `newstag_sub_info3`, `newstag_sub_info4`, `newstag_sub_info5`, `title_seo`, `des_seo`, `friendly_url`, `keyword`, `created_id`) VALUES
(2, 'sách hot', '<p>M&ocirc; tả s&aacute;ch</p>\r\n', '', 0, '0000-00-00 00:00:00', '0000-00-00 00:00:00', 1, '', '', '', '', '', '', 'sách hot', 'chuyên sách', 'sach-hot', 'sach', 1),
(3, 'Vở đẹp', '', '', 0, '0000-00-00 00:00:00', '0000-00-00 00:00:00', 1, '', '', '', '', '', '', 'Vở đẹp', '', 'vo-dep', '', 1),
(4, 'Butb', '<p>bb</p>\r\n', '', 0, '2017-12-13 11:12:54', '2017-12-13 11:12:11', 1, '', '', '', '', '', '', 'Butb', 'bb', 'butb', 'bb', 1);

-- --------------------------------------------------------

--
-- Table structure for table `newstag_languages`
--

CREATE TABLE `newstag_languages` (
  `id` int(11) NOT NULL,
  `newstag_id` int(11) NOT NULL,
  `languages_code` varchar(255) CHARACTER SET utf8 COLLATE utf8_unicode_ci NOT NULL,
  `lang_newstag_name` text CHARACTER SET utf8 COLLATE utf8_unicode_ci NOT NULL,
  `lang_newstag_des` text CHARACTER SET utf8 COLLATE utf8_unicode_ci NOT NULL,
  `lang_newstag_content` text CHARACTER SET utf16 COLLATE utf16_unicode_ci NOT NULL,
  `lang_newstag_sub_info1` text CHARACTER SET utf8 COLLATE utf8_unicode_ci NOT NULL,
  `lang_newstag_sub_info2` text CHARACTER SET utf8 COLLATE utf8_unicode_ci NOT NULL,
  `lang_newstag_sub_info3` text CHARACTER SET utf8 COLLATE utf8_unicode_ci NOT NULL,
  `lang_newstag_sub_info4` text CHARACTER SET utf8 COLLATE utf8_unicode_ci NOT NULL,
  `lang_newstag_sub_info5` text CHARACTER SET utf32 COLLATE utf32_unicode_ci NOT NULL,
  `edit_state` int(11) NOT NULL,
  `friendly_url` varchar(255) CHARACTER SET utf8 COLLATE utf8_unicode_ci NOT NULL,
  `keyword` text CHARACTER SET utf8 COLLATE utf8_unicode_ci NOT NULL,
  `title_seo` varchar(255) CHARACTER SET utf8 COLLATE utf8_unicode_ci NOT NULL,
  `des_seo` text CHARACTER SET utf8 COLLATE utf8_unicode_ci NOT NULL
) ENGINE=InnoDB DEFAULT CHARSET=latin1;

--
-- Dumping data for table `newstag_languages`
--

INSERT INTO `newstag_languages` (`id`, `newstag_id`, `languages_code`, `lang_newstag_name`, `lang_newstag_des`, `lang_newstag_content`, `lang_newstag_sub_info1`, `lang_newstag_sub_info2`, `lang_newstag_sub_info3`, `lang_newstag_sub_info4`, `lang_newstag_sub_info5`, `edit_state`, `friendly_url`, `keyword`, `title_seo`, `des_seo`) VALUES
(3, 2, 'vn', 'sách hot', '<p>M&ocirc; tả s&aacute;ch</p>\r\n', '', '', '', '', '', '', 1, 'sach-hot', 'sach', 'sách hot', 'chuyên sách'),
(4, 2, 'en', 'sách en', '<p>M&ocirc; tả s&aacute;ch</p>\r\n', '', '', '', '', '', '', 1, 'sach', 'sach', 'sách', 'chuyên sách'),
(5, 3, 'vn', 'Vở đẹp', '', '', '', '', '', '', '', 1, 'vo-dep', '', 'Vở đẹp', ''),
(6, 3, 'en', 'Vở đẹp', '', '', '', '', '', '', '', 1, 'vo-dep', '', 'Vở đẹp', ''),
(7, 4, 'vn', 'But', '<p>but</p>\r\n', '', '', '', '', '', '', 1, 'butb', 'bb', 'Butb', 'bb'),
(8, 4, 'en', 'pen', '<p>pen</p>\r\n', '', '', '', '', '', '', 1, 'but', 'b', 'But', 'b');

-- --------------------------------------------------------

--
-- Table structure for table `news_languages`
--

CREATE TABLE `news_languages` (
  `id` bigint(20) NOT NULL,
  `news_id` int(11) DEFAULT NULL,
  `languages_code` varchar(255) COLLATE utf8_unicode_ci DEFAULT NULL,
  `lang_news_name` text COLLATE utf8_unicode_ci,
  `lang_news_des` text COLLATE utf8_unicode_ci,
  `lang_news_content` longtext COLLATE utf8_unicode_ci,
  `lang_news_sub_info1` longtext COLLATE utf8_unicode_ci,
  `lang_news_sub_info2` longtext COLLATE utf8_unicode_ci,
  `lang_news_sub_info3` longtext COLLATE utf8_unicode_ci,
  `lang_news_sub_info4` longtext COLLATE utf8_unicode_ci,
  `lang_news_sub_info5` longtext COLLATE utf8_unicode_ci,
  `edit_state` int(11) NOT NULL DEFAULT '0',
  `friendly_url` varchar(255) COLLATE utf8_unicode_ci DEFAULT NULL,
  `title_seo` varchar(255) COLLATE utf8_unicode_ci DEFAULT NULL,
  `des_seo` text COLLATE utf8_unicode_ci,
  `keyword` text COLLATE utf8_unicode_ci
) ENGINE=InnoDB DEFAULT CHARSET=utf8 COLLATE=utf8_unicode_ci;

--
-- Dumping data for table `news_languages`
--

INSERT INTO `news_languages` (`id`, `news_id`, `languages_code`, `lang_news_name`, `lang_news_des`, `lang_news_content`, `lang_news_sub_info1`, `lang_news_sub_info2`, `lang_news_sub_info3`, `lang_news_sub_info4`, `lang_news_sub_info5`, `edit_state`, `friendly_url`, `title_seo`, `des_seo`, `keyword`) VALUES
(3, 2, 'vn', 'Top 5 công cụ kiểm tra bài viết chuẩn seo', 'Công cụ kiểm tra bài viết chuẩn seo là công cụ cho người làm content, đặc biệt là các SEO-er hay Copywriter đặc biệt cần biết tới. Tìm hiểu về công cụ kiểm tra bài viết chuẩn seo sẽ giúp người làm content dễ dàng xử lý công việc.', '<p dir=\"ltr\" style=\"text-align:justify\"><span style=\"color:#000000\"><span style=\"font-size:16px\"><span style=\"font-family:Times New Roman,Times,serif\"><strong>C&ocirc;ng cụ kiểm tra b&agrave;i viết chuẩn SEO</strong> sử dụng cho c&ocirc;ng việc l&agrave;m content l&agrave; c&ocirc;ng việc bạn kh&ocirc;ng ngừng phải s&aacute;ng tạo nội dung b&agrave;i viết, tr&aacute;nh bị tr&ugrave;ng lặp c&aacute;c nội dung. Chất lượng b&agrave;i viết sẽ ảnh hưởng tới khả năng SEO của to&agrave;n bộ trang web. </span></span></span></p>\r\n\r\n<p dir=\"ltr\" style=\"text-align:justify\"><span style=\"color:#000000\"><span style=\"font-size:16px\"><span style=\"font-family:Times New Roman,Times,serif\">Một trong những yếu tố đ&oacute; l&agrave; độ mới của b&agrave;i viết. Để biết b&agrave;i viết c&oacute; đạt độ mới hay kh&ocirc;ng, <strong>c&ocirc;ng cụ kiểm tra b&agrave;i viết chuẩn SEO</strong> l&agrave; giải ph&aacute;p tốt d&agrave;nh cho c&aacute;c SEO-er</span></span></span></p>\r\n\r\n<h2 dir=\"ltr\" style=\"text-align:justify\"><span style=\"color:#c0392b\"><span style=\"font-size:20px\"><strong><span style=\"font-family:Times New Roman,Times,serif\">Sự cần thiết của c&aacute;c c&ocirc;ng cụ&nbsp;kiểm tra b&agrave;i viết chuẩn SEO</span></strong></span></span></h2>\r\n\r\n<p dir=\"ltr\" style=\"text-align:justify\"><span style=\"color:#000000\"><span style=\"font-size:16px\"><span style=\"font-family:Times New Roman,Times,serif\">SEO l&agrave; tối ưu h&oacute;a c&ocirc;ng cụ t&igrave;m kiếm, n&oacute; l&agrave; một chuỗi quy tr&igrave;nh tối ưu content/ website để người d&ugrave;ng c&oacute; thể t&igrave;m kiếm bạn dễ d&agrave;ng tr&ecirc;n c&ocirc;ng cụ t&igrave;m kiếm như google.</span></span></span></p>\r\n\r\n<p dir=\"ltr\" style=\"text-align:justify\"><span style=\"color:#000000\"><span style=\"font-size:16px\"><span style=\"font-family:Times New Roman,Times,serif\">Content ở đ&acirc;y l&agrave; nội dung, l&agrave; bất kỳ nội dung/th&ocirc;ng tin n&agrave;o ở tr&ecirc;n website m&agrave; người d&ugrave;ng c&oacute; thể sử dụng.</span></span></span></p>\r\n\r\n<p dir=\"ltr\" style=\"text-align:justify\"><span style=\"color:#000000\"><span style=\"font-size:16px\"><span style=\"font-family:Times New Roman,Times,serif\">V&igrave; vậy rất nhiều <strong>c&ocirc;ng cụ kiểm tra b&agrave;i viết chuẩn SEO</strong>&nbsp;được ra đời nhằm hỗ trợ kiểm tra ch&iacute;nh tả, kiểm tra độ tr&ugrave;ng lặp của nội dung b&agrave;i viết.</span></span></span></p>\r\n\r\n<p dir=\"ltr\" style=\"text-align:justify\"><span style=\"color:#000000\"><span style=\"font-size:16px\"><span style=\"font-family:Times New Roman,Times,serif\">Sử dụng <strong>c&ocirc;ng cụ kiểm tra b&agrave;i viết chuẩn SEO</strong>&nbsp;trong việc l&ecirc;n kế hoạch nội dung cho trang blog, Fanpage sẽ gi&uacute;p bạn c&oacute; sự đ&aacute;nh gi&aacute; tổng thể v&agrave; x&acirc;y dựng được chiến lược tốt hơn cho nội dung b&agrave;i viết.&nbsp;</span></span></span></p>\r\n\r\n<p dir=\"ltr\" style=\"text-align:center\"><img alt=\"Công cụ kiểm tra bài viết chuẩn SEO\" height=\"350\" src=\"/image/images/cac-cong-cu-kiem-tra-bai-viet-chuan-seo-uy-tin.jpg\" width=\"600\" /></p>\r\n\r\n<p dir=\"ltr\" style=\"text-align:center\"><span style=\"color:#000000\"><span style=\"font-size:16px\"><span style=\"font-family:Times New Roman,Times,serif\"><em>C&ocirc;ng cụ kiểm tra b&agrave;i viết chuẩn SEO</em></span></span></span></p>\r\n\r\n<p dir=\"ltr\" style=\"text-align:justify\"><span style=\"color:#16a085\"><span style=\"font-size:36px\"><span style=\"font-family:Times New Roman,Times,serif\"><strong>|</strong></span></span></span><span style=\"color:#000000\"><span style=\"font-size:16px\"><span style=\"font-family:Times New Roman,Times,serif\"><em> </em></span></span><span style=\"font-size:14px\"><span style=\"font-family:Times New Roman,Times,serif\"><em>&quot;T&igrave;m hiểu dịch vụ viết b&agrave;i chuẩn SEO l&agrave; g&igrave; v&agrave; những điều cần lưu &yacute; khi thu&ecirc; </em></span></span></span><span style=\"font-size:14px\"><span style=\"font-family:Times New Roman,Times,serif\"><em><a href=\"https://www.kinhdoanhinternet.com.vn/dich-vu-nhan-viet-bai-chuan-seo-thue\"><span style=\"color:#8e44ad\"><strong>dịch vụ viết b&agrave;i chuẩn SEO</strong></span></a></em></span><span style=\"color:#000000\"><span style=\"font-family:Times New Roman,Times,serif\"><em> nh&eacute;.&quot;</em></span></span></span></p>\r\n\r\n<p dir=\"ltr\" style=\"text-align:justify\"><span style=\"color:#000000\"><span style=\"font-size:16px\"><span style=\"font-family:Times New Roman,Times,serif\">Dựa tr&ecirc;n mức độ sử dụng cũng như kết quả kiểm tra về nội dung v&agrave; kĩ thuật, sẽ c&ugrave;ng t&igrave;m hiểu về top 5 <strong>c&ocirc;ng cụ kiểm tra b&agrave;i viết chuẩn SEO</strong> sau đ&acirc;y:</span></span></span></p>\r\n\r\n<h2 dir=\"ltr\" style=\"text-align:justify\"><span style=\"color:#c0392b\"><span style=\"font-size:20px\"><strong><span style=\"font-family:Times New Roman,Times,serif\">Top 5 c&ocirc;ng cụ kiểm tra b&agrave;i viết chuẩn SEO</span></strong></span></span></h2>\r\n\r\n<h3 dir=\"ltr\" style=\"text-align:justify\"><span style=\"font-size:18px\"><strong><span style=\"color:#000000\"><span style=\"font-family:Times New Roman,Times,serif\">Small SEO Tools</span></span></strong></span></h3>\r\n\r\n<p dir=\"ltr\" style=\"text-align:justify\"><span style=\"color:#000000\"><span style=\"font-size:16px\"><span style=\"font-family:Times New Roman,Times,serif\"><strong>C&ocirc;ng cụ kiểm tra b&agrave;i viết chuẩn SEO</strong>&nbsp;Small Seo Tools&nbsp;l&agrave; c&ocirc;ng cụ kiểm tra miễn ph&iacute; với giao diện đơn giản, kh&ocirc;ng g&acirc;y kh&oacute; khăn cho người d&ugrave;ng ngay cả với những người mới sử dụng lần đầu. </span></span></span></p>\r\n\r\n<p dir=\"ltr\" style=\"text-align:justify\"><span style=\"color:#000000\"><span style=\"font-size:16px\"><span style=\"font-family:Times New Roman,Times,serif\">Với thao t&aacute;c đơn giản, nhanh gọn l&agrave; copy một đoạn hoặc to&agrave;n bộ nội dung b&agrave;i viết v&agrave;o c&ocirc;ng cụ, hệ thống sẽ tự động kiểm tra đối chiếu, đối với những b&agrave;i viết bị tr&ugrave;ng lặp d&ograve;ng n&agrave;o, d&ograve;ng /đoạn văn đ&oacute; sẽ mau ch&oacute;ng hiển thị m&agrave;u đỏ v&agrave; th&ocirc;ng b&aacute;o &ldquo;Plagiarism&rdquo; (Nội dung copy) b&ecirc;n cạnh. </span></span></span></p>\r\n\r\n<p dir=\"ltr\" style=\"text-align:justify\"><span style=\"color:#000000\"><span style=\"font-size:16px\"><span style=\"font-family:Times New Roman,Times,serif\">Để tr&aacute;nh đoạn tr&ugrave;ng lặp th&igrave; người viết chỉ cần chỉnh sửa bổ sung lại những đoạn văn được b&ocirc;i đỏ. Xử l&yacute; sao cho đoạn văn đ&oacute; kh&ocirc;ng c&ograve;n bị b&ocirc;i đỏ, kh&ocirc;ng bị lỗi copy nữa. </span></span></span></p>\r\n\r\n<p dir=\"ltr\" style=\"text-align:justify\"><span style=\"color:#000000\"><span style=\"font-size:16px\"><span style=\"font-family:Times New Roman,Times,serif\">Ngo&agrave;i ra c&ocirc;ng cụ&nbsp;Small Seo Tools&nbsp;c&ograve;n c&oacute; th&ecirc;m c&aacute;c chức năng kh&aacute;c để kiểm tra chuẩn SEO hay xem x&eacute;t c&aacute;c th&ocirc;ng số b&ecirc;n trong website của bạn.</span></span></span></p>\r\n\r\n<p dir=\"ltr\" style=\"text-align:center\"><span style=\"color:#000000\"><span style=\"font-size:16px\"><span style=\"font-family:Times New Roman,Times,serif\"><img alt=\"công cụ kiểm tra bài viết chuẩn SEO\" height=\"350\" src=\"/image/images/cong-cu-kiem-tra-bai-viet-chuan-seo.jpg\" width=\"600\" /></span></span></span></p>\r\n\r\n<p dir=\"ltr\" style=\"text-align:center\"><em><span style=\"color:#000000\"><span style=\"font-size:16px\"><span style=\"font-family:Times New Roman,Times,serif\">C&ocirc;ng cụ kiểm tra b&agrave;i viết chuẩn seo dễ d&ugrave;ng</span></span></span></em></p>\r\n\r\n<h3 dir=\"ltr\" style=\"text-align:justify\"><span style=\"font-size:20px\"><strong><span style=\"color:#000000\"><span style=\"font-family:Times New Roman,Times,serif\">Duplichecker</span></span></strong></span></h3>\r\n\r\n<p dir=\"ltr\" style=\"text-align:justify\"><span style=\"color:#000000\"><span style=\"font-size:16px\"><span style=\"font-family:Times New Roman,Times,serif\">C&ocirc;ng cụ&nbsp;Duplichecker khi sử dụng bạn chỉ cần copy đoạn văn v&agrave; paste l&ecirc;n khung văn bản, nhưng tối đa chỉ giới hạn 1000 từ. C&ocirc;ng cụ n&agrave;y cũng bổ sung th&ecirc;m t&iacute;nh năng kiểm tra lỗi ch&iacute;nh tả của b&agrave;i viết. </span></span></span></p>\r\n\r\n<p dir=\"ltr\" style=\"text-align:justify\"><span style=\"color:#000000\"><span style=\"font-size:16px\"><span style=\"font-family:Times New Roman,Times,serif\">Đ&acirc;y cũng l&agrave; một trong những <strong>c&ocirc;ng cụ kiểm tra b&agrave;i viết chuẩn SEO</strong> c&oacute; giao diện tương đối dễ sử dụng, tốc độ trả kết quả nhanh v&agrave; ch&iacute;nh x&aacute;c. </span></span></span></p>\r\n\r\n<p dir=\"ltr\" style=\"text-align:justify\"><span style=\"color:#000000\"><span style=\"font-size:16px\"><span style=\"font-family:Times New Roman,Times,serif\">Tuy nhi&ecirc;n để sử dụng nhiều lần hơn v&agrave; kh&ocirc;ng hiển thị lỗi hiển thị lỗi tr&ugrave;ng chi tiết th&igrave; đ&ograve;i hỏi bạn phải tham gia đăng k&yacute; t&agrave;i khoản v&agrave; đăng nhập khi sử dụng.&nbsp;</span></span></span></p>\r\n\r\n<p dir=\"ltr\" style=\"text-align:center\"><img alt=\"công cụ kiểm tra bài viết chuẩn SEO\" height=\"350\" src=\"/image/images/cong-cu-kiem-tra-bai-viet-chuan-seo-chat-luong.jpg\" width=\"600\" /></p>\r\n\r\n<p dir=\"ltr\" style=\"text-align:center\"><em><span style=\"color:#000000\"><span style=\"font-size:16px\"><span style=\"font-family:Times New Roman,Times,serif\">Duplichecker -&nbsp;C&ocirc;ng cụ kiểm tra b&agrave;i viết chuẩn seo</span></span></span></em></p>\r\n\r\n<h3 dir=\"ltr\" style=\"text-align:justify\"><span style=\"font-size:18px\"><strong><span style=\"color:#000000\"><span style=\"font-family:Times New Roman,Times,serif\">Article Checker</span></span></strong></span></h3>\r\n\r\n<p dir=\"ltr\" style=\"text-align:justify\"><span style=\"color:#000000\"><span style=\"font-size:16px\"><span style=\"font-family:Times New Roman,Times,serif\">Với<strong> c&ocirc;ng cụ kiểm tra b&agrave;i viết chuẩn seo</strong> n&agrave;y th&igrave; cho ph&eacute;p&nbsp;kiểm tra giữa c&aacute;c b&agrave;i viết, giữa c&aacute;c website. Một điểm kh&aacute; kh&aacute;c biệt với c&aacute;c c&ocirc;ng cụ tr&ecirc;n l&agrave; c&ocirc;ng cụ n&agrave;y cho ph&eacute;p bạn chọn kiểm tra b&agrave;i viết dựa tr&ecirc;n kết quả t&igrave;m kiếm tr&ecirc;n Google. </span></span></span></p>\r\n\r\n<p dir=\"ltr\" style=\"text-align:justify\"><span style=\"color:#000000\"><span style=\"font-size:16px\"><span style=\"font-family:Times New Roman,Times,serif\">Dĩ nhi&ecirc;n với c&aacute;c hiển thị kết quả t&igrave;m kiếm tr&ecirc;n Google, c&ocirc;ng cụ t&igrave;m kiếm phổ biến v&agrave; lớn nhất hiện nay sẽ l&agrave; kết quả cực kỳ chi tiết cho những nội dung cần kiểm tra.</span></span></span></p>\r\n\r\n<p dir=\"ltr\" style=\"text-align:center\"><span style=\"color:#000000\"><span style=\"font-size:16px\"><span style=\"font-family:Times New Roman,Times,serif\"><img alt=\"công cụ kiểm tra bài viết chuẩn seo\" height=\"350\" src=\"/image/images/cac-cong-cu-kiem-tra-bai-viet-chuan-seo.jpg\" width=\"600\" /></span></span></span></p>\r\n\r\n<p dir=\"ltr\" style=\"text-align:center\"><span style=\"color:#000000\"><em><span style=\"font-size:16px\"><span style=\"font-family:Times New Roman,Times,serif\">C&ocirc;ng cụ kiểm tra b&agrave;i viết chuẩn seo</span></span></em></span></p>\r\n\r\n<h3 dir=\"ltr\" style=\"text-align:justify\"><span style=\"font-size:18px\"><strong><span style=\"color:#000000\"><span style=\"font-family:Times New Roman,Times,serif\">Copy Space</span></span></strong></span></h3>\r\n\r\n<p dir=\"ltr\" style=\"text-align:justify\"><span style=\"color:#000000\"><span style=\"font-size:16px\"><span style=\"font-family:Times New Roman,Times,serif\">So s&aacute;nh với c&aacute;c<strong> c&ocirc;ng cụ kiểm tra b&agrave;i viết chuẩn SEO</strong> ph&iacute;a tr&ecirc;n th&igrave; Copy Space&nbsp; kh&aacute; kh&aacute;c biệt. C&ocirc;ng cụ n&agrave;y sẽ thực hiện việc qu&eacute;t tr&ugrave;ng lặp th&ocirc;ng qua link b&agrave;i viết / link trang web. </span></span></span></p>\r\n\r\n<p dir=\"ltr\" style=\"text-align:justify\"><span style=\"color:#000000\"><span style=\"font-size:16px\"><span style=\"font-family:Times New Roman,Times,serif\">Việc n&agrave;y sẽ gi&uacute;p tiết kiệm thời gian hơn cho người viết v&igrave; bạn kh&ocirc;ng cần phải copy to&agrave;n bộ đoạn văn hay nội dung m&agrave; c&oacute; thể chỉ d&aacute;n link v&agrave;o. </span></span></span></p>\r\n\r\n<p dir=\"ltr\" style=\"text-align:justify\"><span style=\"color:#000000\"><span style=\"font-size:16px\"><span style=\"font-family:Times New Roman,Times,serif\">Sau đ&oacute; kết quả được trả về bao gồm c&aacute;c link b&agrave;i viết c&oacute; nội dung tương tự như nội dung của của người d&ugrave;ng. Với c&aacute;c nội dung độc quyền, người sử dụng ho&agrave;n to&agrave;n c&oacute; thể đăng k&yacute; độc quyền với nội dung đ&oacute; tr&ecirc;n Copy Space.&nbsp;</span></span></span></p>\r\n\r\n<p dir=\"ltr\" style=\"text-align:center\"><span style=\"color:#000000\"><span style=\"font-size:16px\"><span style=\"font-family:Times New Roman,Times,serif\"><img alt=\"công cụ kiểm tra bài viết chuẩn SEO\" height=\"374\" src=\"/image/images/cac-cong-cu-kiem-tra-bai-viet-chuan-seo-chat-luong.jpg\" width=\"600\" /></span></span></span></p>\r\n\r\n<p dir=\"ltr\" style=\"text-align:center\">&nbsp;</p>\r\n\r\n<p dir=\"ltr\" style=\"text-align:center\"><span style=\"color:#000000\"><em><span style=\"font-size:16px\"><span style=\"font-family:Times New Roman,Times,serif\">C&ocirc;ng cụ kiểm tra b&agrave;i viết chuẩn seo</span></span></em></span></p>\r\n\r\n<h3 dir=\"ltr\" style=\"text-align:justify\"><span style=\"font-size:18px\"><strong><span style=\"color:#000000\"><span style=\"font-family:Times New Roman,Times,serif\">Plagium</span></span></strong></span></h3>\r\n\r\n<p dir=\"ltr\" style=\"text-align:justify\"><span style=\"color:#000000\"><span style=\"font-size:16px\"><span style=\"font-family:Times New Roman,Times,serif\">Plagium l&agrave; <strong>c&ocirc;ng cụ kiểm tra b&agrave;i viết chuẩn SEO </strong>miễn ph&iacute;. C&ocirc;ng cụ n&agrave;y c&oacute; thể ph&aacute;t hiện qu&eacute;t c&aacute;c trang web giống nhau. Từ đ&oacute; sẽ lựa chọn được c&aacute;c văn bản tr&ugrave;ng theo thời gian v&agrave; địa chỉ website n&oacute; được xuất bản. </span></span></span></p>\r\n\r\n<p dir=\"ltr\" style=\"text-align:justify\"><span style=\"color:#000000\"><span style=\"font-size:16px\"><span style=\"font-family:Times New Roman,Times,serif\">Giao diện dễ sử dụng, tốc độ nhanh, kết quả hiển thị r&otilde; r&agrave;ng. Giới hạn 1000 từ&nbsp;mỗi lần check với c&ocirc;ng cụ n&agrave;y. Khối lượng người sử dụng tương đối lớn.</span></span></span></p>\r\n\r\n<p dir=\"ltr\" style=\"text-align:center\"><span style=\"color:#000000\"><span style=\"font-size:16px\"><span style=\"font-family:Times New Roman,Times,serif\"><img alt=\"Công cụ kiểm tra bài viết chuẩn SEO\" height=\"450\" src=\"/image/images/cong-cu-kiem-tra-bai-viet-chuan-seo-uy-tin.jpg\" width=\"600\" /></span></span></span></p>\r\n\r\n<p dir=\"ltr\" style=\"text-align:center\"><span style=\"color:#000000\"><em><span style=\"font-size:16px\"><span style=\"font-family:Times New Roman,Times,serif\">Hỗ trợ c&ocirc;ng cụ kiểm tra b&agrave;i viết chuẩn seo</span></span></em></span></p>\r\n\r\n<p dir=\"ltr\" style=\"text-align:justify\"><span style=\"color:#16a085\"><span style=\"font-size:36px\"><span style=\"font-family:Times New Roman,Times,serif\"><strong>|</strong></span></span></span><span style=\"color:#000000\"><em><span style=\"font-size:16px\"><span style=\"font-family:Times New Roman,Times,serif\"> </span></span><span style=\"font-size:14px\"><span style=\"font-family:Times New Roman,Times,serif\">&quot; Xem th&ecirc;m c&aacute;c c&ocirc;ng cụ kiểm tra tr&ugrave;ng lặp nội dung </span></span></em></span><span style=\"font-size:14px\"><em><span style=\"font-family:Times New Roman,Times,serif\"><a href=\"https://kinhdoanhinternet.com.vn/cach-check-unique-bai-viet-chuan-seo\"><span style=\"color:#8e44ad\"><strong>TẠI Đ&Acirc;Y</strong></span></a></span></em><span style=\"color:#000000\"><em><span style=\"font-family:Times New Roman,Times,serif\"> nh&eacute;.&quot;</span></em></span></span></p>\r\n\r\n<p dir=\"ltr\" style=\"text-align:justify\"><span style=\"color:#000000\"><span style=\"font-size:16px\"><span style=\"font-family:Times New Roman,Times,serif\">Với c&aacute;c&nbsp;<strong>c&ocirc;ng cụ kiểm tra b&agrave;i viết chuẩn SEO</strong>&nbsp;tr&ecirc;n, người d&ugrave;ng c&oacute; thể kiểm tra v&agrave; định hướng lại nội dung sử dụng trong b&agrave;i viết &nbsp;của m&igrave;nh. Đạt được c&aacute;c điều kiện về ngữ ph&aacute;p ch&iacute;nh tả, đặc biệt l&agrave; chất lượng. </span></span></span></p>\r\n\r\n<p dir=\"ltr\" style=\"text-align:justify\"><span style=\"color:#000000\"><span style=\"font-size:16px\"><span style=\"font-family:Times New Roman,Times,serif\">Kh&ocirc;ng thể sao ch&eacute;p, lặp lại những nội dung đ&atilde; được sử dụng trước đ&oacute; tr&ecirc;n website, blog&hellip; </span></span></span></p>\r\n\r\n<p dir=\"ltr\" style=\"text-align:justify\"><span style=\"color:#000000\"><span style=\"font-size:16px\"><span style=\"font-family:Times New Roman,Times,serif\">V&igrave; tầm quan trọng của &nbsp;nội dung trong SEO, h&atilde;y lu&ocirc;n đảm bảo nội dung b&agrave;i viết đạt được những nội dung chuẩn SEO cũng như trang web chuẩn SEO nhất c&oacute; thể. </span></span></span></p>\r\n\r\n<p dir=\"ltr\" style=\"text-align:justify\"><span style=\"color:#000000\"><span style=\"font-size:16px\"><span style=\"font-family:Times New Roman,Times,serif\">Đặc biệt với sự hỗ trợ của c&aacute;c<strong> c&ocirc;ng cụ kiểm tra b&agrave;i viết chuẩn SEO</strong> th&igrave; chất lượng b&agrave;i viết sẽ ng&agrave;y c&agrave;ng được n&acirc;ng cao.</span></span></span></p>\r\n', '', '', '', '', '', 0, 'top-5-cong-cu-kiem-tra-bai-viet-chuan-seo', '[GỢI Ý] Top 5 công cụ kiểm tra bài viết chuẩn seo hiện nay', 'Công cụ kiểm tra bài viết chuẩn SEO nào uy tín hiện nay và được nhiều người sử dụng. Hãy cùng Ánh Dươn đi phân tích TOP 5 công cụ kiểm tra bài viết chuẩn SEO nhé.', 'công cụ kiểm tra bài viết chuẩn seo, cong cu kiem tra bai viet chuan seo'),
(4, 2, 'en', 'english version Top 5 công cụ kiểm tra bài viết chuẩn seo', 'english version Công cụ kiểm tra bài viết chuẩn seo là công cụ cho người làm content, đặc biệt là các SEO-er hay Copywriter đặc biệt cần biết tới. Tìm hiểu về công cụ kiểm tra bài viết chuẩn seo sẽ giúp người làm content dễ dàng xử lý công việc.', 'english version <p dir=\"ltr\" style=\"text-align:justify\"><span style=\"color:#000000\"><span style=\"font-size:16px\"><span style=\"font-family:Times New Roman,Times,serif\"><strong>C&ocirc;ng cụ kiểm tra b&agrave;i viết chuẩn SEO</strong> sử dụng cho c&ocirc;ng việc l&agrave;m content l&agrave; c&ocirc;ng việc bạn kh&ocirc;ng ngừng phải s&aacute;ng tạo nội dung b&agrave;i viết, tr&aacute;nh bị tr&ugrave;ng lặp c&aacute;c nội dung. Chất lượng b&agrave;i viết sẽ ảnh hưởng tới khả năng SEO của to&agrave;n bộ trang web. </span></span></span></p>\r\n\r\n<p dir=\"ltr\" style=\"text-align:justify\"><span style=\"color:#000000\"><span style=\"font-size:16px\"><span style=\"font-family:Times New Roman,Times,serif\">Một trong những yếu tố đ&oacute; l&agrave; độ mới của b&agrave;i viết. Để biết b&agrave;i viết c&oacute; đạt độ mới hay kh&ocirc;ng, <strong>c&ocirc;ng cụ kiểm tra b&agrave;i viết chuẩn SEO</strong> l&agrave; giải ph&aacute;p tốt d&agrave;nh cho c&aacute;c SEO-er</span></span></span></p>\r\n\r\n<h2 dir=\"ltr\" style=\"text-align:justify\"><span style=\"color:#c0392b\"><span style=\"font-size:20px\"><strong><span style=\"font-family:Times New Roman,Times,serif\">SỰ CẦN THIẾT CỦA C&Aacute;C C&Ocirc;NG CỤ KIỂM TRA B&Agrave;I VIẾT CHUẨN SEO</span></strong></span></span></h2>\r\n\r\n<p dir=\"ltr\" style=\"text-align:justify\"><span style=\"color:#000000\"><span style=\"font-size:16px\"><span style=\"font-family:Times New Roman,Times,serif\">SEO l&agrave; tối ưu h&oacute;a c&ocirc;ng cụ t&igrave;m kiếm, n&oacute; l&agrave; một chuỗi quy tr&igrave;nh tối ưu content/ website để người d&ugrave;ng c&oacute; thể t&igrave;m kiếm bạn dễ d&agrave;ng tr&ecirc;n c&ocirc;ng cụ t&igrave;m kiếm như google.</span></span></span></p>\r\n\r\n<p dir=\"ltr\" style=\"text-align:justify\"><span style=\"color:#000000\"><span style=\"font-size:16px\"><span style=\"font-family:Times New Roman,Times,serif\">Content ở đ&acirc;y l&agrave; nội dung, l&agrave; bất kỳ nội dung/th&ocirc;ng tin n&agrave;o ở tr&ecirc;n website m&agrave; người d&ugrave;ng c&oacute; thể sử dụng.</span></span></span></p>\r\n\r\n<p dir=\"ltr\" style=\"text-align:justify\"><span style=\"color:#000000\"><span style=\"font-size:16px\"><span style=\"font-family:Times New Roman,Times,serif\">V&igrave; vậy rất nhiều <strong>c&ocirc;ng cụ kiểm tra b&agrave;i viết chuẩn SEO</strong>&nbsp;được ra đời nhằm hỗ trợ kiểm tra ch&iacute;nh tả, kiểm tra độ tr&ugrave;ng lặp của nội dung b&agrave;i viết.</span></span></span></p>\r\n\r\n<p dir=\"ltr\" style=\"text-align:justify\"><span style=\"color:#000000\"><span style=\"font-size:16px\"><span style=\"font-family:Times New Roman,Times,serif\">Sử dụng <strong>c&ocirc;ng cụ kiểm tra b&agrave;i viết chuẩn SEO</strong>&nbsp;trong việc l&ecirc;n kế hoạch nội dung cho trang blog, Fanpage sẽ gi&uacute;p bạn c&oacute; sự đ&aacute;nh gi&aacute; tổng thể v&agrave; x&acirc;y dựng được chiến lược tốt hơn cho nội dung b&agrave;i viết.&nbsp;</span></span></span></p>\r\n\r\n<p dir=\"ltr\" style=\"text-align:center\"><img alt=\"Công cụ kiểm tra bài viết chuẩn SEO\" height=\"450\" src=\"/image/images/cong-cu-kiem-tra-bai-viet-chuan-seo-tot-hien-nay.jpg\" width=\"600\" /></p>\r\n\r\n<p dir=\"ltr\" style=\"text-align:center\"><span style=\"color:#000000\"><span style=\"font-size:16px\"><span style=\"font-family:Times New Roman,Times,serif\"><em>C&ocirc;ng cụ kiểm tra b&agrave;i viết chuẩn SEO</em></span></span></span></p>\r\n\r\n<p dir=\"ltr\" style=\"text-align:justify\"><span style=\"color:#16a085\"><span style=\"font-size:36px\"><span style=\"font-family:Times New Roman,Times,serif\"><strong>|</strong></span></span></span><span style=\"color:#000000\"><span style=\"font-size:16px\"><span style=\"font-family:Times New Roman,Times,serif\"><em> </em></span></span><span style=\"font-size:14px\"><span style=\"font-family:Times New Roman,Times,serif\"><em>&quot;T&igrave;m hiểu dịch vụ viết b&agrave;i chuẩn SEO l&agrave; g&igrave; v&agrave; những điều cần lưu &yacute; khi thu&ecirc; </em></span></span></span><span style=\"font-size:14px\"><span style=\"font-family:Times New Roman,Times,serif\"><em><a href=\"https://www.kinhdoanhinternet.com.vn/dich-vu-nhan-viet-bai-chuan-seo-thue\"><span style=\"color:#8e44ad\"><strong>dịch vụ viết b&agrave;i chuẩn SEO</strong></span></a></em></span><span style=\"color:#000000\"><span style=\"font-family:Times New Roman,Times,serif\"><em> nh&eacute;.&quot;</em></span></span></span></p>\r\n\r\n<p dir=\"ltr\" style=\"text-align:justify\"><span style=\"color:#000000\"><span style=\"font-size:16px\"><span style=\"font-family:Times New Roman,Times,serif\">Dựa tr&ecirc;n mức độ sử dụng cũng như kết quả kiểm tra về nội dung v&agrave; kĩ thuật, sẽ c&ugrave;ng t&igrave;m hiểu về top 5 <strong>c&ocirc;ng cụ kiểm tra b&agrave;i viết chuẩn SEO</strong> sau đ&acirc;y:</span></span></span></p>\r\n\r\n<h2 dir=\"ltr\" style=\"text-align:justify\"><span style=\"color:#c0392b\"><span style=\"font-size:20px\"><strong><span style=\"font-family:Times New Roman,Times,serif\">TOP 5 C&Ocirc;NG CỤ KIỂM TRA B&Agrave;I VIẾT CHUẨN SEO</span></strong></span></span></h2>\r\n\r\n<h3 dir=\"ltr\" style=\"text-align:justify\"><span style=\"font-size:18px\"><strong><span style=\"color:#000000\"><span style=\"font-family:Times New Roman,Times,serif\">Small SEO Tools</span></span></strong></span></h3>\r\n\r\n<p dir=\"ltr\" style=\"text-align:justify\"><span style=\"color:#000000\"><span style=\"font-size:16px\"><span style=\"font-family:Times New Roman,Times,serif\"><strong>C&ocirc;ng cụ kiểm tra b&agrave;i viết chuẩn SEO</strong>&nbsp;Small Seo Tools&nbsp;l&agrave; c&ocirc;ng cụ kiểm tra miễn ph&iacute; với giao diện đơn giản, kh&ocirc;ng g&acirc;y kh&oacute; khăn cho người d&ugrave;ng ngay cả với những người mới sử dụng lần đầu. </span></span></span></p>\r\n\r\n<p dir=\"ltr\" style=\"text-align:justify\"><span style=\"color:#000000\"><span style=\"font-size:16px\"><span style=\"font-family:Times New Roman,Times,serif\">Với thao t&aacute;c đơn giản, nhanh gọn l&agrave; copy một đoạn hoặc to&agrave;n bộ nội dung b&agrave;i viết v&agrave;o c&ocirc;ng cụ, hệ thống sẽ tự động kiểm tra đối chiếu, đối với những b&agrave;i viết bị tr&ugrave;ng lặp d&ograve;ng n&agrave;o, d&ograve;ng /đoạn văn đ&oacute; sẽ mau ch&oacute;ng hiển thị m&agrave;u đỏ v&agrave; th&ocirc;ng b&aacute;o &ldquo;Plagiarism&rdquo; (Nội dung copy) b&ecirc;n cạnh. </span></span></span></p>\r\n\r\n<p dir=\"ltr\" style=\"text-align:justify\"><span style=\"color:#000000\"><span style=\"font-size:16px\"><span style=\"font-family:Times New Roman,Times,serif\">Để tr&aacute;nh đoạn tr&ugrave;ng lặp th&igrave; người viết chỉ cần chỉnh sửa bổ sung lại những đoạn văn được b&ocirc;i đỏ. Xử l&yacute; sao cho đoạn văn đ&oacute; kh&ocirc;ng c&ograve;n bị b&ocirc;i đỏ, kh&ocirc;ng bị lỗi copy nữa. </span></span></span></p>\r\n\r\n<p dir=\"ltr\" style=\"text-align:justify\"><span style=\"color:#000000\"><span style=\"font-size:16px\"><span style=\"font-family:Times New Roman,Times,serif\">Ngo&agrave;i ra c&ocirc;ng cụ&nbsp;Small Seo Tools&nbsp;c&ograve;n c&oacute; th&ecirc;m c&aacute;c chức năng kh&aacute;c để kiểm tra chuẩn SEO hay xem x&eacute;t c&aacute;c th&ocirc;ng số b&ecirc;n trong website của bạn.</span></span></span></p>\r\n\r\n<p dir=\"ltr\" style=\"text-align:center\"><span style=\"color:#000000\"><span style=\"font-size:16px\"><span style=\"font-family:Times New Roman,Times,serif\"><img alt=\"Công cụ kiểm tra bài viết chuẩn seo\" height=\"350\" src=\"/image/images/cong-cu-kiem-tra-bai-viet-chuan-seo.jpg\" width=\"600\" /></span></span></span></p>\r\n\r\n<p dir=\"ltr\" style=\"text-align:center\"><em><span style=\"color:#000000\"><span style=\"font-size:16px\"><span style=\"font-family:Times New Roman,Times,serif\">C&ocirc;ng cụ kiểm tra b&agrave;i viết chuẩn seo dễ d&ugrave;ng</span></span></span></em></p>\r\n\r\n<h3 dir=\"ltr\" style=\"text-align:justify\"><span style=\"font-size:20px\"><strong><span style=\"color:#000000\"><span style=\"font-family:Times New Roman,Times,serif\">Duplichecker</span></span></strong></span></h3>\r\n\r\n<p dir=\"ltr\" style=\"text-align:justify\"><span style=\"color:#000000\"><span style=\"font-size:16px\"><span style=\"font-family:Times New Roman,Times,serif\">C&ocirc;ng cụ&nbsp;Duplichecker khi sử dụng bạn chỉ cần copy đoạn văn v&agrave; paste l&ecirc;n khung văn bản, nhưng tối đa chỉ giới hạn 1000 từ. C&ocirc;ng cụ n&agrave;y cũng bổ sung th&ecirc;m t&iacute;nh năng kiểm tra lỗi ch&iacute;nh tả của b&agrave;i viết. </span></span></span></p>\r\n\r\n<p dir=\"ltr\" style=\"text-align:justify\"><span style=\"color:#000000\"><span style=\"font-size:16px\"><span style=\"font-family:Times New Roman,Times,serif\">Đ&acirc;y cũng l&agrave; một trong những <strong>c&ocirc;ng cụ kiểm tra b&agrave;i viết chuẩn SEO</strong> c&oacute; giao diện tương đối dễ sử dụng, tốc độ trả kết quả nhanh v&agrave; ch&iacute;nh x&aacute;c. </span></span></span></p>\r\n\r\n<p dir=\"ltr\" style=\"text-align:justify\"><span style=\"color:#000000\"><span style=\"font-size:16px\"><span style=\"font-family:Times New Roman,Times,serif\">Tuy nhi&ecirc;n để sử dụng nhiều lần hơn v&agrave; kh&ocirc;ng hiển thị lỗi hiển thị lỗi tr&ugrave;ng chi tiết th&igrave; đ&ograve;i hỏi bạn phải tham gia đăng k&yacute; t&agrave;i khoản v&agrave; đăng nhập khi sử dụng.&nbsp;</span></span></span></p>\r\n\r\n<p dir=\"ltr\" style=\"text-align:center\"><img alt=\"Công cụ kiểm tra bài viết chuẩn seo\" height=\"350\" src=\"/image/images/cong-cu-kiem-tra-bai-viet-chuan-seo-uy-tin.jpg\" width=\"600\" /></p>\r\n\r\n<p dir=\"ltr\" style=\"text-align:center\"><em><span style=\"color:#000000\"><span style=\"font-size:16px\"><span style=\"font-family:Times New Roman,Times,serif\">Duplichecker -&nbsp;C&ocirc;ng cụ kiểm tra b&agrave;i viết chuẩn seo</span></span></span></em></p>\r\n\r\n<h3 dir=\"ltr\" style=\"text-align:justify\"><span style=\"font-size:18px\"><strong><span style=\"color:#000000\"><span style=\"font-family:Times New Roman,Times,serif\">Article Checker</span></span></strong></span></h3>\r\n\r\n<p dir=\"ltr\" style=\"text-align:justify\"><span style=\"color:#000000\"><span style=\"font-size:16px\"><span style=\"font-family:Times New Roman,Times,serif\">Với<strong> c&ocirc;ng cụ kiểm tra b&agrave;i viết chuẩn seo</strong> n&agrave;y th&igrave; cho ph&eacute;p&nbsp;kiểm tra giữa c&aacute;c b&agrave;i viết, giữa c&aacute;c website. Một điểm kh&aacute; kh&aacute;c biệt với c&aacute;c c&ocirc;ng cụ tr&ecirc;n l&agrave; c&ocirc;ng cụ n&agrave;y cho ph&eacute;p bạn chọn kiểm tra b&agrave;i viết dựa tr&ecirc;n kết quả t&igrave;m kiếm tr&ecirc;n Google. </span></span></span></p>\r\n\r\n<p dir=\"ltr\" style=\"text-align:justify\"><span style=\"color:#000000\"><span style=\"font-size:16px\"><span style=\"font-family:Times New Roman,Times,serif\">Dĩ nhi&ecirc;n với c&aacute;c hiển thị kết quả t&igrave;m kiếm tr&ecirc;n Google, c&ocirc;ng cụ t&igrave;m kiếm phổ biến v&agrave; lớn nhất hiện nay sẽ l&agrave; kết quả cực kỳ chi tiết cho những nội dung cần kiểm tra.</span></span></span></p>\r\n\r\n<p dir=\"ltr\" style=\"text-align:center\"><span style=\"color:#000000\"><span style=\"font-size:16px\"><span style=\"font-family:Times New Roman,Times,serif\"><img alt=\"Công cụ kiểm tra bài viết chuẩn seo\" height=\"350\" src=\"/image/images/cong-cu-kiem-tra-bai-viet-chuan-seo-tot-nhat.jpg\" width=\"600\" /></span></span></span></p>\r\n\r\n<p dir=\"ltr\" style=\"text-align:center\"><span style=\"color:#000000\"><em><span style=\"font-size:16px\"><span style=\"font-family:Times New Roman,Times,serif\">C&ocirc;ng cụ kiểm tra b&agrave;i viết chuẩn seo</span></span></em></span></p>\r\n\r\n<h3 dir=\"ltr\" style=\"text-align:justify\"><span style=\"font-size:18px\"><strong><span style=\"color:#000000\"><span style=\"font-family:Times New Roman,Times,serif\">Copy Space</span></span></strong></span></h3>\r\n\r\n<p dir=\"ltr\" style=\"text-align:justify\"><span style=\"color:#000000\"><span style=\"font-size:16px\"><span style=\"font-family:Times New Roman,Times,serif\">So s&aacute;nh với c&aacute;c<strong> c&ocirc;ng cụ kiểm tra b&agrave;i viết chuẩn SEO</strong> ph&iacute;a tr&ecirc;n th&igrave; Copy Space&nbsp; kh&aacute; kh&aacute;c biệt. C&ocirc;ng cụ n&agrave;y sẽ thực hiện việc qu&eacute;t tr&ugrave;ng lặp th&ocirc;ng qua link b&agrave;i viết / link trang web. </span></span></span></p>\r\n\r\n<p dir=\"ltr\" style=\"text-align:justify\"><span style=\"color:#000000\"><span style=\"font-size:16px\"><span style=\"font-family:Times New Roman,Times,serif\">Việc n&agrave;y sẽ gi&uacute;p tiết kiệm thời gian hơn cho người viết v&igrave; bạn kh&ocirc;ng cần phải copy to&agrave;n bộ đoạn văn hay nội dung m&agrave; c&oacute; thể chỉ d&aacute;n link v&agrave;o. </span></span></span></p>\r\n\r\n<p dir=\"ltr\" style=\"text-align:justify\"><span style=\"color:#000000\"><span style=\"font-size:16px\"><span style=\"font-family:Times New Roman,Times,serif\">Sau đ&oacute; kết quả được trả về bao gồm c&aacute;c link b&agrave;i viết c&oacute; nội dung tương tự như nội dung của của người d&ugrave;ng. Với c&aacute;c nội dung độc quyền, người sử dụng ho&agrave;n to&agrave;n c&oacute; thể đăng k&yacute; độc quyền với nội dung đ&oacute; tr&ecirc;n Copy Space.&nbsp;</span></span></span></p>\r\n\r\n<p dir=\"ltr\" style=\"text-align:center\"><span style=\"color:#000000\"><span style=\"font-size:16px\"><span style=\"font-family:Times New Roman,Times,serif\"><img alt=\"Công cụ kiểm tra bài viết chuẩn seo\" height=\"350\" src=\"/image/images/cong-cu-kiem-tra-bai-viet-chuan-seo-chat-luong.jpg\" width=\"600\" /></span></span></span></p>\r\n\r\n<p dir=\"ltr\" style=\"text-align:center\"><span style=\"color:#000000\"><em><span style=\"font-size:16px\"><span style=\"font-family:Times New Roman,Times,serif\">C&ocirc;ng cụ kiểm tra b&agrave;i viết chuẩn seo</span></span></em></span></p>\r\n\r\n<h3 dir=\"ltr\" style=\"text-align:justify\"><span style=\"font-size:18px\"><strong><span style=\"color:#000000\"><span style=\"font-family:Times New Roman,Times,serif\">Plagium</span></span></strong></span></h3>\r\n\r\n<p dir=\"ltr\" style=\"text-align:justify\"><span style=\"color:#000000\"><span style=\"font-size:16px\"><span style=\"font-family:Times New Roman,Times,serif\">Plagium l&agrave; <strong>c&ocirc;ng cụ kiểm tra b&agrave;i viết chuẩn SEO </strong>miễn ph&iacute;. C&ocirc;ng cụ n&agrave;y c&oacute; thể ph&aacute;t hiện qu&eacute;t c&aacute;c trang web giống nhau. Từ đ&oacute; sẽ lựa chọn được c&aacute;c văn bản tr&ugrave;ng theo thời gian v&agrave; địa chỉ website n&oacute; được xuất bản. </span></span></span></p>\r\n\r\n<p dir=\"ltr\" style=\"text-align:justify\"><span style=\"color:#000000\"><span style=\"font-size:16px\"><span style=\"font-family:Times New Roman,Times,serif\">Giao diện dễ sử dụng, tốc độ nhanh, kết quả hiển thị r&otilde; r&agrave;ng. Giới hạn 1000 từ&nbsp;mỗi lần check với c&ocirc;ng cụ n&agrave;y. Khối lượng người sử dụng tương đối lớn.</span></span></span></p>\r\n\r\n<p dir=\"ltr\" style=\"text-align:center\"><span style=\"color:#000000\"><span style=\"font-size:16px\"><span style=\"font-family:Times New Roman,Times,serif\"><img alt=\"Công cụ kiểm tra bài viết chuẩn seo\" height=\"350\" src=\"/image/images/cong-cu-kiem-tra-bai-viet-chuan-seo-hien-nay.jpg\" width=\"600\" /></span></span></span></p>\r\n\r\n<p dir=\"ltr\" style=\"text-align:center\"><span style=\"color:#000000\"><em><span style=\"font-size:16px\"><span style=\"font-family:Times New Roman,Times,serif\">Hỗ trợ c&ocirc;ng cụ kiểm tra b&agrave;i viết chuẩn seo</span></span></em></span></p>\r\n\r\n<p dir=\"ltr\" style=\"text-align:justify\"><span style=\"color:#16a085\"><span style=\"font-size:36px\"><span style=\"font-family:Times New Roman,Times,serif\"><strong>|</strong></span></span></span><span style=\"color:#000000\"><em><span style=\"font-size:16px\"><span style=\"font-family:Times New Roman,Times,serif\"> </span></span><span style=\"font-size:14px\"><span style=\"font-family:Times New Roman,Times,serif\">&quot; Xem th&ecirc;m c&aacute;c c&ocirc;ng cụ kiểm tra tr&ugrave;ng lặp nội dung </span></span></em></span><span style=\"font-size:14px\"><em><span style=\"font-family:Times New Roman,Times,serif\"><a href=\"https://www.kinhdoanhinternet.com.vn/cac-cong-cu-kiem-tra-trung-lap-noi-dung\"><span style=\"color:#8e44ad\"><strong>TẠI Đ&Acirc;Y</strong></span></a></span></em><span style=\"color:#000000\"><em><span style=\"font-family:Times New Roman,Times,serif\"> nh&eacute;.&quot;</span></em></span></span></p>\r\n\r\n<p dir=\"ltr\" style=\"text-align:justify\"><span style=\"color:#000000\"><span style=\"font-size:16px\"><span style=\"font-family:Times New Roman,Times,serif\">Với c&aacute;c&nbsp;<strong>c&ocirc;ng cụ kiểm tra b&agrave;i viết chuẩn SEO</strong>&nbsp;tr&ecirc;n, người d&ugrave;ng c&oacute; thể kiểm tra v&agrave; định hướng lại nội dung sử dụng trong b&agrave;i viết &nbsp;của m&igrave;nh. Đạt được c&aacute;c điều kiện về ngữ ph&aacute;p ch&iacute;nh tả, đặc biệt l&agrave; chất lượng. </span></span></span></p>\r\n\r\n<p dir=\"ltr\" style=\"text-align:justify\"><span style=\"color:#000000\"><span style=\"font-size:16px\"><span style=\"font-family:Times New Roman,Times,serif\">Kh&ocirc;ng thể sao ch&eacute;p, lặp lại những nội dung đ&atilde; được sử dụng trước đ&oacute; tr&ecirc;n website, blog&hellip; </span></span></span></p>\r\n\r\n<p dir=\"ltr\" style=\"text-align:justify\"><span style=\"color:#000000\"><span style=\"font-size:16px\"><span style=\"font-family:Times New Roman,Times,serif\">V&igrave; tầm quan trọng của &nbsp;nội dung trong SEO, h&atilde;y lu&ocirc;n đảm bảo nội dung b&agrave;i viết đạt được những nội dung chuẩn SEO cũng như trang web chuẩn SEO nhất c&oacute; thể. </span></span></span></p>\r\n\r\n<p dir=\"ltr\" style=\"text-align:justify\"><span style=\"color:#000000\"><span style=\"font-size:16px\"><span style=\"font-family:Times New Roman,Times,serif\">Đặc biệt với sự hỗ trợ của c&aacute;c<strong> c&ocirc;ng cụ kiểm tra b&agrave;i viết chuẩn SEO</strong> th&igrave; chất lượng b&agrave;i viết sẽ ng&agrave;y c&agrave;ng được n&acirc;ng cao.</span></span></span></p>\r\n', '', '', '', '', '', 0, 'en-top-5-cong-cu-kiem-tra-bai-viet-chuan-seo', '[GỢI Ý] Top 5 công cụ kiểm tra bài viết chuẩn seo hiện nay', 'Công cụ kiểm tra bài viết chuẩn SEO nào uy tín hiện nay và được nhiều người sử dụng. Hãy cùng Goldbridge đi phân tích TOP 5 công cụ kiểm tra bài viết chuẩn SEO nhé.', 'công cụ kiểm tra bài viết chuẩn seo, cong cu kiem tra bai viet chuan seo');
INSERT INTO `news_languages` (`id`, `news_id`, `languages_code`, `lang_news_name`, `lang_news_des`, `lang_news_content`, `lang_news_sub_info1`, `lang_news_sub_info2`, `lang_news_sub_info3`, `lang_news_sub_info4`, `lang_news_sub_info5`, `edit_state`, `friendly_url`, `title_seo`, `des_seo`, `keyword`) VALUES
(5, 3, 'vn', 'Hướng dẫn cách lấy lại tài khoản facebook bị hack', 'Tình trạng hack facebook hiện nay đang được nhiều hacker sử dụng để hack sử dụng mục đích chuộc lợi cho bản thân. Vậy làm thế lào để lấy lại fanpage bị hack. Hãy cùng chúng tôi tìm hiểu hướng dẫn lấy lại tài khoản facebook bị hack dưới đây nhé.', '<p dir=\"ltr\" style=\"text-align:justify\"><span style=\"color:#000000\"><span style=\"font-size:16px\"><span style=\"font-family:Times New Roman,Times,serif\"><strong>C&aacute;ch lấy lại facebook bị hack </strong>hiện nay đang được nhiều người t&igrave;m kiếm. Facebook hiện l&agrave; trang mạng x&atilde; hội được đa số mọi người d&ugrave;ng, nhằm chia sẽ th&ocirc;ng tin, li&ecirc;n lạc hay kết bạn, b&aacute;n h&agrave;ng &hellip;</span></span></span></p>\r\n\r\n<p dir=\"ltr\" style=\"text-align:justify\"><span style=\"color:#000000\"><span style=\"font-size:16px\"><span style=\"font-family:Times New Roman,Times,serif\">Với một lượng th&ocirc;ng tin khủng, bạn chỉ cần ngồi coi th&ocirc;ng qua c&aacute;c thiết bị điện tử. </span></span></span></p>\r\n\r\n<p dir=\"ltr\" style=\"text-align:justify\"><span style=\"color:#000000\"><span style=\"font-size:16px\"><span style=\"font-family:Times New Roman,Times,serif\">L&agrave; trang mạng mang lại lợi &iacute;ch như thế, tuy nhi&ecirc;n, tiềm ẩn những link virus hay những kẻ hacker hack nhằm chuộc lợi từ t&agrave;i khoản facebook của người d&ugrave;ng.</span></span></span></p>\r\n\r\n<p dir=\"ltr\" style=\"text-align:justify\"><span style=\"color:#000000\"><span style=\"font-size:16px\"><span style=\"font-family:Times New Roman,Times,serif\">Trường hợp người d&ugrave;ng mất quyền kiểm so&aacute;t v&agrave; kh&ocirc;ng thể truy cập v&agrave;o t&agrave;i khoản facebook của m&igrave;nh kh&ocirc;ng phải l&agrave; chưa xảy ra, m&agrave; ng&agrave;y c&agrave;ng l&acirc;y lan rất nhiều.</span></span></span></p>\r\n\r\n<p dir=\"ltr\" style=\"text-align:justify\"><span style=\"color:#000000\"><span style=\"font-size:16px\"><span style=\"font-family:Times New Roman,Times,serif\">Vậy l&agrave;m thế n&agrave;o để c&oacute; <strong>c&aacute;ch lấy lại facebook bị hack</strong> hay đặc biệt c&aacute;ch trang b&aacute;n h&agrave;ng online hay c&aacute;c trang của nh&acirc;n vật nổi tiếng hot face c&oacute; thể <strong>lấy lại fanpage bị hack</strong> ra sao.</span></span></span></p>\r\n\r\n<p dir=\"ltr\" style=\"text-align:justify\"><span style=\"color:#000000\"><span style=\"font-size:16px\"><span style=\"font-family:Times New Roman,Times,serif\">C&ugrave;ng ch&uacute;ng t&ocirc;i t&igrave;m hiểu về <strong>hướng dẫn lấy lại t&agrave;i khoản facebook bị hack</strong> nhanh ch&oacute;ng v&agrave; an to&agrave;n bảo mật nhất nh&eacute;!</span></span></span></p>\r\n\r\n<h2 dir=\"ltr\" style=\"text-align:justify\"><span style=\"color:#c0392b\"><span style=\"font-size:20px\"><strong><span style=\"font-family:Times New Roman,Times,serif\">Hướng dẫn lấy lại t&agrave;i khoản facebook bị hack nhanh ch&oacute;ng</span></strong></span></span></h2>\r\n\r\n<p dir=\"ltr\" style=\"text-align:center\"><span style=\"color:#000000\"><span style=\"font-size:16px\"><span style=\"font-family:Times New Roman,Times,serif\"><img alt=\"cách lấy lại facebook bị hack\" height=\"350\" src=\"/image/images/cach-lay-lai-facebook-bi-hack.jpg\" width=\"600\" /></span></span></span></p>\r\n\r\n<p dir=\"ltr\" style=\"text-align:center\"><em><span style=\"color:#000000\"><span style=\"font-size:16px\"><span style=\"font-family:Times New Roman,Times,serif\">Hướng dẫn lấy lại t&agrave;i khoản facebook bị hack</span></span></span></em></p>\r\n\r\n<p dir=\"ltr\" style=\"text-align:justify\"><span style=\"color:#16a085\"><span style=\"font-size:36px\"><span style=\"font-family:Times New Roman,Times,serif\"><strong>| </strong></span></span></span><em><span style=\"color:#000000\"><span style=\"font-size:16px\"><span style=\"font-family:Times New Roman,Times,serif\">&quot;Quản l&yacute; fanpage l&agrave; g&igrave;? C&aacute;c bước khi chăm s&oacute;c fanpage chuy&ecirc;n nghiệp như thế n&agrave;o? Bạn h&atilde;y tham khảo th&ecirc;m b&agrave;i viết </span></span></span><strong><span style=\"font-size:16px\"><span style=\"font-family:Times New Roman,Times,serif\"><a href=\"https://www.kinhdoanhinternet.com.vn/dich-vu-cham-soc-quan-ly-fanpage\"><span style=\"color:#8e44ad\">dịch vụ chăm s&oacute;c fanpage</span></a></span></span></strong><span style=\"color:#000000\"><span style=\"font-size:16px\"><span style=\"font-family:Times New Roman,Times,serif\"> n&agrave;y nh&eacute;.&quot;</span></span></span></em></p>\r\n\r\n<p dir=\"ltr\" style=\"text-align:justify\"><span style=\"color:#000000\"><span style=\"font-size:16px\"><span style=\"font-family:Times New Roman,Times,serif\">Bị hack facebook l&agrave; một vấn đề kh&ocirc;ng mấy xa lạ trong thời buổi c&ocirc;ng nghệ hiện đại nhanh ch&oacute;ng tiện &iacute;ch nhưng tiềm ẩn những vấn đề như ăn cắp th&ocirc;ng tin.</span></span></span></p>\r\n\r\n<p dir=\"ltr\" style=\"text-align:justify\"><span style=\"color:#000000\"><span style=\"font-size:16px\"><span style=\"font-family:Times New Roman,Times,serif\">&nbsp;L&acirc;y truyền th&ocirc;ng tin của bạn nhanh ch&oacute;ng v&agrave; chuộc lợi từ những t&agrave;i khoản c&oacute; lượng fanpage hay follow cao, nhằm t&igrave;m kiếm lợi &iacute;ch từ t&agrave;i khoản n&agrave;y.</span></span></span></p>\r\n\r\n<p dir=\"ltr\" style=\"text-align:justify\"><span style=\"color:#000000\"><span style=\"font-size:16px\"><span style=\"font-family:Times New Roman,Times,serif\">Với từng vấn đề ch&uacute;ng ta c&oacute; những c&aacute;ch hỗ trợ tối ưu để được <strong>hướng dẫn lấy lại t&agrave;i khoản facebook bị hack</strong> tốt nhất kh&ocirc;i phục cho người chủ sở hữu facebook.</span></span></span></p>\r\n\r\n<p dir=\"ltr\" style=\"text-align:center\"><span style=\"color:#000000\"><span style=\"font-size:16px\"><span style=\"font-family:Times New Roman,Times,serif\"><img alt=\"hướng dẫn lấy lại tài khoản facebook bị hack\" height=\"350\" src=\"/image/images/cach-lay-lai-facebook-bi-hack-nhanh-nhat.jpg\" width=\"600\" /></span></span></span></p>\r\n\r\n<p dir=\"ltr\" style=\"text-align:center\"><em><span style=\"color:#000000\"><span style=\"font-size:16px\"><span style=\"font-family:Times New Roman,Times,serif\">Hướng dẫn c&aacute;ch lấy lại facebook bị hack</span></span></span></em></p>\r\n\r\n<h2 dir=\"ltr\" style=\"text-align:justify\"><span style=\"color:#c0392b\"><span style=\"font-size:20px\"><strong><span style=\"font-family:Times New Roman,Times,serif\">C&aacute;ch lấy lại facebook bị hack đơn giản v&agrave; an to&agrave;n nhất</span></strong></span></span></h2>\r\n\r\n<p dir=\"ltr\" style=\"text-align:justify\"><span style=\"color:#000000\"><span style=\"font-size:16px\"><span style=\"font-family:Times New Roman,Times,serif\">Nếu một ng&agrave;y n&agrave;o đ&oacute;, bạn truy cập v&agrave;o facebook của bạn kh&ocirc;ng được, th&igrave; h&atilde;y b&igrave;nh tĩnh d&ugrave;ng c&aacute;c hỗ trợ tr&ecirc;n phần trợ gi&uacute;p của facebook. </span></span></span></p>\r\n\r\n<p dir=\"ltr\" style=\"text-align:justify\"><span style=\"color:#000000\"><span style=\"font-size:16px\"><span style=\"font-family:Times New Roman,Times,serif\">Tại ngay giao diện của trang mạng n&agrave;y bạn cần nhấn v&agrave;o biểu tượng qu&ecirc;n t&agrave;i khoản ngay tr&ecirc;n m&agrave;n h&igrave;nh thiết bị của bạn v&agrave; đ&acirc;y l&agrave; c&aacute;ch bắt đầu <strong>c&aacute;ch lấy lại facebook bị hack</strong> của m&igrave;nh đơn giản nhất.</span></span></span></p>\r\n\r\n<p dir=\"ltr\" style=\"text-align:center\"><span style=\"color:#000000\"><span style=\"font-size:16px\"><span style=\"font-family:Times New Roman,Times,serif\"><img alt=\"cách lấy lại facebook bị hack \" height=\"338\" src=\"/image/images/huong-dan-lay-lai-tai-khoan-facebook-bi-hack.jpg\" width=\"600\" /></span></span></span></p>\r\n\r\n<p dir=\"ltr\" style=\"text-align:center\"><em><span style=\"color:#000000\"><span style=\"font-size:16px\"><span style=\"font-family:Times New Roman,Times,serif\">C&aacute;ch lấy lại fanpage bị hack</span></span></span></em></p>\r\n\r\n<h3 dir=\"ltr\" style=\"text-align:justify\"><span style=\"font-size:18px\"><strong><span style=\"color:#000000\"><span style=\"font-family:Times New Roman,Times,serif\">C&aacute;ch lấy lại facebook bị hack đơn giản</span></span></strong></span></h3>\r\n\r\n<p dir=\"ltr\" style=\"text-align:justify\"><span style=\"color:#000000\"><span style=\"font-size:16px\"><span style=\"font-family:Times New Roman,Times,serif\">V&agrave; lần lượt bạn nhập email hoặc số điện thoại đ&atilde; đăng k&yacute; facebook v&agrave; nhấn v&agrave;o thanh t&igrave;m kiếm ngay b&ecirc;n dưới. </span></span></span></p>\r\n\r\n<p dir=\"ltr\" style=\"text-align:justify\"><span style=\"color:#000000\"><span style=\"font-size:16px\"><span style=\"font-family:Times New Roman,Times,serif\">Với kết quả t&igrave;m kiếm t&agrave;i khoản của c&aacute; nh&acirc;n, th&igrave; click v&agrave;o k&yacute; tự No longer have access to these, nghĩa l&agrave; t&agrave;i khoản bạn kh&ocirc;ng c&ograve;n truy cập được nữa. </span></span></span></p>\r\n\r\n<p dir=\"ltr\" style=\"text-align:justify\"><span style=\"color:#000000\"><span style=\"font-size:16px\"><span style=\"font-family:Times New Roman,Times,serif\">V&agrave; c&agrave;ng kh&oacute; khăn cho bạn n&agrave;o qu&ecirc;n mất email đăng k&yacute; lấy lại t&agrave;i khoản facebook sẽ chắc chắn reset lại mật khoản l&agrave; kh&ocirc;ng thể thực hiện.</span></span></span></p>\r\n\r\n<p dir=\"ltr\" style=\"text-align:justify\"><span style=\"color:#000000\"><span style=\"font-size:16px\"><span style=\"font-family:Times New Roman,Times,serif\">Bước tiếp theo, bạn cần nhấn v&agrave;o &ocirc; hiển thị với nội dung t&ocirc;i kh&ocirc;ng thể truy cập email&nbsp;ngay dưới hộp hội thoại thử quyền truy cập email.</span></span></span></p>\r\n\r\n<p dir=\"ltr\" style=\"text-align:justify\"><span style=\"color:#000000\"><span style=\"font-size:16px\"><span style=\"font-family:Times New Roman,Times,serif\">Bạn chỉ cần nhập email mới v&agrave; chưa đăng k&yacute; t&agrave;i khoản facebook n&agrave;o th&igrave; l&agrave; hợp lệ, sau đ&oacute; điền đầy đủ th&ocirc;ng tin như họ t&ecirc;n v&agrave; link dẫn tới t&agrave;i khoản của bạn l&agrave; c&aacute;ch <strong>hướng dẫn lấy lại t&agrave;i khoản facebook bị hack</strong> nhanh v&agrave; hiệu quả.</span></span></span></p>\r\n\r\n<h3 dir=\"ltr\" style=\"text-align:justify\"><span style=\"font-size:18px\"><strong><span style=\"color:#000000\"><span style=\"font-family:Times New Roman,Times,serif\">Ph&ograve;ng ngừa như thế n&agrave;o cho t&agrave;i khoản lu&ocirc;n an to&agrave;n</span></span></strong></span></h3>\r\n\r\n<p dir=\"ltr\" style=\"text-align:justify\"><span style=\"color:#000000\"><span style=\"font-size:16px\"><span style=\"font-family:Times New Roman,Times,serif\">Để lu&ocirc;n an to&agrave;n trong qu&aacute; tr&igrave;nh d&ugrave;ng facebook bạn cần kh&ocirc;ng n&ecirc;n link v&agrave;o những trang mạng lạ.</span></span></span></p>\r\n\r\n<p dir=\"ltr\" style=\"text-align:justify\"><span style=\"color:#000000\"><span style=\"font-size:16px\"><span style=\"font-family:Times New Roman,Times,serif\">V&igrave; c&oacute; thể đ&acirc;y sẽ l&agrave; địa chỉ tiềm ẩn virus v&agrave; hack t&agrave;i khoản của bạn v&agrave; n&ecirc;n thiết lập bảo vệ hai lớp để lu&ocirc;n c&oacute; <strong>c&aacute;ch lấy lại facebook bị hack.</strong></span></span></span></p>\r\n\r\n<p dir=\"ltr\" style=\"text-align:justify\"><span style=\"color:#000000\"><span style=\"font-size:16px\"><span style=\"font-family:Times New Roman,Times,serif\">Khi c&oacute; hacker x&acirc;m phạm th&igrave; facebook sẽ b&aacute;o ngay qua số điện thoại hay email của bạn, v&agrave; phải nhận được sự đồng &yacute; chấp thuận c&ograve;n kh&ocirc;ng th&igrave; v&ocirc; dụng dủ l&agrave; hacker c&oacute; cao tay ra sao.</span></span></span></p>\r\n\r\n<p dir=\"ltr\" style=\"text-align:center\"><span style=\"color:#000000\"><span style=\"font-size:16px\"><span style=\"font-family:Times New Roman,Times,serif\"><img alt=\"cách lấy lại facebook bị hack \" height=\"400\" src=\"/image/images/lay-lai-fanpage-bi-hack.jpg\" width=\"600\" /></span></span></span></p>\r\n\r\n<p dir=\"ltr\" style=\"text-align:center\"><span style=\"color:#000000\"><span style=\"font-size:16px\"><span style=\"font-family:Times New Roman,Times,serif\"><em>C&aacute;ch lấy lại facebook bị hack</em></span></span></span></p>\r\n\r\n<p dir=\"ltr\" style=\"text-align:justify\"><span style=\"font-size:36px\"><span style=\"color:#16a085\"><strong><span style=\"font-family:Times New Roman,Times,serif\">|</span></strong></span></span><span style=\"color:#000000\"><span style=\"font-size:14px\"><span style=\"font-family:Times New Roman,Times,serif\"><em>&quot;Tham khảo th&ecirc;m b&agrave;i viết quản trị fanpage hiệu quả nhất hiện nay </em></span></span></span><span style=\"font-size:14px\"><span style=\"font-family:Times New Roman,Times,serif\"><em><strong><a href=\"https://www.kinhdoanhinternet.com.vn/nhung-phuong-thuc-quan-tri-fanpage-hieu-qua-hien-nay\"><span style=\"color:#8e44ad\">TẠI Đ&Acirc;Y</span></a></strong></em></span><span style=\"color:#000000\"><span style=\"font-family:Times New Roman,Times,serif\"><em>.&quot;</em></span></span></span></p>\r\n\r\n<h2 dir=\"ltr\" style=\"text-align:justify\"><span style=\"color:#c0392b\"><span style=\"font-size:20px\"><strong><span style=\"font-family:Times New Roman,Times,serif\">C&aacute;ch lấy lại fanpage t&agrave;i khoản bị hack</span></strong></span></span></h2>\r\n\r\n<p dir=\"ltr\" style=\"text-align:justify\"><span style=\"font-size:16px\"><span style=\"color:#000000\"><span style=\"font-family:Times New Roman,Times,serif\">Đối với t&agrave;i khoản facebook c&oacute; lượng follow cao th&igrave; <strong>lấy lại fanpage bị hack</strong> k</span></span></span><span style=\"color:#000000\"><span style=\"font-size:16px\"><span style=\"font-family:Times New Roman,Times,serif\">hi xảy ra t&igrave;nh trạng bị hack t&agrave;i khoản v&agrave; muốn <strong>lấy lại fanpage bị hack</strong> bạn cần phải b&igrave;nh tĩnh đọc kỹ c&aacute;c th&ocirc;ng tin tr&ecirc;n hộp th&ocirc;ng b&aacute;o sự cố.</span></span></span></p>\r\n\r\n<p dir=\"ltr\" style=\"text-align:justify\"><span style=\"color:#000000\"><span style=\"font-size:16px\"><span style=\"font-family:Times New Roman,Times,serif\">Dựa v&agrave;o từng vấn đề v&agrave; ch&iacute;nh s&aacute;ch của facebook sẽ c&oacute; c&aacute;ch giải quyết hợp l&yacute;. </span></span></span></p>\r\n\r\n<p dir=\"ltr\" style=\"text-align:justify\"><span style=\"color:#000000\"><span style=\"font-size:16px\"><span style=\"font-family:Times New Roman,Times,serif\">Nếu đ&atilde; x&aacute;c nhận ch&iacute;nh x&aacute;c t&agrave;i khoản bạn bị hack th&igrave; thực hiện c&aacute;c bước sau:</span></span></span></p>\r\n\r\n<h3 dir=\"ltr\" style=\"text-align:justify\"><span style=\"font-size:18px\"><strong><span style=\"color:#000000\"><span style=\"font-family:Times New Roman,Times,serif\">Hướng dẫn lấy lại t&agrave;i khoản facebook bị hack</span></span></strong></span></h3>\r\n\r\n<p dir=\"ltr\" style=\"text-align:justify\"><span style=\"color:#000000\"><span style=\"font-size:16px\"><span style=\"font-family:Times New Roman,Times,serif\"><strong>Hướng dẫn lấy lại t&agrave;i khoản facebook bị hack</strong> bằng việc v&agrave;o link ch&iacute;nh của facebook&nbsp;v&agrave;o nh&aacute;nh hacked, nếu hacker đ&atilde; thay đổi bạn sẽ nhận được th&ocirc;ng b&aacute;o về t&agrave;i khoản bảo mật của bạn. </span></span></span></p>\r\n\r\n<p dir=\"ltr\" style=\"text-align:justify\"><span style=\"color:#000000\"><span style=\"font-size:16px\"><span style=\"font-family:Times New Roman,Times,serif\">C&oacute; thể thư sẽ tới v&agrave;o v&agrave;o hộp Spam n&ecirc;n bạn ch&uacute; &yacute; kiểm tra kỹ c&aacute;c hộp thư, tr&aacute;nh bỏ s&oacute;t nh&eacute;!</span></span></span></p>\r\n\r\n<h3 dir=\"ltr\" style=\"text-align:justify\"><span style=\"font-size:18px\"><strong><span style=\"color:#000000\"><span style=\"font-family:Times New Roman,Times,serif\">Trường hợp vẫn kh&ocirc;ng lấy lại fanpage bị hack th&igrave; l&agrave;m thế n&agrave;o</span></span></strong></span></h3>\r\n\r\n<p dir=\"ltr\" style=\"text-align:justify\"><span style=\"font-size:16px\"><span style=\"font-family:Times New Roman,Times,serif\"><span style=\"color:#000000\">Trường hợp kh&ocirc;ng <strong>lấy lại fanpage bị hack</strong> chỉ c&ograve;n c&aacute;ch bạn hay truy cập v&agrave;o trang li&ecirc;n kết facebook nhờ trợ gi&uacute;p từ trang sau:</span></span></span></p>\r\n\r\n<p dir=\"ltr\" style=\"text-align:justify\"><span style=\"font-size:16px\"><span style=\"font-family:Times New Roman,Times,serif\"><span style=\"color:#000000\">click v&agrave;o&nbsp;</span></span></span><span style=\"font-size:16px\"><span style=\"font-family:Times New Roman,Times,serif\"><span style=\"color:#000000\">https://www.facebook.com/business/contact-us chọn phần pages để gửi những th&ocirc;ng tin li&ecirc;n quan tới việc t&agrave;i khoản bị đ&aacute;nh cấp v&agrave; <strong>lấy lại fanpage bị hack</strong>.</span></span></span></p>\r\n\r\n<p dir=\"ltr\" style=\"text-align:center\"><span style=\"font-size:16px\"><span style=\"font-family:Times New Roman,Times,serif\"><span style=\"color:#000000\"><img alt=\"cách lấy lại facebook bị hack \" height=\"350\" src=\"/image/images/lay-lai-fanpage-bi-hack-nhanh-nhat.jpg\" width=\"600\" /></span></span></span></p>\r\n\r\n<p dir=\"ltr\" style=\"text-align:center\"><em><span style=\"color:#000000\"><span style=\"font-size:16px\"><span style=\"font-family:Times New Roman,Times,serif\">Hướng dẫn lấy lại t&agrave;i khoản facebook bị hack</span></span></span></em></p>\r\n\r\n<h3 dir=\"ltr\" style=\"text-align:justify\"><span style=\"font-size:18px\"><strong><span style=\"color:#000000\"><span style=\"font-family:Times New Roman,Times,serif\">Thời gian bạn nhận được kết quả hướng dẫn lấy lại t&agrave;i khoản facebook bị hack l&agrave; bao l&acirc;u</span></span></strong></span></h3>\r\n\r\n<p dir=\"ltr\" style=\"text-align:justify\"><span style=\"color:#000000\"><span style=\"font-size:16px\"><span style=\"font-family:Times New Roman,Times,serif\">Trong v&ograve;ng 1 ng&agrave;y đến 3 ng&agrave;y l&agrave;m việc, nếu chưa nhận được th&ocirc;ng b&aacute;o th&igrave; h&atilde;y thực hiện c&aacute;c bước tr&ecirc;n lại, l&yacute; do c&aacute;c nh&agrave; quản trị c&oacute; thể bị tr&ocirc;i b&agrave;i v&agrave; họ sẽ c&oacute; c&aacute;ch gi&uacute;p bạn hiệu quả nhất.</span></span></span></p>\r\n\r\n<p dir=\"ltr\" style=\"text-align:justify\"><span style=\"color:#000000\"><span style=\"font-size:16px\"><span style=\"font-family:Times New Roman,Times,serif\">Tr&ecirc;n đ&acirc;y l&agrave; một v&agrave;i <strong>hướng dẫn lấy lại t&agrave;i khoản facebook bị hack</strong> m&agrave; ch&uacute;ng t&ocirc;i mong muốn gửi tới bạn đọc. </span></span></span></p>\r\n\r\n<p dir=\"ltr\" style=\"text-align:justify\"><span style=\"color:#000000\"><span style=\"font-size:16px\"><span style=\"font-family:Times New Roman,Times,serif\">Hy vọng với những chia sẻ của ch&uacute;ng t&ocirc;i, bạn c&oacute; thể tự m&igrave;nh bảo vệ lấy lại th&ocirc;ng tin c&aacute; nh&acirc;n trước sự x&acirc;m nhập tr&aacute;i ph&eacute;p kh&ocirc;ng đ&aacute;ng c&oacute; v&agrave; <strong>c&aacute;ch lấy c&aacute;ch lấy lại facebook bị hack</strong>.</span></span></span></p>\r\n', '', '', '', '', '', 0, 'huong-dan-cach-lay-lai-tai-khoan-facebook-bi-hack', '[HƯỚNG DẪN] Cách lấy lại tài khoản facebook bị hack đơn giản hiệu quả', 'Facebook của bạn bị hack? Làm sao để lấy lại tài khoản? Hướng dẫn lấy lại tài khoản facebook bị hack của chúng tôi dưới đây sẽ giúp bạn giải quyết khó khăn này.', 'cách lấy lại facebook bị hack, lấy lại fanpage bị hack, hướng dẫn lấy lại tài khoản facebook bị hack, cach lay lại facebook bi hack, lay lai fanpage bi hack, huong dan lay lai tai khoan facebook bi hack'),
(6, 3, 'en', 'english version Hướng dẫn cách lấy lại tài khoản facebook bị hack', 'english version Tình trạng hack facebook hiện nay đang được nhiều hacker sử dụng để hack sử dụng mục đích chuộc lợi cho bản thân. Vậy làm thế lào để lấy lại fanpage bị hack. Hãy cùng chúng tôi tìm hiểu hướng dẫn lấy lại tài khoản facebook bị hack dưới đây nhé.', 'english version <p dir=\"ltr\" style=\"text-align:justify\"><span style=\"color:#000000\"><span style=\"font-size:16px\"><span style=\"font-family:Times New Roman,Times,serif\"><strong>C&aacute;ch lấy lại facebook bị hack </strong>hiện nay đang được nhiều người t&igrave;m kiếm. Facebook hiện l&agrave; trang mạng x&atilde; hội được đa số mọi người d&ugrave;ng, nhằm chia sẽ th&ocirc;ng tin, li&ecirc;n lạc hay kết bạn, b&aacute;n h&agrave;ng &hellip; Với một lượng th&ocirc;ng tin khủng, bạn chỉ cần ngồi coi th&ocirc;ng qua c&aacute;c thiết bị điện tử. </span></span></span></p>\r\n\r\n<p dir=\"ltr\" style=\"text-align:justify\"><span style=\"color:#000000\"><span style=\"font-size:16px\"><span style=\"font-family:Times New Roman,Times,serif\">L&agrave; trang mạng mang lại lợi &iacute;ch như thế, tuy nhi&ecirc;n, tiềm ẩn những link virus hay những kẻ hacker hack nhằm chuộc lợi từ t&agrave;i khoản facebook của người d&ugrave;ng.</span></span></span></p>\r\n\r\n<p dir=\"ltr\" style=\"text-align:justify\"><span style=\"color:#000000\"><span style=\"font-size:16px\"><span style=\"font-family:Times New Roman,Times,serif\">Trường hợp người d&ugrave;ng mất quyền kiểm so&aacute;t v&agrave; kh&ocirc;ng thể truy cập v&agrave;o t&agrave;i khoản facebook của m&igrave;nh kh&ocirc;ng phải l&agrave; chưa xảy ra, m&agrave; ng&agrave;y c&agrave;ng l&acirc;y lan rất nhiều.</span></span></span></p>\r\n\r\n<p dir=\"ltr\" style=\"text-align:justify\"><span style=\"color:#000000\"><span style=\"font-size:16px\"><span style=\"font-family:Times New Roman,Times,serif\">Vậy l&agrave;m thế n&agrave;o để c&oacute; <strong>c&aacute;ch lấy lại facebook bị hack</strong> hay đặc biệt c&aacute;ch trang b&aacute;n h&agrave;ng online hay c&aacute;c trang của nh&acirc;n vật nổi tiếng hot face c&oacute; thể <strong>lấy lại fanpage bị hack</strong> ra sao.</span></span></span></p>\r\n\r\n<p dir=\"ltr\" style=\"text-align:justify\"><span style=\"color:#000000\"><span style=\"font-size:16px\"><span style=\"font-family:Times New Roman,Times,serif\">C&ugrave;ng ch&uacute;ng t&ocirc;i t&igrave;m hiểu về <strong>hướng dẫn lấy lại t&agrave;i khoản facebook bị hack</strong> nhanh ch&oacute;ng v&agrave; an to&agrave;n bảo mật nhất nh&eacute;!</span></span></span></p>\r\n\r\n<h2 dir=\"ltr\" style=\"text-align:justify\"><span style=\"color:#c0392b\"><span style=\"font-size:20px\"><strong><span style=\"font-family:Times New Roman,Times,serif\">HƯỚNG DẪN LẤY LẠI T&Agrave;I KHOẢN FACEBOOK BỊ HACK NHANH CH&Oacute;NG</span></strong></span></span></h2>\r\n\r\n<p dir=\"ltr\" style=\"text-align:center\"><span style=\"color:#000000\"><span style=\"font-size:16px\"><span style=\"font-family:Times New Roman,Times,serif\"><img alt=\"cách lấy lại facebook bị hack\" height=\"400\" src=\"/image/images/cach-lay-lai-facebook-bi-hack.jpg\" width=\"600\" /></span></span></span></p>\r\n\r\n<p dir=\"ltr\" style=\"text-align:center\"><em><span style=\"color:#000000\"><span style=\"font-size:16px\"><span style=\"font-family:Times New Roman,Times,serif\">Hướng dẫn lấy lại t&agrave;i khoản facebook bị hack</span></span></span></em></p>\r\n\r\n<p dir=\"ltr\" style=\"text-align:justify\"><span style=\"color:#16a085\"><span style=\"font-size:36px\"><span style=\"font-family:Times New Roman,Times,serif\"><strong>| </strong></span></span></span><em><span style=\"color:#000000\"><span style=\"font-size:16px\"><span style=\"font-family:Times New Roman,Times,serif\">&quot;Quản l&yacute; fanpage l&agrave; g&igrave;? C&aacute;c bước khi chăm s&oacute;c fanpage chuy&ecirc;n nghiệp như thế n&agrave;o? Bạn h&atilde;y tham khảo th&ecirc;m b&agrave;i viết </span></span></span><strong><span style=\"font-size:16px\"><span style=\"font-family:Times New Roman,Times,serif\"><a href=\"https://www.kinhdoanhinternet.com.vn/dich-vu-cham-soc-quan-ly-fanpage\"><span style=\"color:#8e44ad\">dịch vụ chăm s&oacute;c fanpage</span></a></span></span></strong><span style=\"color:#000000\"><span style=\"font-size:16px\"><span style=\"font-family:Times New Roman,Times,serif\"> n&agrave;y nh&eacute;.&quot;</span></span></span></em></p>\r\n\r\n<p dir=\"ltr\" style=\"text-align:justify\"><span style=\"color:#000000\"><span style=\"font-size:16px\"><span style=\"font-family:Times New Roman,Times,serif\">Bị hack facebook l&agrave; một vấn đề kh&ocirc;ng mấy xa lạ trong thời buổi c&ocirc;ng nghệ hiện đại nhanh ch&oacute;ng tiện &iacute;ch nhưng tiềm ẩn những vấn đề như ăn cắp th&ocirc;ng tin, l&acirc;y truyền th&ocirc;ng tin của bạn nhanh ch&oacute;ng v&agrave; chuộc lợi từ những t&agrave;i khoản c&oacute; lượng fanpage hay follow cao, nhằm t&igrave;m kiếm lợi &iacute;ch từ t&agrave;i khoản n&agrave;y.</span></span></span></p>\r\n\r\n<p dir=\"ltr\" style=\"text-align:justify\"><span style=\"color:#000000\"><span style=\"font-size:16px\"><span style=\"font-family:Times New Roman,Times,serif\">Với từng vấn đề ch&uacute;ng ta c&oacute; những c&aacute;ch hỗ trợ tối ưu để được <strong>hướng dẫn lấy lại t&agrave;i khoản facebook bị hack</strong> tốt nhất kh&ocirc;i phục cho người chủ sở hữu facebook.</span></span></span></p>\r\n\r\n<p dir=\"ltr\" style=\"text-align:center\"><span style=\"color:#000000\"><span style=\"font-size:16px\"><span style=\"font-family:Times New Roman,Times,serif\"><img alt=\"cách lấy lại facebook bị hack\" height=\"350\" src=\"/image/images/lay-lai-fanpage-bi-hack-ra-sao.jpg\" width=\"600\" /></span></span></span></p>\r\n\r\n<p dir=\"ltr\" style=\"text-align:center\"><em><span style=\"color:#000000\"><span style=\"font-size:16px\"><span style=\"font-family:Times New Roman,Times,serif\">Hướng dẫn c&aacute;ch lấy lại facebook bị hack</span></span></span></em></p>\r\n\r\n<h2 dir=\"ltr\" style=\"text-align:justify\"><span style=\"color:#c0392b\"><span style=\"font-size:20px\"><strong><span style=\"font-family:Times New Roman,Times,serif\">C&Aacute;CH LẤY LẠI FACEBOOK BỊ HACK ĐƠN GIẢN V&Agrave; AN TO&Agrave;N NHẤT</span></strong></span></span></h2>\r\n\r\n<p dir=\"ltr\" style=\"text-align:justify\"><span style=\"color:#000000\"><span style=\"font-size:16px\"><span style=\"font-family:Times New Roman,Times,serif\">Nếu một ng&agrave;y n&agrave;o đ&oacute;, bạn truy cập v&agrave;o facebook của bạn kh&ocirc;ng được, th&igrave; h&atilde;y b&igrave;nh tĩnh d&ugrave;ng c&aacute;c hỗ trợ tr&ecirc;n phần trợ gi&uacute;p của facebook. </span></span></span></p>\r\n\r\n<p dir=\"ltr\" style=\"text-align:justify\"><span style=\"color:#000000\"><span style=\"font-size:16px\"><span style=\"font-family:Times New Roman,Times,serif\">Tại ngay giao diện của trang mạng n&agrave;y bạn cần nhấn v&agrave;o biểu tượng qu&ecirc;n t&agrave;i khoản ngay tr&ecirc;n m&agrave;n h&igrave;nh thiết bị của bạn v&agrave; đ&acirc;y l&agrave; c&aacute;ch bắt đầu <strong>c&aacute;ch lấy lại facebook bị hack</strong> của m&igrave;nh đơn giản nhất.</span></span></span></p>\r\n\r\n<p dir=\"ltr\" style=\"text-align:center\"><span style=\"color:#000000\"><span style=\"font-size:16px\"><span style=\"font-family:Times New Roman,Times,serif\"><img alt=\"hướng dẫn lấy lại tài khoản facebook bị hack\" height=\"400\" src=\"/image/images/huong-dan-lay-lai-tai-khoan-facebook-bi-hack.png\" width=\"600\" /></span></span></span></p>\r\n\r\n<p dir=\"ltr\" style=\"text-align:center\"><em><span style=\"color:#000000\"><span style=\"font-size:16px\"><span style=\"font-family:Times New Roman,Times,serif\">C&aacute;ch lấy lại fanpage bị hack</span></span></span></em></p>\r\n\r\n<h3 dir=\"ltr\" style=\"text-align:justify\"><span style=\"font-size:18px\"><strong><span style=\"color:#000000\"><span style=\"font-family:Times New Roman,Times,serif\">C&aacute;ch lấy lại facebook bị hack đơn giản</span></span></strong></span></h3>\r\n\r\n<p dir=\"ltr\" style=\"text-align:justify\"><span style=\"color:#000000\"><span style=\"font-size:16px\"><span style=\"font-family:Times New Roman,Times,serif\">V&agrave; lần lượt bạn nhập email hoặc số điện thoại đ&atilde; đăng k&yacute; facebook v&agrave; nhấn v&agrave;o thanh t&igrave;m kiếm ngay b&ecirc;n dưới. Với kết quả t&igrave;m kiếm t&agrave;i khoản của c&aacute; nh&acirc;n, th&igrave; click v&agrave;o k&yacute; tự No longer have access to these, nghĩa l&agrave; t&agrave;i khoản bạn kh&ocirc;ng c&ograve;n truy cập được nữa. </span></span></span></p>\r\n\r\n<p dir=\"ltr\" style=\"text-align:justify\"><span style=\"color:#000000\"><span style=\"font-size:16px\"><span style=\"font-family:Times New Roman,Times,serif\">V&agrave; c&agrave;ng kh&oacute; khăn cho bạn n&agrave;o qu&ecirc;n mất email đăng k&yacute; lấy lại t&agrave;i khoản facebook sẽ chắc chắn reset lại mật khoản l&agrave; kh&ocirc;ng thể thực hiện.</span></span></span></p>\r\n\r\n<p dir=\"ltr\" style=\"text-align:justify\"><span style=\"color:#000000\"><span style=\"font-size:16px\"><span style=\"font-family:Times New Roman,Times,serif\">Bước tiếp theo, bạn cần nhấn v&agrave;o &ocirc; hiển thị với nội dung t&ocirc;i kh&ocirc;ng thể truy cập email&nbsp;ngay dưới hộp hội thoại thử quyền truy cập email.</span></span></span></p>\r\n\r\n<p dir=\"ltr\" style=\"text-align:justify\"><span style=\"color:#000000\"><span style=\"font-size:16px\"><span style=\"font-family:Times New Roman,Times,serif\">Bạn chỉ cần nhập email mới v&agrave; chưa đăng k&yacute; t&agrave;i khoản facebook n&agrave;o th&igrave; l&agrave; hợp lệ, sau đ&oacute; điền đầy đủ th&ocirc;ng tin như họ t&ecirc;n v&agrave; link dẫn tới t&agrave;i khoản của bạn l&agrave; c&aacute;ch <strong>hướng dẫn lấy lại t&agrave;i khoản facebook bị hack</strong> nhanh v&agrave; hiệu quả.</span></span></span></p>\r\n\r\n<h3 dir=\"ltr\" style=\"text-align:justify\"><span style=\"font-size:18px\"><strong><span style=\"color:#000000\"><span style=\"font-family:Times New Roman,Times,serif\">Ph&ograve;ng ngừa như thế n&agrave;o cho t&agrave;i khoản lu&ocirc;n an to&agrave;n</span></span></strong></span></h3>\r\n\r\n<p dir=\"ltr\" style=\"text-align:justify\"><span style=\"color:#000000\"><span style=\"font-size:16px\"><span style=\"font-family:Times New Roman,Times,serif\">Để lu&ocirc;n an to&agrave;n trong qu&aacute; tr&igrave;nh d&ugrave;ng facebook bạn cần kh&ocirc;ng n&ecirc;n link v&agrave;o những trang mạng lạ, v&igrave; c&oacute; thể đ&acirc;y sẽ l&agrave; địa chỉ tiềm ẩn virus v&agrave; hack t&agrave;i khoản của bạn v&agrave; n&ecirc;n thiết lập bảo vệ hai lớp để lu&ocirc;n c&oacute; <strong>c&aacute;ch lấy lại facebook bị hack.</strong></span></span></span></p>\r\n\r\n<p dir=\"ltr\" style=\"text-align:justify\"><span style=\"color:#000000\"><span style=\"font-size:16px\"><span style=\"font-family:Times New Roman,Times,serif\">Khi c&oacute; hacker x&acirc;m phạm th&igrave; facebook sẽ b&aacute;o ngay qua số điện thoại hay email của bạn, v&agrave; phải nhận được sự đồng &yacute; chấp thuận c&ograve;n kh&ocirc;ng th&igrave; v&ocirc; dụng dủ l&agrave; hacker c&oacute; cao tay ra sao.</span></span></span></p>\r\n\r\n<p dir=\"ltr\" style=\"text-align:center\"><span style=\"color:#000000\"><span style=\"font-size:16px\"><span style=\"font-family:Times New Roman,Times,serif\"><img alt=\"hướng dẫn lấy lại tài khoản facebook bị hack\" height=\"400\" src=\"/image/images/lay-lai-fanpage-bi-hack.jpg\" width=\"600\" /></span></span></span></p>\r\n\r\n<p dir=\"ltr\" style=\"text-align:center\"><span style=\"color:#000000\"><span style=\"font-size:16px\"><span style=\"font-family:Times New Roman,Times,serif\"><em>C&aacute;ch lấy lại facebook bị hack</em></span></span></span></p>\r\n\r\n<h2 dir=\"ltr\" style=\"text-align:justify\"><span style=\"color:#c0392b\"><span style=\"font-size:20px\"><strong><span style=\"font-family:Times New Roman,Times,serif\">C&Aacute;CH LẤY LẠI FANPAGE T&Agrave;I KHOẢN FACEBOOK BỊ HACK</span></strong></span></span></h2>\r\n\r\n<p dir=\"ltr\" style=\"text-align:justify\"><span style=\"font-size:16px\"><span style=\"color:#000000\"><span style=\"font-family:Times New Roman,Times,serif\">Đối với t&agrave;i khoản facebook c&oacute; lượng follow cao th&igrave; <strong>lấy lại fanpage bị hack</strong> k</span></span></span><span style=\"color:#000000\"><span style=\"font-size:16px\"><span style=\"font-family:Times New Roman,Times,serif\">hi xảy ra t&igrave;nh trạng bị hack t&agrave;i khoản v&agrave; muốn <strong>lấy lại fanpage bị hack</strong> bạn cần phải b&igrave;nh tĩnh đọc kỹ c&aacute;c th&ocirc;ng tin tr&ecirc;n hộp th&ocirc;ng b&aacute;o sự cố v&agrave; dựa v&agrave;o từng vấn đề v&agrave; ch&iacute;nh s&aacute;ch của facebook sẽ c&oacute; c&aacute;ch giải quyết hợp l&yacute;. </span></span></span></p>\r\n\r\n<p dir=\"ltr\" style=\"text-align:justify\"><span style=\"color:#000000\"><span style=\"font-size:16px\"><span style=\"font-family:Times New Roman,Times,serif\">Nếu đ&atilde; x&aacute;c nhận ch&iacute;nh x&aacute;c t&agrave;i khoản bạn bị hack th&igrave; thực hiện c&aacute;c bước sau:</span></span></span></p>\r\n\r\n<h3 dir=\"ltr\" style=\"text-align:justify\"><span style=\"font-size:18px\"><strong><span style=\"color:#000000\"><span style=\"font-family:Times New Roman,Times,serif\">Hướng dẫn lấy lại t&agrave;i khoản facebook bị hack</span></span></strong></span></h3>\r\n\r\n<p dir=\"ltr\" style=\"text-align:justify\"><span style=\"color:#000000\"><span style=\"font-size:16px\"><span style=\"font-family:Times New Roman,Times,serif\"><strong>Hướng dẫn lấy lại t&agrave;i khoản facebook bị hack</strong> bằng việc v&agrave;o link ch&iacute;nh của facebook&nbsp;v&agrave;o nh&aacute;nh hacked, nếu hacker đ&atilde; thay đổi bạn sẽ nhận được th&ocirc;ng b&aacute;o về t&agrave;i khoản bảo mật của bạn. C&oacute; thể thư sẽ tới v&agrave;o v&agrave;o hộp Spam n&ecirc;n bạn ch&uacute; &yacute; kiểm tra kỹ c&aacute;c hộp thư, tr&aacute;nh bỏ s&oacute;t nh&eacute;!</span></span></span></p>\r\n\r\n<h3 dir=\"ltr\" style=\"text-align:justify\"><span style=\"font-size:18px\"><strong><span style=\"color:#000000\"><span style=\"font-family:Times New Roman,Times,serif\">Trường hợp vẫn kh&ocirc;ng lấy lại fanpage bị hack th&igrave; l&agrave;m thế n&agrave;o</span></span></strong></span></h3>\r\n\r\n<p dir=\"ltr\" style=\"text-align:justify\"><span style=\"font-size:16px\"><span style=\"font-family:Times New Roman,Times,serif\"><span style=\"color:#000000\">Trường hợp kh&ocirc;ng <strong>lấy lại fanpage bị hack</strong> chỉ c&ograve;n c&aacute;ch bạn hay truy cập v&agrave;o trang li&ecirc;n kết facebook nhờ trợ gi&uacute;p từ trang n&agrave;y. https://www.facebook.com/business/contact-us chọn phần pages để gửi những th&ocirc;ng tin li&ecirc;n quan tới việc t&agrave;i khoản bị đ&aacute;nh cấp v&agrave; <strong>lấy lại fanpage bị hack</strong>.</span></span></span></p>\r\n\r\n<p dir=\"ltr\" style=\"text-align:center\"><span style=\"font-size:16px\"><span style=\"font-family:Times New Roman,Times,serif\"><span style=\"color:#000000\"><img alt=\"lấy lại fanpage bị hack\" height=\"350\" src=\"/image/images/huong-dan-lay-lai-tai-khoan-facebook-bi-hack-don-gian.png\" width=\"600\" /></span></span></span></p>\r\n\r\n<p dir=\"ltr\" style=\"text-align:center\"><em><span style=\"color:#000000\"><span style=\"font-size:16px\"><span style=\"font-family:Times New Roman,Times,serif\">Hướng dẫn lấy lại t&agrave;i khoản facebook bị hack</span></span></span></em></p>\r\n\r\n<h3 dir=\"ltr\" style=\"text-align:justify\"><span style=\"font-size:18px\"><strong><span style=\"color:#000000\"><span style=\"font-family:Times New Roman,Times,serif\">Thời gian bạn nhận được kết quả hướng dẫn lấy lại t&agrave;i khoản facebook bị hack l&agrave; bao l&acirc;u</span></span></strong></span></h3>\r\n\r\n<p dir=\"ltr\" style=\"text-align:justify\"><span style=\"color:#000000\"><span style=\"font-size:16px\"><span style=\"font-family:Times New Roman,Times,serif\">Trong v&ograve;ng 1 ng&agrave;y đến 3 ng&agrave;y l&agrave;m việc, nếu chưa nhận được th&ocirc;ng b&aacute;o th&igrave; h&atilde;y thực hiện c&aacute;c bước tr&ecirc;n lại, l&yacute; do c&aacute;c nh&agrave; quản trị c&oacute; thể bị tr&ocirc;i b&agrave;i v&agrave; họ sẽ c&oacute; c&aacute;ch gi&uacute;p bạn hiệu quả nhất.</span></span></span></p>\r\n\r\n<p dir=\"ltr\" style=\"text-align:justify\"><span style=\"color:#000000\"><span style=\"font-size:16px\"><span style=\"font-family:Times New Roman,Times,serif\">Tr&ecirc;n đ&acirc;y l&agrave; một v&agrave;i <strong>hướng dẫn lấy lại t&agrave;i khoản facebook bị hack</strong> m&agrave; ch&uacute;ng t&ocirc;i mong muốn gửi tới bạn đọc. Hy vọng với những chia sẻ của ch&uacute;ng t&ocirc;i, bạn c&oacute; thể tự m&igrave;nh bảo vệ lấy lại th&ocirc;ng tin c&aacute; nh&acirc;n trước sự x&acirc;m nhập tr&aacute;i ph&eacute;p kh&ocirc;ng đ&aacute;ng c&oacute;.</span></span></span></p>\r\n', '', '', '', '', '', 0, 'en-huong-dan-cach-lay-lai-tai-khoan-facebook-bi-hack', '[HƯỚNG DẪN] Cách lấy lại tài khoản facebook bị hack đơn giản hiệu quả', 'Facebook của bạn bị hack? Làm sao để lấy lại tài khoản? Hướng dẫn lấy lại tài khoản facebook bị hack của chúng tôi dưới đây sẽ giúp bạn giải quyết khó khăn này.', 'cách lấy lại facebook bị hack, lấy lại fanpage bị hack, hướng dẫn lấy lại tài khoản facebook bị hack, cach lay lại facebook bi hack, lay lai fanpage bi hack, huong dan lay lai tai khoan facebook bi hack');
INSERT INTO `news_languages` (`id`, `news_id`, `languages_code`, `lang_news_name`, `lang_news_des`, `lang_news_content`, `lang_news_sub_info1`, `lang_news_sub_info2`, `lang_news_sub_info3`, `lang_news_sub_info4`, `lang_news_sub_info5`, `edit_state`, `friendly_url`, `title_seo`, `des_seo`, `keyword`) VALUES
(7, 4, 'vn', 'Những phương thức quản trị fanpage hiệu quả hiện nay', 'Bạn là một nhà bán hàng? Bạn có một trang fanpage, bạn không có kỹ năng cũng như không có thời gian để quản trị fanpage hiệu quả, đừng quá lo lắng, bởi công việc này quá đơn giản, hãy đọc bài viết mà chúng tôi chia sẻ dưới đây.', '<p dir=\"ltr\" style=\"text-align:justify\"><span style=\"color:#000000\"><span style=\"font-size:16px\"><span style=\"font-family:Times New Roman,Times,serif\"><strong>Quản trị fanpage hiệu quả </strong>đang l&agrave; một trang được tạo ra từ trang facebook c&aacute; nh&acirc;n hoặc trang facebook của doanh nghiệp, hoặc nh&agrave; b&aacute;n h&agrave;ng sử dụng.</span></span></span></p>\r\n\r\n<p dir=\"ltr\" style=\"text-align:justify\"><span style=\"color:#000000\"><span style=\"font-size:16px\"><span style=\"font-family:Times New Roman,Times,serif\">Fanpage thường l&agrave; nơi để c&aacute;c tổ chức, c&aacute; nh&acirc;n chia sẻ những th&ocirc;ng tin với c&ocirc;ng ch&uacute;ng, nhằm mục đ&iacute;ch quảng b&aacute; cho một vấn đề, một sản phẩm n&agrave;o đ&oacute;.</span></span></span></p>\r\n\r\n<h2 dir=\"ltr\" style=\"text-align:justify\"><span style=\"color:#c0392b\"><span style=\"font-size:20px\"><strong><span style=\"font-family:Times New Roman,Times,serif\">Tầm ảnh hưởng của quản trị fanpage hiệu quả đối với người sử dụng</span></strong></span></span></h2>\r\n\r\n<p dir=\"ltr\" style=\"text-align:justify\"><span style=\"color:#000000\"><span style=\"font-size:16px\"><span style=\"font-family:Times New Roman,Times,serif\">Đối với một số người kh&ocirc;ng chuy&ecirc;n, việc tạo fanpage v&agrave; <strong>quản trị fanpage hiệu quả</strong> c&oacute; thể hơi phức tạp v&agrave; tốn k&eacute;m nhiều thời gian v&agrave; c&ocirc;ng sức, thậm ch&iacute; hiệu quả cũng kh&ocirc;ng cao. </span></span></span></p>\r\n\r\n<p dir=\"ltr\" style=\"text-align:justify\"><span style=\"color:#000000\"><span style=\"font-size:16px\"><span style=\"font-family:Times New Roman,Times,serif\">Nếu bạn l&agrave; một nh&agrave; kinh doanh, đừng bỏ qua một thị trường tiềm năng với những kh&aacute;ch h&agrave;ng tiềm năng tại những fanpage, nếu bạn chưa biết c&aacute;ch khai th&aacute;c lợi &iacute;ch từ việc quảng b&aacute; sản phẩm qua fanpage.</span></span></span></p>\r\n\r\n<p dir=\"ltr\" style=\"text-align:justify\"><span style=\"color:#000000\"><span style=\"font-size:16px\"><span style=\"font-family:Times New Roman,Times,serif\">Đừng ngại bỏ ra một khoản chi ph&iacute; thu&ecirc; nh&agrave;<strong> quản trị fanpage hiệu quả,</strong> bạn sẽ thu được khoản lợi nhuận lớn hơn rất nhiều lần chi ph&iacute; bỏ ra.</span></span></span></p>\r\n\r\n<p dir=\"ltr\" style=\"text-align:center\"><span style=\"color:#000000\"><span style=\"font-size:16px\"><span style=\"font-family:Times New Roman,Times,serif\"><img alt=\"quản trị fanpage hiệu quả \" height=\"400\" src=\"/image/images/cach-quan-tri-fanpage-hieu-qua.jpg\" width=\"600\" /></span></span></span></p>\r\n\r\n<p dir=\"ltr\" style=\"text-align:center\"><em><span style=\"color:#000000\"><span style=\"font-size:16px\"><span style=\"font-family:Times New Roman,Times,serif\">Mạng lưới quản trị fanpage hiệu quả</span></span></span></em></p>\r\n\r\n<p dir=\"ltr\" style=\"text-align:justify\"><span style=\"color:#16a085\"><span style=\"font-size:36px\"><strong><span style=\"font-family:Times New Roman,Times,serif\">|</span></strong></span></span><em><span style=\"color:#000000\"><span style=\"font-size:14px\"><span style=\"font-family:Times New Roman,Times,serif\">&quot; Dịch vụ chăm s&oacute;c quản l&yacute; fanpage l&agrave; g&igrave;? C&aacute;ch quản l&yacute; fanpage như thế n&agrave;o? Bạn h&atilde;y tham khảo b&agrave;i viết </span></span></span><span style=\"font-size:14px\"><span style=\"font-family:Times New Roman,Times,serif\"><a href=\"https://www.kinhdoanhinternet.com.vn/dich-vu-cham-soc-quan-ly-fanpage\"><span style=\"color:#8e44ad\"><strong>dịch vụ chăm s&oacute;c fanpage</strong></span></a></span></span><span style=\"color:#000000\"><span style=\"font-size:14px\"><span style=\"font-family:Times New Roman,Times,serif\"> n&agrave;y nh&eacute;.&quot;</span></span></span></em></p>\r\n\r\n<h2 dir=\"ltr\" style=\"text-align:justify\"><span style=\"color:#c0392b\"><span style=\"font-size:20px\"><strong><span style=\"font-family:Times New Roman,Times,serif\">Quản trị fanpage hiệu quả sẽ mang lại lợi &iacute;ch như thế n&agrave;o</span></strong></span></span></h2>\r\n\r\n<p dir=\"ltr\" style=\"text-align:justify\"><span style=\"color:#000000\"><span style=\"font-size:16px\"><span style=\"font-family:Times New Roman,Times,serif\">Nếu bạn c&oacute; sử dụng facebook, c&oacute; thể bạn đ&atilde; kh&ocirc;ng &iacute;t lần bắt gặp những fanpage của những tổ chức x&atilde; hội, c&oacute; thể bạn cũng phần n&agrave;o hiểu được &yacute; nghĩa của những trang fanpage đ&oacute;, nếu bạn <strong>quản trị fanpage hiệu quả </strong>bạn sẽ đạt được những lợi &iacute;ch như sau:</span></span></span></p>\r\n\r\n<h3 dir=\"ltr\"><span style=\"font-size:18px\"><strong><span style=\"color:#000000\"><span style=\"font-family:Times New Roman,Times,serif\">Quản trị fanpage hiệu quả đối với nh&agrave; marketing</span></span></strong></span></h3>\r\n\r\n<p dir=\"ltr\"><span style=\"color:#000000\"><span style=\"font-size:16px\"><span style=\"font-family:Times New Roman,Times,serif\">Fanpage l&agrave; c&ocirc;ng cụ để quảng b&aacute; cho sản phẩm, n&acirc;ng tầm thương hiệu m&agrave; họ đang cung cấp. Với fanpage, người b&aacute;n h&agrave;ng kh&ocirc;ng cần mất nhiều chi ph&iacute; nhưng vẫn c&oacute; thể quảng b&aacute; tốt cho sản phẩm, chỉ cần kh&aacute;ch h&agrave;ng của họ c&oacute; khả năng tương t&aacute;c tr&ecirc;n facebook.</span></span></span></p>\r\n\r\n<p dir=\"ltr\"><span style=\"color:#000000\"><span style=\"font-size:16px\"><span style=\"font-family:Times New Roman,Times,serif\">Ch&iacute;nh v&igrave; vậy <strong>quản trị fanpage hiệu quả </strong>sẽ mang lại những lợi &iacute;ch nhất định với chiến lược kinh doanh cũng như quảng b&aacute; sản phẩm đển người ti&ecirc;u d&ugrave;ng 1 c&aacute;ch tốt nhất..</span></span></span></p>\r\n\r\n<p dir=\"ltr\" style=\"text-align:center\"><span style=\"color:#000000\"><span style=\"font-size:16px\"><span style=\"font-family:Times New Roman,Times,serif\"><img alt=\"quản trị fanpage hiệu quả \" height=\"400\" src=\"/image/images/huong-dan-quan-tri-fanpage-hieu-qua.jpg\" width=\"600\" /></span></span></span></p>\r\n\r\n<p dir=\"ltr\" style=\"text-align:center\"><em><span style=\"color:#000000\"><span style=\"font-size:16px\"><span style=\"font-family:Times New Roman,Times,serif\">Quản trị fanpage hiệu quả nhất</span></span></span></em></p>\r\n\r\n<p dir=\"ltr\" style=\"text-align:justify\"><span style=\"color:#16a085\"><span style=\"font-size:36px\"><strong><span style=\"font-family:Times New Roman,Times,serif\">|</span></strong></span></span><em><span style=\"color:#000000\"><span style=\"font-size:14px\"><span style=\"font-family:Times New Roman,Times,serif\">&quot; T&igrave;m hiểu th&ecirc;m b&agrave;i viết </span></span></span><span style=\"font-size:14px\"><span style=\"font-family:Times New Roman,Times,serif\"><a href=\"https://www.kinhdoanhinternet.com.vn/huong-dan-cach-lay-lai-tai-khoan-facebook-bi-hack\"><span style=\"color:#8e44ad\"><strong>C&aacute;ch lấy lại facebook bị hack</strong></span></a></span></span><span style=\"color:#000000\"><span style=\"font-size:14px\"><span style=\"font-family:Times New Roman,Times,serif\"> đơn giản nhất n&agrave;y nh&eacute;.&quot;</span></span></span></em></p>\r\n\r\n<h3 dir=\"ltr\"><span style=\"font-size:18px\"><strong><span style=\"color:#000000\"><span style=\"font-family:Times New Roman,Times,serif\">Quản trị fanpage hiệu quả d&agrave;nh cho c&aacute;c tư nh&acirc;n, doanh nghiệp</span></span></strong></span></h3>\r\n\r\n<p dir=\"ltr\"><span style=\"color:#000000\"><span style=\"font-size:16px\"><span style=\"font-family:Times New Roman,Times,serif\">Fanpage c&ograve;n được d&ugrave;ng cho những website đại diện của một tổ chức x&atilde; hội như bệnh viện, trường học, doanh nghiệp&hellip; </span></span></span></p>\r\n\r\n<p dir=\"ltr\"><span style=\"color:#000000\"><span style=\"font-size:16px\"><span style=\"font-family:Times New Roman,Times,serif\">Tại đ&acirc;y người <strong>quản trị fanpage hiệu quả</strong> c&oacute; thể đăng tải những th&ocirc;ng tin về hội nh&oacute;m, gi&uacute;p những người trong nh&oacute;m cập nhật th&ocirc;ng tin một c&aacute;ch nhanh nhất, bởi hầu hết đều c&oacute; facebook, v&agrave; thường xuy&ecirc;n cập nhật th&ocirc;ng tin qua facebook.</span></span></span></p>\r\n\r\n<p dir=\"ltr\" style=\"text-align:justify\"><span style=\"color:#000000\"><span style=\"font-size:16px\"><span style=\"font-family:Times New Roman,Times,serif\">Trong x&atilde; hội hiện đại, chỉ cần với một chiếc điện thoại th&ocirc;ng minh, c&oacute; kết nối internet, bạn c&oacute; thể kết nối với mọi người tại bất cứ đ&acirc;y, t&igrave;m kiếm bất cứ th&ocirc;ng tin n&agrave;o. </span></span></span></p>\r\n\r\n<p dir=\"ltr\" style=\"text-align:justify\"><span style=\"color:#000000\"><span style=\"font-size:16px\"><span style=\"font-family:Times New Roman,Times,serif\">Ch&iacute;nh v&igrave; t&iacute;nh ứng dụng cao như vậy, fanpage thậm ch&iacute; c&ograve;n trở th&agrave;nh k&ecirc;nh quảng b&aacute;, truyền th&ocirc;ng sản phẩm ưu việt hơn rất nhiều c&aacute;c phương tiện truyền th&ocirc;ng kh&aacute;c. </span></span></span></p>\r\n\r\n<p dir=\"ltr\" style=\"text-align:justify\"><span style=\"color:#000000\"><span style=\"font-size:16px\"><span style=\"font-family:Times New Roman,Times,serif\">Để fanpage của bạn mang tới lợi nhuận tốt cho bạn, việc bạn cần l&agrave;m l&agrave; chọn một phương thức <strong>quản trị fanpage hiệu quả</strong>.</span></span></span></p>\r\n\r\n<p dir=\"ltr\" style=\"text-align:center\"><span style=\"color:#000000\"><span style=\"font-size:16px\"><span style=\"font-family:Times New Roman,Times,serif\"><img alt=\"quản trị fanpage hiệu quả \" height=\"400\" src=\"/image/images/quan-tri-fanpage-hieu-qua.jpg\" width=\"600\" /></span></span></span></p>\r\n\r\n<p dir=\"ltr\" style=\"text-align:center\"><em><span style=\"color:#000000\"><span style=\"font-size:16px\"><span style=\"font-family:Times New Roman,Times,serif\">Nhưng phương ph&aacute;p quản trị fanpage hiệu quả nhất</span></span></span></em></p>\r\n\r\n<h2 dir=\"ltr\" style=\"text-align:justify\"><span style=\"color:#c0392b\"><span style=\"font-size:20px\"><strong><span style=\"font-family:Times New Roman,Times,serif\">Những phương thức quản trị fanpage hiệu quả</span></strong></span></span></h2>\r\n\r\n<p dir=\"ltr\" style=\"text-align:justify\"><span style=\"color:#000000\"><span style=\"font-size:16px\"><span style=\"font-family:Times New Roman,Times,serif\"><strong>Quản trị fanpage hiệu quả</strong> l&agrave; thường xuy&ecirc;n tương t&aacute;c tr&ecirc;n facebook, đăng những b&agrave;i viết c&oacute; t&iacute;nh thu h&uacute;t v&agrave; đạt được lượt theo d&otilde;i của cộng đồng mạng, cũng như mang về những lợi &iacute;ch cho nh&agrave; kinh doanh</span></span></span></p>\r\n\r\n<p dir=\"ltr\" style=\"text-align:justify\"><span style=\"color:#000000\"><span style=\"font-size:16px\"><span style=\"font-family:Times New Roman,Times,serif\">Việc quảng b&aacute; tr&ecirc;n fanpage cũng giống như bạn xem quảng c&aacute;o tr&ecirc;n tivi vậy, tuy nhi&ecirc;n những quảng c&aacute;o tr&ecirc;n tivi được bi&ecirc;n tập tỉ mỉ, v&agrave; được d&agrave;n dựng rất kỹ, ngo&agrave;i ra c&ograve;n c&oacute; sự tham gia của những nghệ sỹ nổi tiếng n&ecirc;n hiệu quả rất cao. </span></span></span></p>\r\n\r\n<p dir=\"ltr\" style=\"text-align:justify\"><span style=\"color:#000000\"><span style=\"font-size:16px\"><span style=\"font-family:Times New Roman,Times,serif\">C&ograve;n đối với quảng c&aacute;o tr&ecirc;n facebook, nếu bạn kh&ocirc;ng biết c&aacute;ch viết b&agrave;i, b&agrave;i viết của bạn kh&ocirc;ng thu h&uacute;t, th&igrave; b&agrave;i viết của bạn d&ugrave; c&oacute; nhiều đến đ&acirc;u cũng như muối bỏ bể.</span></span></span></p>\r\n\r\n<p dir=\"ltr\" style=\"text-align:justify\"><span style=\"color:#000000\"><span style=\"font-size:16px\"><span style=\"font-family:Times New Roman,Times,serif\">B&ecirc;n cạnh để bảo vệ th&ocirc;ng tin của người sử dụng facebook, nh&agrave; quản trị facebook ng&agrave;y c&agrave;ng c&oacute; những quy định ngặt ngh&egrave;o trong việc đăng v&agrave; chia sẻ th&ocirc;ng tin. </span></span></span></p>\r\n\r\n<p dir=\"ltr\" style=\"text-align:justify\"><span style=\"color:#000000\"><span style=\"font-size:16px\"><span style=\"font-family:Times New Roman,Times,serif\">Điều n&agrave;y c&oacute; thể khiến cho hoạt động của fanpage bị đ&igrave;nh trệ, khiến chủ fanpage v&ocirc; c&ugrave;ng đau đầu. </span></span></span></p>\r\n\r\n<p dir=\"ltr\" style=\"text-align:center\"><span style=\"color:#000000\"><span style=\"font-size:16px\"><span style=\"font-family:Times New Roman,Times,serif\"><img alt=\"quản trị fanpage hiệu quả \" height=\"350\" src=\"/image/images/quan-tri-fanpage-hieu-qua-nhat.jpg\" width=\"600\" /></span></span></span></p>\r\n\r\n<p dir=\"ltr\" style=\"text-align:center\"><em><span style=\"color:#000000\"><span style=\"font-size:16px\"><span style=\"font-family:Times New Roman,Times,serif\">Phương ph&aacute;p quản trị fanpage hiệu quả nhất</span></span></span></em></p>\r\n\r\n<p dir=\"ltr\" style=\"text-align:justify\"><span style=\"color:#16a085\"><span style=\"font-size:36px\"><strong><span style=\"font-family:Times New Roman,Times,serif\">|</span></strong></span></span><em><span style=\"color:#000000\"><span style=\"font-size:14px\"><span style=\"font-family:Times New Roman,Times,serif\">&quot;C&aacute;c xu hướng facebook marketing hiện nay bao gồm những xu hướng n&agrave;o? Bạn h&atilde;y tham khảo th&ecirc;m b&agrave;i viết những </span></span></span><span style=\"font-size:14px\"><span style=\"font-family:Times New Roman,Times,serif\"><strong><a href=\"https://www.kinhdoanhinternet.com.vn/nhung-xu-huong-facebook-marketing-hien-nay\"><span style=\"color:#8e44ad\">xu hướng facebook marketing</span></a></strong></span><span style=\"color:#000000\"><span style=\"font-family:Times New Roman,Times,serif\"> năm 2019 nh&eacute;.&quot;</span></span></span></em></p>\r\n\r\n<p dir=\"ltr\" style=\"text-align:justify\"><span style=\"color:#000000\"><span style=\"font-size:16px\"><span style=\"font-family:Times New Roman,Times,serif\">H&atilde;y c&ugrave;ng ch&uacute;ng t&ocirc;i t&igrave;m hiểu về những phương thức <strong>quản trị fanpage hiệu quả</strong>:</span></span></span></p>\r\n\r\n<h3 dir=\"ltr\" style=\"text-align:justify\"><span style=\"font-size:18px\"><strong><span style=\"color:#000000\"><span style=\"font-family:Times New Roman,Times,serif\">Quản trị fanpage hiệu quả đi s&acirc;u về nội dung v&agrave; chất lượng</span></span></strong></span></h3>\r\n\r\n<p dir=\"ltr\" style=\"text-align:justify\"><span style=\"color:#000000\"><span style=\"font-size:16px\"><span style=\"font-family:Times New Roman,Times,serif\">Nh&agrave; <strong>quản trị fanpage hiệu quả</strong> kh&ocirc;ng n&ecirc;n quan t&acirc;m đến số lượng b&agrave;i viết qu&aacute; nhiều, điều bạn n&ecirc;n quan t&acirc;m l&agrave; chất lượng b&agrave;i viết, h&atilde;y post những b&agrave;i viết c&oacute; t&iacute;nh đầu tư về nội dung chất lượng, đ&oacute; c&oacute; thể l&agrave; những b&agrave;i viết chia sẻ về những kỹ năng trong cuộc sống.</span></span></span></p>\r\n\r\n<p dir=\"ltr\" style=\"text-align:justify\"><span style=\"color:#000000\"><span style=\"font-size:16px\"><span style=\"font-family:Times New Roman,Times,serif\">Nếu bạn l&agrave; một người c&oacute; kiến thức, được cộng đồng mạng tin tưởng th&igrave; những sản phẩm bạn b&aacute;n mới được quan t&acirc;m nhiều.</span></span></span></p>\r\n\r\n<h3 dir=\"ltr\" style=\"text-align:justify\"><span style=\"font-size:18px\"><strong><span style=\"color:#000000\"><span style=\"font-family:Times New Roman,Times,serif\">Quản trị fanpage hiệu quả nhấn mạnh phần h&igrave;nh ảnh</span></span></strong></span></h3>\r\n\r\n<p dir=\"ltr\" style=\"text-align:justify\"><span style=\"color:#000000\"><span style=\"font-size:16px\"><span style=\"font-family:Times New Roman,Times,serif\">Với kiểu <strong>quản trị fanpage hiệu quả</strong> như thế n&agrave;y bạn n&ecirc;n post những b&agrave;i viết thi&ecirc;n về phần h&igrave;nh ảnh nhiều hơn, chọn lọc những h&igrave;nh ảnh c&oacute; khả năng thu h&uacute;t v&agrave; tạo sự th&iacute;ch th&uacute; cho người d&ugrave;ng facebook, đ&ocirc;i khi bạn c&oacute; thể sử dụng những h&igrave;nh ảnh h&agrave;i hước cũng rất c&oacute; hiệu quả.&nbsp;</span></span></span></p>\r\n\r\n<p dir=\"ltr\" style=\"text-align:center\"><img alt=\"quản trị fanpage hiệu quả \" height=\"400\" src=\"/image/images/quan-tri-fanpage-hieu-qua-hien-nay.jpg\" width=\"556\" /></p>\r\n\r\n<p dir=\"ltr\" style=\"text-align:center\"><em><span style=\"color:#000000\"><span style=\"font-size:16px\"><span style=\"font-family:Times New Roman,Times,serif\">Hướng dẫn c&aacute;ch quản trị fanpage hiệu quả</span></span></span></em></p>\r\n\r\n<h3 dir=\"ltr\" style=\"text-align:justify\"><span style=\"font-size:18px\"><strong><span style=\"color:#000000\"><span style=\"font-family:Times New Roman,Times,serif\">Quản trị fanpage hiệu quả cập nhật những th&ocirc;ng tin HOT</span></span></strong></span></h3>\r\n\r\n<p dir=\"ltr\" style=\"text-align:justify\"><span style=\"color:#000000\"><span style=\"font-size:16px\"><span style=\"font-family:Times New Roman,Times,serif\">Fanpage sẽ thường xuy&ecirc;n chia sẻ những xu hướng thời trang mới nhất chẳng hạn, những sản phẩm thời trang được người nổi tiếng tin d&ugrave;ng,&hellip;</span></span></span></p>\r\n\r\n<p dir=\"ltr\" style=\"text-align:justify\"><span style=\"color:#000000\"><span style=\"font-size:16px\"><span style=\"font-family:Times New Roman,Times,serif\">Với việc cung cấp những th&ocirc;ng tin như vậy, những sản phẩm của bạn c&oacute; thể l&agrave; những sản phẩm m&agrave; bạn chia sẻ trong b&agrave;i viết hoặc c&oacute; li&ecirc;n quan với b&agrave;i viết.</span></span></span></p>\r\n\r\n<p dir=\"ltr\" style=\"text-align:justify\"><span style=\"color:#000000\"><span style=\"font-size:16px\"><span style=\"font-family:Times New Roman,Times,serif\"><strong>Quản trị fanpage hiệu quả</strong> tập trung quảng b&aacute; cho sản phẩm v&agrave; chỉ quảng b&aacute; cho sản phẩm, thương hiệu của nh&agrave; cung cấp</span></span></span></p>\r\n\r\n<p dir=\"ltr\" style=\"text-align:justify\"><span style=\"color:#000000\"><span style=\"font-size:16px\"><span style=\"font-family:Times New Roman,Times,serif\">T&ugrave;y v&agrave;o từng ho&agrave;n cảnh, từng lĩnh vực m&agrave; bạn kinh doanh để bạn lựa chọn phương thức quản trị fanpage ph&ugrave; hợp, để đảm bảo<strong> quản trị fanpage hiệu quả </strong>h&atilde;y giao ph&oacute; c&ocirc;ng việc đ&oacute; cho một nh&agrave; quản trị mạng tin cậy</span></span></span></p>\r\n', '', '', '', '', '', 0, 'nhung-phuong-thuc-quan-tri-fanpage-hieu-qua-hien-nay', '[TÌM HIỂU] Những phương thức quản trị fanpage hiệu quả hiện nay', 'Quản trị fanpage hiệu quả như thế nào? Bạn vẫn đang đi tìm những cách để quản trị fanpage hiệu quả. Hãy cùng Ánh Dương tìm hiểu qua nhưng phương thức dưới đây nhé.', 'quản trị fanpage hiệu quả, quan tri fanpage hieu qua'),
(8, 4, 'en', 'english version Những phương thức quản trị fanpage hiệu quả hiện nay', 'english version Bạn là một nhà bán hàng? Bạn có một trang fanpage, bạn không có kỹ năng cũng như không có thời gian để quản trị fanpage hiệu quả, đừng quá lo lắng, bởi công việc này quá đơn giản, hãy đọc bài viết mà chúng tôi chia sẻ dưới đây.', 'english version <p dir=\"ltr\" style=\"text-align:justify\"><span style=\"color:#000000\"><span style=\"font-size:16px\"><span style=\"font-family:Times New Roman,Times,serif\"><strong>Quản trị fanpage hiệu quả </strong>đang l&agrave; một trang được tạo ra từ trang facebook c&aacute; nh&acirc;n hoặc trang facebook của doanh nghiệp, hoặc nh&agrave; b&aacute;n h&agrave;ng sử dụng.</span></span></span></p>\r\n\r\n<p dir=\"ltr\" style=\"text-align:justify\"><span style=\"color:#000000\"><span style=\"font-size:16px\"><span style=\"font-family:Times New Roman,Times,serif\">Fanpage thường l&agrave; nơi để c&aacute;c tổ chức, c&aacute; nh&acirc;n chia sẻ những th&ocirc;ng tin với c&ocirc;ng ch&uacute;ng, nhằm mục đ&iacute;ch quảng b&aacute; cho một vấn đề, một sản phẩm n&agrave;o đ&oacute;.</span></span></span></p>\r\n\r\n<h2 dir=\"ltr\" style=\"text-align:justify\"><span style=\"color:#c0392b\"><span style=\"font-size:20px\"><strong><span style=\"font-family:Times New Roman,Times,serif\">TẦM ẢNH HƯỞNG CỦA QUẢN TRỊ FANPAGE HIỆU ĐỐI VỚI NGƯỜI SỬ DỤNG</span></strong></span></span></h2>\r\n\r\n<p dir=\"ltr\" style=\"text-align:justify\"><span style=\"color:#000000\"><span style=\"font-size:16px\"><span style=\"font-family:Times New Roman,Times,serif\">Đối với một số người kh&ocirc;ng chuy&ecirc;n, việc tạo fanpage v&agrave; <strong>quản trị fanpage hiệu quả</strong> c&oacute; thể hơi phức tạp v&agrave; tốn k&eacute;m nhiều thời gian v&agrave; c&ocirc;ng sức, thậm ch&iacute; hiệu quả cũng kh&ocirc;ng cao. </span></span></span></p>\r\n\r\n<p dir=\"ltr\" style=\"text-align:justify\"><span style=\"color:#000000\"><span style=\"font-size:16px\"><span style=\"font-family:Times New Roman,Times,serif\">Nếu bạn l&agrave; một nh&agrave; kinh doanh, đừng bỏ qua một thị trường tiềm năng với những kh&aacute;ch h&agrave;ng tiềm năng tại những fanpage, nếu bạn chưa biết c&aacute;ch khai th&aacute;c lợi &iacute;ch từ việc quảng b&aacute; sản phẩm qua fanpage.</span></span></span></p>\r\n\r\n<p dir=\"ltr\" style=\"text-align:justify\"><span style=\"color:#000000\"><span style=\"font-size:16px\"><span style=\"font-family:Times New Roman,Times,serif\">Đừng ngại bỏ ra một khoản chi ph&iacute; thu&ecirc; nh&agrave;<strong> quản trị fanpage hiệu quả,</strong> bạn sẽ thu được khoản lợi nhuận lớn hơn rất nhiều lần chi ph&iacute; bỏ ra.</span></span></span></p>\r\n\r\n<p dir=\"ltr\" style=\"text-align:center\"><span style=\"color:#000000\"><span style=\"font-size:16px\"><span style=\"font-family:Times New Roman,Times,serif\"><img alt=\"quản trị fanpage hiệu quả\" height=\"350\" src=\"/image/images/quan-tri-fanpage-hieu-qua.jpg\" width=\"600\" /></span></span></span></p>\r\n\r\n<p dir=\"ltr\" style=\"text-align:center\"><em><span style=\"color:#000000\"><span style=\"font-size:16px\"><span style=\"font-family:Times New Roman,Times,serif\">Mạng lưới quản trị fanpage hiệu quả</span></span></span></em></p>\r\n\r\n<p dir=\"ltr\" style=\"text-align:justify\"><span style=\"color:#16a085\"><span style=\"font-size:36px\"><strong><span style=\"font-family:Times New Roman,Times,serif\">|</span></strong></span></span><em><span style=\"color:#000000\"><span style=\"font-size:14px\"><span style=\"font-family:Times New Roman,Times,serif\">&quot; Dịch vụ chăm s&oacute;c quản l&yacute; fanpage l&agrave; g&igrave;? C&aacute;ch quản l&yacute; fanpage như thế n&agrave;o? Bạn h&atilde;y tham khảo b&agrave;i viết </span></span></span><span style=\"font-size:14px\"><span style=\"font-family:Times New Roman,Times,serif\"><a href=\"https://www.kinhdoanhinternet.com.vn/dich-vu-cham-soc-quan-ly-fanpage\"><span style=\"color:#8e44ad\"><strong>dịch vụ chăm s&oacute;c fanpage</strong></span></a></span></span><span style=\"color:#000000\"><span style=\"font-size:14px\"><span style=\"font-family:Times New Roman,Times,serif\"> n&agrave;y nh&eacute;.&quot;</span></span></span></em></p>\r\n\r\n<h2 dir=\"ltr\" style=\"text-align:justify\"><span style=\"color:#c0392b\"><span style=\"font-size:20px\"><strong><span style=\"font-family:Times New Roman,Times,serif\">QUẢN TRỊ FANPAGE HIỆU QUẢ SẼ MANG LẠI LỢI &Iacute;CH NHƯ THẾ N&Agrave;O</span></strong></span></span></h2>\r\n\r\n<p dir=\"ltr\" style=\"text-align:justify\"><span style=\"color:#000000\"><span style=\"font-size:16px\"><span style=\"font-family:Times New Roman,Times,serif\">Nếu bạn c&oacute; sử dụng facebook, c&oacute; thể bạn đ&atilde; kh&ocirc;ng &iacute;t lần bắt gặp những fanpage của những tổ chức x&atilde; hội, c&oacute; thể bạn cũng phần n&agrave;o hiểu được &yacute; nghĩa của những trang fanpage đ&oacute;, nếu bạn <strong>quản trị fanpage hiệu quả </strong>bạn sẽ đạt được những lợi &iacute;ch như sau:</span></span></span></p>\r\n\r\n<h3 dir=\"ltr\"><span style=\"font-size:18px\"><strong><span style=\"color:#000000\"><span style=\"font-family:Times New Roman,Times,serif\">Quản trị fanpage hiệu quả đối với nh&agrave; marketing</span></span></strong></span></h3>\r\n\r\n<p dir=\"ltr\"><span style=\"color:#000000\"><span style=\"font-size:16px\"><span style=\"font-family:Times New Roman,Times,serif\">Fanpage l&agrave; c&ocirc;ng cụ để quảng b&aacute; cho sản phẩm, n&acirc;ng tầm thương hiệu m&agrave; họ đang cung cấp. Với fanpage, người b&aacute;n h&agrave;ng kh&ocirc;ng cần mất nhiều chi ph&iacute; nhưng vẫn c&oacute; thể quảng b&aacute; tốt cho sản phẩm, chỉ cần kh&aacute;ch h&agrave;ng của họ c&oacute; khả năng tương t&aacute;c tr&ecirc;n facebook.</span></span></span></p>\r\n\r\n<p dir=\"ltr\"><span style=\"color:#000000\"><span style=\"font-size:16px\"><span style=\"font-family:Times New Roman,Times,serif\">Ch&iacute;nh v&igrave; vậy <strong>quản trị fanpage hiệu quả </strong>sẽ mang lại những lợi &iacute;ch nhất định với chiến lược kinh doanh cũng như quảng b&aacute; sản phẩm đển người ti&ecirc;u d&ugrave;ng 1 c&aacute;ch tốt nhất..</span></span></span></p>\r\n\r\n<p dir=\"ltr\" style=\"text-align:center\"><span style=\"color:#000000\"><span style=\"font-size:16px\"><span style=\"font-family:Times New Roman,Times,serif\"><img alt=\"quản trị fanpage hiệu quả\" height=\"400\" src=\"/image/images/quan-tri-fanpage-hieu-qua-nhat.jpg\" width=\"600\" /></span></span></span></p>\r\n\r\n<p dir=\"ltr\" style=\"text-align:center\"><em><span style=\"color:#000000\"><span style=\"font-size:16px\"><span style=\"font-family:Times New Roman,Times,serif\">Quản trị fanpage hiệu quả nhất</span></span></span></em></p>\r\n\r\n<p dir=\"ltr\" style=\"text-align:justify\"><span style=\"color:#16a085\"><span style=\"font-size:36px\"><strong><span style=\"font-family:Times New Roman,Times,serif\">|</span></strong></span></span><em><span style=\"color:#000000\"><span style=\"font-size:14px\"><span style=\"font-family:Times New Roman,Times,serif\">&quot; T&igrave;m hiểu th&ecirc;m b&agrave;i viết </span></span></span><span style=\"font-size:14px\"><span style=\"font-family:Times New Roman,Times,serif\"><a href=\"https://www.kinhdoanhinternet.com.vn/huong-dan-cach-lay-lai-tai-khoan-facebook-bi-hack\"><span style=\"color:#8e44ad\"><strong>C&aacute;ch lấy lại facebook bị hack</strong></span></a></span></span><span style=\"color:#000000\"><span style=\"font-size:14px\"><span style=\"font-family:Times New Roman,Times,serif\"> đơn giản nhất n&agrave;y nh&eacute;.&quot;</span></span></span></em></p>\r\n\r\n<h3 dir=\"ltr\"><span style=\"font-size:18px\"><strong><span style=\"color:#000000\"><span style=\"font-family:Times New Roman,Times,serif\">Quản trị fanpage hiệu quả d&agrave;nh cho c&aacute;c tư nh&acirc;n, doanh nghiệp</span></span></strong></span></h3>\r\n\r\n<p dir=\"ltr\"><span style=\"color:#000000\"><span style=\"font-size:16px\"><span style=\"font-family:Times New Roman,Times,serif\">Fanpage c&ograve;n được d&ugrave;ng cho những website đại diện của một tổ chức x&atilde; hội như bệnh viện, trường học, doanh nghiệp&hellip; </span></span></span></p>\r\n\r\n<p dir=\"ltr\"><span style=\"color:#000000\"><span style=\"font-size:16px\"><span style=\"font-family:Times New Roman,Times,serif\">Tại đ&acirc;y người <strong>quản trị fanpage hiệu quả</strong> c&oacute; thể đăng tải những th&ocirc;ng tin về hội nh&oacute;m, gi&uacute;p những người trong nh&oacute;m cập nhật th&ocirc;ng tin một c&aacute;ch nhanh nhất, bởi hầu hết đều c&oacute; facebook, v&agrave; thường xuy&ecirc;n cập nhật th&ocirc;ng tin qua facebook.</span></span></span></p>\r\n\r\n<p dir=\"ltr\" style=\"text-align:justify\"><span style=\"color:#000000\"><span style=\"font-size:16px\"><span style=\"font-family:Times New Roman,Times,serif\">Trong x&atilde; hội hiện đại, chỉ cần với một chiếc điện thoại th&ocirc;ng minh, c&oacute; kết nối internet, bạn c&oacute; thể kết nối với mọi người tại bất cứ đ&acirc;y, t&igrave;m kiếm bất cứ th&ocirc;ng tin n&agrave;o. </span></span></span></p>\r\n\r\n<p dir=\"ltr\" style=\"text-align:justify\"><span style=\"color:#000000\"><span style=\"font-size:16px\"><span style=\"font-family:Times New Roman,Times,serif\">Ch&iacute;nh v&igrave; t&iacute;nh ứng dụng cao như vậy, fanpage thậm ch&iacute; c&ograve;n trở th&agrave;nh k&ecirc;nh quảng b&aacute;, truyền th&ocirc;ng sản phẩm ưu việt hơn rất nhiều c&aacute;c phương tiện truyền th&ocirc;ng kh&aacute;c. </span></span></span></p>\r\n\r\n<p dir=\"ltr\" style=\"text-align:justify\"><span style=\"color:#000000\"><span style=\"font-size:16px\"><span style=\"font-family:Times New Roman,Times,serif\">Để fanpage của bạn mang tới lợi nhuận tốt cho bạn, việc bạn cần l&agrave;m l&agrave; chọn một phương thức <strong>quản trị fanpage hiệu quả</strong>.</span></span></span></p>\r\n\r\n<p dir=\"ltr\" style=\"text-align:center\"><span style=\"color:#000000\"><span style=\"font-size:16px\"><span style=\"font-family:Times New Roman,Times,serif\"><img alt=\"quản trị fanpage hiệu quả\" height=\"350\" src=\"/image/images/quan-tri-fanpage-hieu-qua-tot-nhat.jpg\" width=\"600\" /></span></span></span></p>\r\n\r\n<p dir=\"ltr\" style=\"text-align:center\"><em><span style=\"color:#000000\"><span style=\"font-size:16px\"><span style=\"font-family:Times New Roman,Times,serif\">Nhưng phương ph&aacute;p quản trị fanpage hiệu quả nhất</span></span></span></em></p>\r\n\r\n<h2 dir=\"ltr\" style=\"text-align:justify\"><span style=\"color:#c0392b\"><span style=\"font-size:20px\"><strong><span style=\"font-family:Times New Roman,Times,serif\">NHỮNG PHƯƠNG THỨC QUẢN TRỊ FANPAGE HIỆU QUẢ</span></strong></span></span></h2>\r\n\r\n<p dir=\"ltr\" style=\"text-align:justify\"><span style=\"color:#000000\"><span style=\"font-size:16px\"><span style=\"font-family:Times New Roman,Times,serif\"><strong>Quản trị fanpage hiệu quả</strong> l&agrave; thường xuy&ecirc;n tương t&aacute;c tr&ecirc;n facebook, đăng những b&agrave;i viết c&oacute; t&iacute;nh thu h&uacute;t v&agrave; đạt được lượt theo d&otilde;i của cộng đồng mạng, cũng như mang về những lợi &iacute;ch cho nh&agrave; kinh doanh</span></span></span></p>\r\n\r\n<p dir=\"ltr\" style=\"text-align:justify\"><span style=\"color:#000000\"><span style=\"font-size:16px\"><span style=\"font-family:Times New Roman,Times,serif\">Việc quảng b&aacute; tr&ecirc;n fanpage cũng giống như bạn xem quảng c&aacute;o tr&ecirc;n tivi vậy, tuy nhi&ecirc;n những quảng c&aacute;o tr&ecirc;n tivi được bi&ecirc;n tập tỉ mỉ, v&agrave; được d&agrave;n dựng rất kỹ, ngo&agrave;i ra c&ograve;n c&oacute; sự tham gia của những nghệ sỹ nổi tiếng n&ecirc;n hiệu quả rất cao. </span></span></span></p>\r\n\r\n<p dir=\"ltr\" style=\"text-align:justify\"><span style=\"color:#000000\"><span style=\"font-size:16px\"><span style=\"font-family:Times New Roman,Times,serif\">C&ograve;n đối với quảng c&aacute;o tr&ecirc;n facebook, nếu bạn kh&ocirc;ng biết c&aacute;ch viết b&agrave;i, b&agrave;i viết của bạn kh&ocirc;ng thu h&uacute;t, th&igrave; b&agrave;i viết của bạn d&ugrave; c&oacute; nhiều đến đ&acirc;u cũng như muối bỏ bể.</span></span></span></p>\r\n\r\n<p dir=\"ltr\" style=\"text-align:justify\"><span style=\"color:#000000\"><span style=\"font-size:16px\"><span style=\"font-family:Times New Roman,Times,serif\">B&ecirc;n cạnh để bảo vệ th&ocirc;ng tin của người sử dụng facebook, nh&agrave; quản trị facebook ng&agrave;y c&agrave;ng c&oacute; những quy định ngặt ngh&egrave;o trong việc đăng v&agrave; chia sẻ th&ocirc;ng tin. </span></span></span></p>\r\n\r\n<p dir=\"ltr\" style=\"text-align:justify\"><span style=\"color:#000000\"><span style=\"font-size:16px\"><span style=\"font-family:Times New Roman,Times,serif\">Điều n&agrave;y c&oacute; thể khiến cho hoạt động của fanpage bị đ&igrave;nh trệ, khiến chủ fanpage v&ocirc; c&ugrave;ng đau đầu. </span></span></span></p>\r\n\r\n<p dir=\"ltr\" style=\"text-align:center\"><span style=\"color:#000000\"><span style=\"font-size:16px\"><span style=\"font-family:Times New Roman,Times,serif\"><img alt=\"quản trị fanpage hiệu quả\" height=\"350\" src=\"/image/images/cach-quan-tri-fanpage-hieu-qua(1).jpg\" width=\"600\" /></span></span></span></p>\r\n\r\n<p dir=\"ltr\" style=\"text-align:center\"><em><span style=\"color:#000000\"><span style=\"font-size:16px\"><span style=\"font-family:Times New Roman,Times,serif\">Phương ph&aacute;p quản trị fanpage hiệu quả nhất</span></span></span></em></p>\r\n\r\n<p dir=\"ltr\" style=\"text-align:justify\"><span style=\"color:#000000\"><span style=\"font-size:16px\"><span style=\"font-family:Times New Roman,Times,serif\">H&atilde;y c&ugrave;ng ch&uacute;ng t&ocirc;i t&igrave;m hiểu về những phương thức <strong>quản trị fanpage hiệu quả</strong>:</span></span></span></p>\r\n\r\n<h3 dir=\"ltr\" style=\"text-align:justify\"><span style=\"font-size:18px\"><strong><span style=\"color:#000000\"><span style=\"font-family:Times New Roman,Times,serif\">Quản trị fanpage hiệu quả đi s&acirc;u về nội dung v&agrave; chất lượng</span></span></strong></span></h3>\r\n\r\n<p dir=\"ltr\" style=\"text-align:justify\"><span style=\"color:#000000\"><span style=\"font-size:16px\"><span style=\"font-family:Times New Roman,Times,serif\">Nh&agrave; <strong>quản trị fanpage hiệu quả</strong> kh&ocirc;ng n&ecirc;n quan t&acirc;m đến số lượng b&agrave;i viết qu&aacute; nhiều, điều bạn n&ecirc;n quan t&acirc;m l&agrave; chất lượng b&agrave;i viết, h&atilde;y post những b&agrave;i viết c&oacute; t&iacute;nh đầu tư về nội dung chất lượng, đ&oacute; c&oacute; thể l&agrave; những b&agrave;i viết chia sẻ về những kỹ năng trong cuộc sống.</span></span></span></p>\r\n\r\n<p dir=\"ltr\" style=\"text-align:justify\"><span style=\"color:#000000\"><span style=\"font-size:16px\"><span style=\"font-family:Times New Roman,Times,serif\">Nếu bạn l&agrave; một người c&oacute; kiến thức, được cộng đồng mạng tin tưởng th&igrave; những sản phẩm bạn b&aacute;n mới được quan t&acirc;m nhiều.</span></span></span></p>\r\n\r\n<h3 dir=\"ltr\" style=\"text-align:justify\"><span style=\"font-size:18px\"><strong><span style=\"color:#000000\"><span style=\"font-family:Times New Roman,Times,serif\">Quản trị fanpage hiệu quả nhấn mạnh phần h&igrave;nh ảnh</span></span></strong></span></h3>\r\n\r\n<p dir=\"ltr\" style=\"text-align:justify\"><span style=\"color:#000000\"><span style=\"font-size:16px\"><span style=\"font-family:Times New Roman,Times,serif\">Với kiểu <strong>quản trị fanpage hiệu quả</strong> như thế n&agrave;y bạn n&ecirc;n post những b&agrave;i viết thi&ecirc;n về phần h&igrave;nh ảnh nhiều hơn, chọn lọc những h&igrave;nh ảnh c&oacute; khả năng thu h&uacute;t v&agrave; tạo sự th&iacute;ch th&uacute; cho người d&ugrave;ng facebook, đ&ocirc;i khi bạn c&oacute; thể sử dụng những h&igrave;nh ảnh h&agrave;i hước cũng rất c&oacute; hiệu quả</span></span></span></p>\r\n\r\n<h3 dir=\"ltr\" style=\"text-align:justify\"><span style=\"font-size:18px\"><strong><span style=\"color:#000000\"><span style=\"font-family:Times New Roman,Times,serif\">Quản trị fanpage hiệu quả cập nhật những th&ocirc;ng tin HOT</span></span></strong></span></h3>\r\n\r\n<p dir=\"ltr\" style=\"text-align:justify\"><span style=\"color:#000000\"><span style=\"font-size:16px\"><span style=\"font-family:Times New Roman,Times,serif\">Fanpage sẽ thường xuy&ecirc;n chia sẻ những xu hướng thời trang mới nhất chẳng hạn, những sản phẩm thời trang được người nổi tiếng tin d&ugrave;ng,&hellip;</span></span></span></p>\r\n\r\n<p dir=\"ltr\" style=\"text-align:justify\"><span style=\"color:#000000\"><span style=\"font-size:16px\"><span style=\"font-family:Times New Roman,Times,serif\">Với việc cung cấp những th&ocirc;ng tin như vậy, những sản phẩm của bạn c&oacute; thể l&agrave; những sản phẩm m&agrave; bạn chia sẻ trong b&agrave;i viết hoặc c&oacute; li&ecirc;n quan với b&agrave;i viết.</span></span></span></p>\r\n\r\n<p dir=\"ltr\" style=\"text-align:justify\"><span style=\"color:#000000\"><span style=\"font-size:16px\"><span style=\"font-family:Times New Roman,Times,serif\"><strong>Quản trị fanpage hiệu quả</strong> tập trung quảng b&aacute; cho sản phẩm v&agrave; chỉ quảng b&aacute; cho sản phẩm, thương hiệu của nh&agrave; cung cấp</span></span></span></p>\r\n\r\n<p dir=\"ltr\" style=\"text-align:justify\"><span style=\"color:#000000\"><span style=\"font-size:16px\"><span style=\"font-family:Times New Roman,Times,serif\">T&ugrave;y v&agrave;o từng ho&agrave;n cảnh, từng lĩnh vực m&agrave; bạn kinh doanh để bạn lựa chọn phương thức quản trị fanpage ph&ugrave; hợp, để đảm bảo<strong> quản trị fanpage hiệu quả </strong>h&atilde;y giao ph&oacute; c&ocirc;ng việc đ&oacute; cho một nh&agrave; quản trị mạng tin cậy</span></span></span></p>\r\n', '', '', '', '', '', 0, 'en-nhung-phuong-thuc-quan-tri-fanpage-hieu-qua-hien-nay', '[TÌM HIỂU] Những phương thức quản trị fanpage hiệu quả hiện nay', 'Quản trị fanpage hiệu quả như thế nào? Bạn vẫn đang đi tìm những cách để quản trị fanpage hiệu quả. Hãy cùng Goldbridge tìm hiểu qua nhưng phương thức dưới đây nhé.', 'quản trị fanpage hiệu quả, quan tri fanpage hieu qua');
INSERT INTO `news_languages` (`id`, `news_id`, `languages_code`, `lang_news_name`, `lang_news_des`, `lang_news_content`, `lang_news_sub_info1`, `lang_news_sub_info2`, `lang_news_sub_info3`, `lang_news_sub_info4`, `lang_news_sub_info5`, `edit_state`, `friendly_url`, `title_seo`, `des_seo`, `keyword`) VALUES
(9, 5, 'vn', 'Tìm hiểu những xu hướng facebook marketing phát triển hiện nay', 'Hình ảnh bán hàng online trên facebook có lẽ đã không còn xa lạ đối với giới trẻ, tuy nhiên làm thế nào để marketing hiệu quả cho những sản phẩm của mình và những xu hướng facebook marketing nào đang được ứng dụng rộng rãi và đạt hiệu quả nhất hiện nay, hãy tham khảo bài viết này.', '<p dir=\"ltr\" style=\"text-align:justify\"><span style=\"font-size:16px\"><span style=\"font-family:Times New Roman,Times,serif\">Với <strong>xu hướng facebook marketing </strong>c&ugrave;ng sự ph&aacute;t triển của hệ thống mạng lưới internet ra đời g&oacute;p phần tạo ra một sợi d&acirc;y li&ecirc;n kết giữa tầm hiểu biết của lo&agrave;i người với nhau.</span></span></p>\r\n\r\n<p dir=\"ltr\" style=\"text-align:justify\"><span style=\"font-size:16px\"><span style=\"font-family:Times New Roman,Times,serif\"><strong>Xu hướng facebook marketing </strong>tạo th&agrave;nh một quyển b&aacute;ch khoa to&agrave;n thư gi&uacute;p người d&ugrave;ng tra cứu mọi th&ocirc;ng tin,cũng như li&ecirc;n lạc kết nối với nhau từ khắp mọi miền tr&ecirc;n tr&aacute;i đất.</span></span></p>\r\n\r\n<h2 dir=\"ltr\" style=\"text-align:justify\"><strong><span style=\"color:#c0392b\"><span style=\"font-size:20px\"><span style=\"font-family:Times New Roman,Times,serif\">Xu hướng facebook marketing n&agrave;y c&agrave;ng ph&aacute;t triển</span></span></span></strong></h2>\r\n\r\n<p dir=\"ltr\" style=\"text-align:justify\"><span style=\"font-size:16px\"><span style=\"font-family:Times New Roman,Times,serif\"><strong>Xu hướng facebook marketing</strong> được h&igrave;nh th&agrave;nh dựa tr&ecirc;n nguy&ecirc;n l&yacute; hoạt động của internet, bằng một mạng lưới internet rộng khắp con người đ&atilde; s&aacute;ng kiến ra facebook.</span></span></p>\r\n\r\n<p dir=\"ltr\" style=\"text-align:justify\"><span style=\"font-size:16px\"><span style=\"font-family:Times New Roman,Times,serif\">Ở đ&oacute; con người c&oacute; thể tạo ra một đại diện của m&igrave;nh tr&ecirc;n thế giới internet, tại facebook con người c&oacute; thể chia sẻ th&ocirc;ng tin c&aacute; nh&acirc;n của m&igrave;nh.</span></span></p>\r\n\r\n<p dir=\"ltr\" style=\"text-align:justify\"><span style=\"font-size:16px\"><span style=\"font-family:Times New Roman,Times,serif\">Chia sẻ những th&ocirc;ng tin kh&aacute;c, v&agrave; tất cả những người tham gia facebook tr&ecirc;n to&agrave;n thế giới đều c&oacute; thể nh&igrave;n thấy th&ocirc;ng tin m&agrave; bạn chia sẻ. </span></span></p>\r\n\r\n<p dir=\"ltr\" style=\"text-align:center\"><span style=\"font-size:16px\"><span style=\"font-family:Times New Roman,Times,serif\"><img alt=\"xu hướng facebook marketing \" height=\"350\" src=\"/image/images/dich-vu-facebook-marketing-gia-re.jpg\" width=\"600\" /></span></span></p>\r\n\r\n<p dir=\"ltr\" style=\"text-align:center\"><em><span style=\"color:#000000\"><span style=\"font-size:16px\"><span style=\"font-family:Times New Roman,Times,serif\">Xu hướng facebook marketing</span></span></span></em></p>\r\n\r\n<p dir=\"ltr\" style=\"text-align:justify\"><span style=\"color:#16a085\"><span style=\"font-size:36px\"><strong><span style=\"font-family:Times New Roman,Times,serif\">|</span></strong></span></span><em><span style=\"color:#000000\"><span style=\"font-size:14px\"><span style=\"font-family:Times New Roman,Times,serif\">&quot;Xem th&ecirc;m c&aacute;c c&aacute;ch chăm s&oacute;c quản l&yacute; fanpage </span></span></span><span style=\"font-size:14px\"><span style=\"font-family:Times New Roman,Times,serif\"><strong><a href=\"https://www.kinhdoanhinternet.com.vn/dich-vu-cham-soc-quan-ly-fanpage\"><span style=\"color:#8e44ad\">TẠI Đ&Acirc;Y</span></a></strong></span><span style=\"color:#000000\"><span style=\"font-family:Times New Roman,Times,serif\">&quot;</span></span></span></em></p>\r\n\r\n<p dir=\"ltr\" style=\"text-align:justify\"><span style=\"font-size:16px\"><span style=\"font-family:Times New Roman,Times,serif\">Ch&iacute;nh v&igrave; vậy, <strong>xu hướng facebook marketing</strong> ra đời gi&uacute;p cho c&ocirc;ng việc quảng b&aacute; sản phẩm của người b&aacute;n diễn ra đơn giản hơn nhưng lại c&oacute; t&iacute;nh ảnh hưởng lớn hơn rất nhiều lần so với quảng b&aacute;.</span></span></p>\r\n\r\n<p dir=\"ltr\" style=\"text-align:justify\"><span style=\"font-size:16px\"><span style=\"font-family:Times New Roman,Times,serif\">Bằng h&igrave;nh thức th&ocirc;ng thường, gi&uacute;p n&acirc;ng cao hiệu quả b&aacute;n h&agrave;ng cho nh&agrave; kinh doanh, tạo th&ecirc;m thu nhập&hellip; </span></span></p>\r\n\r\n<h2 dir=\"ltr\" style=\"text-align:justify\"><span style=\"color:#c0392b\"><span style=\"font-size:20px\"><strong><span style=\"font-family:Times New Roman,Times,serif\">Những xu hướng facebook marketing đang được ứng dụng rộng r&atilde;i hiện nay</span></strong></span></span></h2>\r\n\r\n<p dir=\"ltr\" style=\"text-align:justify\"><span style=\"font-size:16px\"><span style=\"font-family:Times New Roman,Times,serif\">C&oacute; rất nhiều h&igrave;nh thức b&aacute;n h&agrave;ng online kh&aacute;c nhau, kh&aacute;c với b&aacute;n h&agrave;ng tại c&aacute;c trang thương mại điện tử.</span></span></p>\r\n\r\n<p dir=\"ltr\" style=\"text-align:justify\"><span style=\"font-size:16px\"><span style=\"font-family:Times New Roman,Times,serif\">Việc bạn cần l&agrave;m l&agrave; đăng c&aacute;c sản phẩm của m&igrave;nh n&ecirc;n, việc c&ograve;n lại như quảng b&aacute;, vận chuyển, thu tiền sẽ do nh&agrave; dịch vụ l&agrave;m nhưng bạn sẽ phải trả ph&iacute;.</span></span></p>\r\n\r\n<p dir=\"ltr\" style=\"text-align:justify\"><span style=\"font-size:16px\"><span style=\"font-family:Times New Roman,Times,serif\">C&ograve;n với <strong>xu hướng facebook marketing</strong> bạn c&oacute; thể b&aacute;n h&agrave;ng với chi ph&iacute; bỏ ra chỉ 0 đồng, nếu biết sử dụng những phương ph&aacute;p facebook marketing đ&uacute;ng bạn sẽ thu được nguồn lợi nhuận kh&ocirc;ng tưởng.</span></span></p>\r\n\r\n<p dir=\"ltr\" style=\"text-align:center\"><span style=\"font-size:16px\"><span style=\"font-family:Times New Roman,Times,serif\"><img alt=\"xu hướng facebook marketing \" height=\"350\" src=\"/image/images/tim-hieu-xu-huong-facebook-marketing.jpg\" width=\"600\" /></span></span></p>\r\n\r\n<p dir=\"ltr\" style=\"text-align:center\"><em><span style=\"font-size:16px\"><span style=\"font-family:Times New Roman,Times,serif\">Xu hướng facebook marketing</span></span></em></p>\r\n\r\n<h2 dir=\"ltr\" style=\"text-align:justify\"><span style=\"color:#c0392b\"><span style=\"font-size:20px\"><strong><span style=\"font-family:Times New Roman,Times,serif\">Top xu hướng facebook marketing c&oacute; t&iacute;nh hiệu quả nhất</span></strong></span></span></h2>\r\n\r\n<h3 dir=\"ltr\" style=\"text-align:justify\"><span style=\"font-size:18px\"><strong><span style=\"font-family:Times New Roman,Times,serif\">Xu hướng facebook marketing l</span></strong><span style=\"font-family:Times New Roman,Times,serif\"><strong>ivestream</strong></span></span></h3>\r\n\r\n<p dir=\"ltr\" style=\"text-align:justify\"><span style=\"font-size:16px\"><span style=\"font-family:Times New Roman,Times,serif\"><strong>Xu hướng facebook marketing</strong> người ti&ecirc;u d&ugrave;ng c&oacute; xu hướng tẩy chay h&agrave;ng online, d&ugrave; b&aacute;n gi&aacute; rẻ cũng kh&ocirc;ng được ưa chuộng l&agrave; bởi v&igrave; sản phẩm online thường c&oacute; h&igrave;nh ảnh rất đẹp nhưng thực tế th&igrave; kh&ocirc;ng được như vậy, để khắc phục nhược điểm n&agrave;y. </span></span></p>\r\n\r\n<p dir=\"ltr\" style=\"text-align:justify\"><span style=\"font-size:16px\"><span style=\"font-family:Times New Roman,Times,serif\">Người b&aacute;n c&oacute; thể sử dụng <strong>xu hướng facebook marketing</strong> c&aacute;ch livestream, hiểu một c&aacute;ch đơn giản th&igrave; livestream ch&iacute;nh l&agrave; tường thuật trực tiếp.</span></span></p>\r\n\r\n<p dir=\"ltr\" style=\"text-align:justify\"><span style=\"font-size:16px\"><span style=\"font-family:Times New Roman,Times,serif\">Kh&aacute;ch h&agrave;ng c&oacute; thể xem trực tiếp sản phẩm qua video do người b&aacute;n đăng để từ đ&oacute; c&oacute; nhận định về chất lượng, kiểu d&aacute;ng v&agrave; quyết định mua sản phẩm. </span></span></p>\r\n\r\n<p dir=\"ltr\" style=\"text-align:justify\"><span style=\"font-size:16px\"><span style=\"font-family:Times New Roman,Times,serif\"><strong>Xu hướng facebook marketing</strong> bằng livestream đặc biệt ph&ugrave; hợp đối với nh&agrave; b&aacute;n h&agrave;ng về lĩnh vực thời trang như quần &aacute;o, mũ n&oacute;n, gi&agrave;y d&eacute;p&hellip;</span></span></p>\r\n\r\n<h3 dir=\"ltr\" style=\"text-align:justify\"><span style=\"font-size:18px\"><strong><span style=\"font-family:Times New Roman,Times,serif\">Xu hướng facebook marketing tự động h&oacute;a</span></strong></span></h3>\r\n\r\n<p dir=\"ltr\" style=\"text-align:justify\"><span style=\"font-size:16px\"><span style=\"font-family:Times New Roman,Times,serif\">Những kh&aacute;ch h&agrave;ng đa số đều hỏi những c&acirc;u hỏi c&oacute; cấu tr&uacute;c tương tự nhau như sản phẩm n&agrave;y c&ograve;n kh&ocirc;ng, c&oacute; những m&agrave;u g&igrave;, c&oacute; những size g&igrave;, hay vừa với người bao nhi&ecirc;u c&acirc;n,&hellip; </span></span></p>\r\n\r\n<p dir=\"ltr\" style=\"text-align:justify\"><span style=\"font-size:16px\"><span style=\"font-family:Times New Roman,Times,serif\">V&igrave; vậy <strong>xu hướng facebook marketing</strong> b&aacute;n h&agrave;ng c&oacute; thể x&acirc;y dựng những chatbox với nội dung c&oacute; sẵn, trả lời tự động, nhằm phục vụ kh&aacute;ch h&agrave;ng tốt nhất, tiết kiệm thời gian cho nh&agrave; cung cấp.</span></span></p>\r\n\r\n<p dir=\"ltr\" style=\"text-align:center\"><span style=\"font-size:16px\"><span style=\"font-family:Times New Roman,Times,serif\"><img alt=\"xu hướng facebook marketing\" height=\"350\" src=\"/image/images/xu-huong-facebook-marketing.jpg\" width=\"600\" /></span></span></p>\r\n\r\n<p dir=\"ltr\" style=\"text-align:center\"><em><span style=\"font-size:16px\"><span style=\"font-family:Times New Roman,Times,serif\">Xu hướng facebook marketing</span></span></em></p>\r\n\r\n<p dir=\"ltr\" style=\"text-align:justify\"><span style=\"color:#16a085\"><span style=\"font-size:36px\"><strong><span style=\"font-family:Times New Roman,Times,serif\">|</span></strong></span></span><em><span style=\"font-size:14px\"><span style=\"font-family:Times New Roman,Times,serif\">&quot; Những lợi &iacute;ch khi quản trị fanpage hiệu quả như thế n&agrave;o? Bạn h&atilde;y tham khảo th&ecirc;m b&agrave;i viết <strong><a href=\"https://www.kinhdoanhinternet.com.vn/nhung-phuong-thuc-quan-tri-fanpage-hieu-qua-hien-nay\"><span style=\"color:#8e44ad\">quản trị fanpage hiệu quả</span></a> </strong>của ch&uacute;ng t&ocirc;i nh&eacute;.&quot;</span></span></em></p>\r\n\r\n<h3 dir=\"ltr\" style=\"text-align:justify\"><span style=\"font-size:18px\"><strong><span style=\"font-family:Times New Roman,Times,serif\">Xu hướng facebook marketing thu&ecirc; người trả lời tin nhắn tr&ecirc;n facebook</span></strong></span></h3>\r\n\r\n<p dir=\"ltr\" style=\"text-align:justify\"><span style=\"font-size:16px\"><span style=\"font-family:Times New Roman,Times,serif\"><strong>Xu hướng facebook marketing</strong> với chi ph&iacute; thu&ecirc; người comment cao, hơn nữa mọi người c&agrave;ng ng&agrave;y c&agrave;ng c&oacute; xu hướng nhắn tin inbox qua facebook.</span></span></p>\r\n\r\n<p dir=\"ltr\" style=\"text-align:justify\"><span style=\"font-size:16px\"><span style=\"font-family:Times New Roman,Times,serif\">H&atilde;y bỏ ra một ch&uacute;t chi ph&iacute; thu&ecirc; người trả lời tin nhắn nếu bạn kh&ocirc;ng c&oacute; thời gian để đảm bảo dịch vụ chăm s&oacute;c kh&aacute;ch h&agrave;ng được tốt nhất.</span></span></p>\r\n\r\n<h3 dir=\"ltr\" style=\"text-align:justify\"><span style=\"font-size:18px\"><strong><span style=\"font-family:Times New Roman,Times,serif\">Xu hướng facebook marketing quảng c&aacute;o d&ugrave;ng người nổi tiếng</span></strong></span></h3>\r\n\r\n<p dir=\"ltr\" style=\"text-align:justify\"><span style=\"font-size:16px\"><span style=\"font-family:Times New Roman,Times,serif\">Quảng c&aacute;o d&ugrave;ng người nổi tiếng sẽ n&acirc;ng cao lượt theo d&otilde;i v&agrave; đồng thời n&acirc;ng tầm thương hiệu sản phẩm.</span></span></p>\r\n\r\n<h3 dir=\"ltr\" style=\"text-align:justify\"><span style=\"font-size:18px\"><strong><span style=\"font-family:Times New Roman,Times,serif\">Xu hướng facebook marketing thu&ecirc; người viết SEO</span></strong></span></h3>\r\n\r\n<p dir=\"ltr\" style=\"text-align:justify\"><span style=\"font-size:16px\"><span style=\"font-family:Times New Roman,Times,serif\">Một v&agrave;i trường hợp bạn viết v&agrave; đăng rất nhiều nhưng b&agrave;i viết của bạn rất &iacute;t thu h&uacute;t, bạn mất kh&aacute; nhiều thời gian v&agrave; c&ocirc;ng sức nhưng kh&ocirc;ng đạt hiệu quả, doanh thu b&aacute;n h&agrave;ng vẫn &igrave; ạch v&agrave;i ở một con số. </span></span></p>\r\n\r\n<p dir=\"ltr\" style=\"text-align:justify\"><span style=\"font-size:16px\"><span style=\"font-family:Times New Roman,Times,serif\">Đừng lo lắng, với một khoản chi ph&iacute; rất nhỏ, bạn sẽ c&oacute; được b&agrave;i viết giới thiệu sản phẩm, thu h&uacute;t nhiều kh&aacute;ch h&agrave;ng, v&agrave; dẫn đầu top t&igrave;m kiếm. </span></span></p>\r\n\r\n<p dir=\"ltr\" style=\"text-align:justify\"><span style=\"font-size:16px\"><span style=\"font-family:Times New Roman,Times,serif\">Với những kỹ năng viết chuẩn CEO, những b&agrave;i quảng c&aacute;o sản phẩm của bạn sẽ ngay lập tức ph&aacute;t huy được t&aacute;c dụng. </span></span></p>\r\n\r\n<p dir=\"ltr\" style=\"text-align:justify\"><span style=\"font-size:16px\"><span style=\"font-family:Times New Roman,Times,serif\">Đ&acirc;y đang l&agrave; một trong những <strong>xu hướng facebook marketing</strong> thịnh h&agrave;nh nhất hiện nay</span></span></p>\r\n\r\n<h3 dir=\"ltr\" style=\"text-align:justify\"><span style=\"font-size:18px\"><strong><span style=\"font-family:Times New Roman,Times,serif\">Xu hướng facebook marketing với tham gia nh&oacute;m</span></strong></span></h3>\r\n\r\n<p dir=\"ltr\" style=\"text-align:justify\"><span style=\"font-size:16px\"><span style=\"font-family:Times New Roman,Times,serif\"><strong>Xu hướng facebook marketing</strong> hiệu quả l&agrave; tham gia v&agrave;o c&aacute;c hội nh&oacute;m để quảng b&aacute; sản phẩm, nhờ c&aacute;ch n&agrave;y bạn c&oacute; thể khoanh v&ugrave;ng kh&aacute;ch h&agrave;ng tiềm năng, gi&uacute;p b&agrave;i viết của bạn được ch&uacute; &yacute; hơn.</span></span></p>\r\n\r\n<h3 dir=\"ltr\" style=\"text-align:justify\"><span style=\"font-size:18px\"><strong><span style=\"font-family:Times New Roman,Times,serif\">Xu hướng facebook marketing content Facebook</span></strong></span></h3>\r\n\r\n<p dir=\"ltr\" style=\"text-align:justify\"><span style=\"font-size:16px\"><span style=\"font-family:Times New Roman,Times,serif\">Sự cạnh tranh giữa những thương hiệu l&agrave;m quảng c&aacute;o Facebook đ&oacute; l&agrave; Content. Ai c&oacute; nội dung hấp dẫn hơn th&igrave; sẽ thu h&uacute;t được nhiều kh&aacute;ch h&agrave;ng hơn. </span></span></p>\r\n\r\n<p dir=\"ltr\" style=\"text-align:justify\"><span style=\"font-size:16px\"><span style=\"font-family:Times New Roman,Times,serif\">Bởi vậy, ng&acirc;n s&aacute;ch đầu tư v&agrave;o content Facebook cũng phải lớn hơn, đầu tư cả về nh&acirc;n lực v&agrave; nguồn lực.</span></span></p>\r\n\r\n<p dir=\"ltr\" style=\"text-align:center\"><span style=\"font-size:16px\"><span style=\"font-family:Times New Roman,Times,serif\"><img alt=\"xu hướng facebook marketing\" height=\"350\" src=\"/image/images/xu-huong-facebook-marketing-2019.jpg\" width=\"600\" /></span></span></p>\r\n\r\n<p dir=\"ltr\" style=\"text-align:center\"><em><span style=\"font-size:16px\"><span style=\"font-family:Times New Roman,Times,serif\">Xu hướng facebook marketing</span></span></em></p>\r\n\r\n<h3 dir=\"ltr\" style=\"text-align:justify\"><span style=\"font-size:18px\"><strong><span style=\"font-family:Times New Roman,Times,serif\">Facebook thắt chặt lượng Organic Search</span></strong></span></h3>\r\n\r\n<p dir=\"ltr\" style=\"text-align:justify\"><span style=\"font-size:16px\"><span style=\"font-family:Times New Roman,Times,serif\">Facebook t&igrave;m kiếm kh&aacute;ch h&agrave;ng dựa theo th&oacute;i quen, h&agrave;nh vi t&igrave;m kiếm của người ti&ecirc;u d&ugrave;ng nhưng t&iacute;nh năng bảo mật th&ocirc;ng tin kh&aacute;ch h&agrave;ng c&agrave;ng phải thắt chặt hơn. </span></span></p>\r\n\r\n<p dir=\"ltr\" style=\"text-align:justify\"><span style=\"font-size:16px\"><span style=\"font-family:Times New Roman,Times,serif\">Bởi vậy việc t&igrave;m kiếm kh&aacute;ch h&agrave;ng cũng trở n&ecirc;n kh&oacute; khăn hơn.</span></span></p>\r\n\r\n<p dir=\"ltr\" style=\"text-align:justify\"><span style=\"font-size:16px\"><span style=\"font-family:Times New Roman,Times,serif\">Với sự ph&aacute;t triển ng&agrave;y c&agrave;ng mạnh của <strong>xu hướng facebook marketing</strong>, đ&acirc;y đ&atilde; trở th&agrave;nh nguồn kinh doanh với mức lợi nhuận khủng, mang đến gi&aacute; trị hiệu quả kinh tế lớn.</span></span></p>\r\n', '', '', '', '', '', 0, 'nhung-xu-huong-facebook-marketing-hien-nay', '[TÌM HIỂU] Những xu hướng facebook marketing phát triển hiện nay', 'Bạn đang muốn tìm hiểu xu hướng facebook marketing là gì? Hiện nay có những xu hướng facebook marketing nào? Hãy cùng chúng tôi tìm hiểu qua bài viết dưới đây.', 'Xu hướng facebook marketing, xu huong facebook marketing'),
(10, 5, 'en', 'english version Tìm hiểu những xu hướng facebook marketing phát triển hiện nay', 'english version Hình ảnh bán hàng online trên facebook có lẽ đã không còn xa lạ đối với giới trẻ, tuy nhiên làm thế nào để marketing hiệu quả cho những sản phẩm của mình và những xu hướng facebook marketing nào đang được ứng dụng rộng rãi và đạt hiệu quả nhất hiện nay, hãy tham khảo bài viết này.', 'english version <p dir=\"ltr\" style=\"text-align:justify\"><span style=\"font-size:16px\"><span style=\"font-family:Times New Roman,Times,serif\">Với <strong>xu hướng facebook marketing </strong>c&ugrave;ng sự ph&aacute;t triển của hệ thống mạng lưới internet ra đời g&oacute;p phần tạo ra một sợi d&acirc;y li&ecirc;n kết giữa tầm hiểu biết của lo&agrave;i người với nhau.</span></span></p>\r\n\r\n<p dir=\"ltr\" style=\"text-align:justify\"><span style=\"font-size:16px\"><span style=\"font-family:Times New Roman,Times,serif\"><strong>Xu hướng facebook marketing </strong>tạo th&agrave;nh một quyển b&aacute;ch khoa to&agrave;n thư gi&uacute;p người d&ugrave;ng tra cứu mọi th&ocirc;ng tin,cũng như li&ecirc;n lạc kết nối với nhau từ khắp mọi miền tr&ecirc;n tr&aacute;i đất.</span></span></p>\r\n\r\n<h2 dir=\"ltr\" style=\"text-align:justify\"><strong><span style=\"color:#c0392b\"><span style=\"font-size:20px\"><span style=\"font-family:Times New Roman,Times,serif\">XU HƯỚNG FACEBOOK MARKETING N&Agrave;Y C&Agrave;NG PH&Aacute;T TRIỂN</span></span></span></strong></h2>\r\n\r\n<p dir=\"ltr\" style=\"text-align:justify\"><span style=\"font-size:16px\"><span style=\"font-family:Times New Roman,Times,serif\"><strong>Xu hướng facebook marketing</strong> được h&igrave;nh th&agrave;nh dựa tr&ecirc;n nguy&ecirc;n l&yacute; hoạt động của internet, bằng một mạng lưới internet rộng khắp con người đ&atilde; s&aacute;ng kiến ra facebook ở đ&oacute; con người c&oacute; thể tạo ra một đại diện của m&igrave;nh tr&ecirc;n thế giới internet, tại facebook con người c&oacute; thể chia sẻ th&ocirc;ng tin c&aacute; nh&acirc;n của m&igrave;nh, hoặc chia sẻ những th&ocirc;ng tin kh&aacute;c, v&agrave; tất cả những người tham gia facebook tr&ecirc;n to&agrave;n thế giới đều c&oacute; thể nh&igrave;n thấy th&ocirc;ng tin m&agrave; bạn chia sẻ. </span></span></p>\r\n\r\n<p dir=\"ltr\" style=\"text-align:center\"><span style=\"font-size:16px\"><span style=\"font-family:Times New Roman,Times,serif\"><img alt=\"xu hướng facebook marketing\" height=\"350\" src=\"/image/images/xu-huong-facebook-marketing.jpg\" width=\"600\" /></span></span></p>\r\n\r\n<p dir=\"ltr\" style=\"text-align:center\"><em><span style=\"color:#000000\"><span style=\"font-size:16px\"><span style=\"font-family:Times New Roman,Times,serif\">Xu hướng facebook marketing</span></span></span></em></p>\r\n\r\n<p dir=\"ltr\" style=\"text-align:justify\"><span style=\"color:#16a085\"><span style=\"font-size:36px\"><strong><span style=\"font-family:Times New Roman,Times,serif\">|</span></strong></span></span><em><span style=\"color:#000000\"><span style=\"font-size:14px\"><span style=\"font-family:Times New Roman,Times,serif\">&quot;Xem th&ecirc;m c&aacute;c c&aacute;ch chăm s&oacute;c quản l&yacute; fanpage </span></span></span><span style=\"font-size:14px\"><span style=\"font-family:Times New Roman,Times,serif\"><strong><a href=\"https://www.kinhdoanhinternet.com.vn/dich-vu-cham-soc-quan-ly-fanpage\"><span style=\"color:#8e44ad\">TẠI Đ&Acirc;Y</span></a></strong></span><span style=\"color:#000000\"><span style=\"font-family:Times New Roman,Times,serif\">&quot;</span></span></span></em></p>\r\n\r\n<p dir=\"ltr\" style=\"text-align:justify\"><span style=\"font-size:16px\"><span style=\"font-family:Times New Roman,Times,serif\">Ch&iacute;nh v&igrave; vậy, <strong>xu hướng facebook marketing</strong> ra đời gi&uacute;p cho c&ocirc;ng việc quảng b&aacute; sản phẩm của người b&aacute;n diễn ra đơn giản hơn nhưng lại c&oacute; t&iacute;nh ảnh hưởng lớn hơn rất nhiều lần so với quảng b&aacute; bằng h&igrave;nh thức th&ocirc;ng thường, gi&uacute;p n&acirc;ng cao hiệu quả b&aacute;n h&agrave;ng cho nh&agrave; kinh doanh, tạo th&ecirc;m thu nhập&hellip; </span></span></p>\r\n\r\n<h2 dir=\"ltr\" style=\"text-align:justify\"><span style=\"color:#c0392b\"><span style=\"font-size:20px\"><strong><span style=\"font-family:Times New Roman,Times,serif\">NHỮNG XU HƯỚNG FACEBOOK MARKETING ĐANG ĐƯỢC ỨNG DỤNG RỘNG R&Atilde;I HIỆN NAY</span></strong></span></span></h2>\r\n\r\n<p dir=\"ltr\" style=\"text-align:justify\"><span style=\"font-size:16px\"><span style=\"font-family:Times New Roman,Times,serif\">C&oacute; rất nhiều h&igrave;nh thức b&aacute;n h&agrave;ng online kh&aacute;c nhau, kh&aacute;c với b&aacute;n h&agrave;ng tại c&aacute;c trang thương mại điện tử, việc bạn cần l&agrave;m l&agrave; đăng c&aacute;c sản phẩm của m&igrave;nh n&ecirc;n, việc c&ograve;n lại như quảng b&aacute;, vận chuyển, thu tiền sẽ do nh&agrave; dịch vụ l&agrave;m nhưng bạn sẽ phải trả ph&iacute;.</span></span></p>\r\n\r\n<p dir=\"ltr\" style=\"text-align:justify\"><span style=\"font-size:16px\"><span style=\"font-family:Times New Roman,Times,serif\">C&ograve;n với <strong>xu hướng facebook marketing</strong> bạn c&oacute; thể b&aacute;n h&agrave;ng với chi ph&iacute; bỏ ra chỉ 0 đồng, nếu biết sử dụng những phương ph&aacute;p facebook marketing đ&uacute;ng bạn sẽ thu được nguồn lợi nhuận kh&ocirc;ng tưởng.</span></span></p>\r\n\r\n<p dir=\"ltr\" style=\"text-align:center\"><span style=\"font-size:16px\"><span style=\"font-family:Times New Roman,Times,serif\"><img alt=\"xu hướng facebook marketing\" height=\"400\" src=\"/image/images/xu-huong-facebook-marketing-hieu-qua.jpg\" width=\"600\" /></span></span></p>\r\n\r\n<p dir=\"ltr\" style=\"text-align:center\"><em><span style=\"font-size:16px\"><span style=\"font-family:Times New Roman,Times,serif\">Xu hướng facebook marketing</span></span></em></p>\r\n\r\n<h2 dir=\"ltr\" style=\"text-align:justify\"><span style=\"color:#c0392b\"><span style=\"font-size:20px\"><strong><span style=\"font-family:Times New Roman,Times,serif\">TOP XU HƯỚNG FACEBOOK MARKETING C&Oacute; T&Iacute;NH HIỆU QUẢ NHẤT</span></strong></span></span></h2>\r\n\r\n<h3 dir=\"ltr\" style=\"text-align:justify\"><span style=\"font-size:18px\"><strong><span style=\"font-family:Times New Roman,Times,serif\">Xu hướng facebook marketing l</span></strong><span style=\"font-family:Times New Roman,Times,serif\"><strong>ivestream</strong></span></span></h3>\r\n\r\n<p dir=\"ltr\" style=\"text-align:justify\"><span style=\"font-size:16px\"><span style=\"font-family:Times New Roman,Times,serif\"><strong>Xu hướng facebook marketing</strong> người ti&ecirc;u d&ugrave;ng c&oacute; xu hướng tẩy chay h&agrave;ng online, d&ugrave; b&aacute;n gi&aacute; rẻ cũng kh&ocirc;ng được ưa chuộng l&agrave; bởi v&igrave; sản phẩm online thường c&oacute; h&igrave;nh ảnh rất đẹp nhưng thực tế th&igrave; kh&ocirc;ng được như vậy, để khắc phục nhược điểm n&agrave;y. </span></span></p>\r\n\r\n<p dir=\"ltr\" style=\"text-align:justify\"><span style=\"font-size:16px\"><span style=\"font-family:Times New Roman,Times,serif\">Người b&aacute;n c&oacute; thể sử dụng <strong>xu hướng facebook marketing</strong> c&aacute;ch livestream, hiểu một c&aacute;ch đơn giản th&igrave; livestream ch&iacute;nh l&agrave; tường thuật trực tiếp, kh&aacute;ch h&agrave;ng c&oacute; thể xem trực tiếp sản phẩm qua video do người b&aacute;n đăng để từ đ&oacute; c&oacute; nhận định về chất lượng, kiểu d&aacute;ng v&agrave; quyết định mua sản phẩm. </span></span></p>\r\n\r\n<p dir=\"ltr\" style=\"text-align:justify\"><span style=\"font-size:16px\"><span style=\"font-family:Times New Roman,Times,serif\"><strong>Xu hướng facebook marketing</strong> bằng livestream đặc biệt ph&ugrave; hợp đối với nh&agrave; b&aacute;n h&agrave;ng về lĩnh vực thời trang như quần &aacute;o, mũ n&oacute;n, gi&agrave;y d&eacute;p&hellip;</span></span></p>\r\n\r\n<h3 dir=\"ltr\" style=\"text-align:justify\"><span style=\"font-size:18px\"><strong><span style=\"font-family:Times New Roman,Times,serif\">Xu hướng facebook marketing tự động h&oacute;a</span></strong></span></h3>\r\n\r\n<p dir=\"ltr\" style=\"text-align:justify\"><span style=\"font-size:16px\"><span style=\"font-family:Times New Roman,Times,serif\">Những kh&aacute;ch h&agrave;ng đa số đều hỏi những c&acirc;u hỏi c&oacute; cấu tr&uacute;c tương tự nhau như sản phẩm n&agrave;y c&ograve;n kh&ocirc;ng, c&oacute; những m&agrave;u g&igrave;, c&oacute; những size g&igrave;, hay vừa với người bao nhi&ecirc;u c&acirc;n,&hellip; </span></span></p>\r\n\r\n<p dir=\"ltr\" style=\"text-align:justify\"><span style=\"font-size:16px\"><span style=\"font-family:Times New Roman,Times,serif\">V&igrave; vậy <strong>xu hướng facebook marketing</strong> b&aacute;n h&agrave;ng c&oacute; thể x&acirc;y dựng những chatbox với nội dung c&oacute; sẵn, trả lời tự động, nhằm phục vụ kh&aacute;ch h&agrave;ng tốt nhất, tiết kiệm thời gian cho nh&agrave; cung cấp.</span></span></p>\r\n\r\n<p dir=\"ltr\" style=\"text-align:center\"><span style=\"font-size:16px\"><span style=\"font-family:Times New Roman,Times,serif\"><img alt=\"xu hướng facebook marketing\" height=\"400\" src=\"/image/images/phat-trien-xu-huong-facebook-marketing.jpg\" width=\"600\" /></span></span></p>\r\n\r\n<p dir=\"ltr\" style=\"text-align:center\"><em><span style=\"font-size:16px\"><span style=\"font-family:Times New Roman,Times,serif\">Xu hướng facebook marketing</span></span></em></p>\r\n\r\n<p dir=\"ltr\" style=\"text-align:justify\"><span style=\"color:#16a085\"><span style=\"font-size:36px\"><strong><span style=\"font-family:Times New Roman,Times,serif\">|</span></strong></span></span><em><span style=\"font-size:14px\"><span style=\"font-family:Times New Roman,Times,serif\">&quot; Những lợi &iacute;ch khi quản trị fanpage hiệu quả như thế n&agrave;o? Bạn h&atilde;y tham khảo th&ecirc;m b&agrave;i viết <strong><a href=\"https://www.kinhdoanhinternet.com.vn/nhung-phuong-thuc-quan-tri-fanpage-hieu-qua-hien-nay\"><span style=\"color:#8e44ad\">quản trị fanpage hiệu quả</span></a> </strong>của ch&uacute;ng t&ocirc;i nh&eacute;.&quot;</span></span></em></p>\r\n\r\n<h3 dir=\"ltr\" style=\"text-align:justify\"><span style=\"font-size:18px\"><strong><span style=\"font-family:Times New Roman,Times,serif\">Xu hướng facebook marketing thu&ecirc; người trả lời tin nhắn tr&ecirc;n facebook</span></strong></span></h3>\r\n\r\n<p dir=\"ltr\" style=\"text-align:justify\"><span style=\"font-size:16px\"><span style=\"font-family:Times New Roman,Times,serif\"><strong>Xu hướng facebook marketing</strong> với chi ph&iacute; thu&ecirc; người comment cao, hơn nữa mọi người c&agrave;ng ng&agrave;y c&agrave;ng c&oacute; xu hướng nhắn tin inbox qua facebook, h&atilde;y bỏ ra một ch&uacute;t chi ph&iacute; thu&ecirc; người trả lời tin nhắn nếu bạn kh&ocirc;ng c&oacute; thời gian để đảm bảo dịch vụ chăm s&oacute;c kh&aacute;ch h&agrave;ng được tốt nhất.</span></span></p>\r\n\r\n<h3 dir=\"ltr\" style=\"text-align:justify\"><span style=\"font-size:18px\"><strong><span style=\"font-family:Times New Roman,Times,serif\">Xu hướng facebook marketing quảng c&aacute;o d&ugrave;ng người nổi tiếng</span></strong></span></h3>\r\n\r\n<p dir=\"ltr\" style=\"text-align:justify\"><span style=\"font-size:16px\"><span style=\"font-family:Times New Roman,Times,serif\">Quảng c&aacute;o d&ugrave;ng người nổi tiếng sẽ n&acirc;ng cao lượt theo d&otilde;i v&agrave; đồng thời n&acirc;ng tầm thương hiệu sản phẩm.</span></span></p>\r\n\r\n<h3 dir=\"ltr\" style=\"text-align:justify\"><span style=\"font-size:18px\"><strong><span style=\"font-family:Times New Roman,Times,serif\">Xu hướng facebook marketing thu&ecirc; người viết SEO</span></strong></span></h3>\r\n\r\n<p dir=\"ltr\" style=\"text-align:justify\"><span style=\"font-size:16px\"><span style=\"font-family:Times New Roman,Times,serif\">Một v&agrave;i trường hợp bạn viết v&agrave; đăng rất nhiều nhưng b&agrave;i viết của bạn rất &iacute;t thu h&uacute;t, bạn mất kh&aacute; nhiều thời gian v&agrave; c&ocirc;ng sức nhưng kh&ocirc;ng đạt hiệu quả, doanh thu b&aacute;n h&agrave;ng vẫn &igrave; ạch v&agrave;i ở một con số. </span></span></p>\r\n\r\n<p dir=\"ltr\" style=\"text-align:justify\"><span style=\"font-size:16px\"><span style=\"font-family:Times New Roman,Times,serif\">Đừng lo lắng, với một khoản chi ph&iacute; rất nhỏ, bạn sẽ c&oacute; được b&agrave;i viết giới thiệu sản phẩm, thu h&uacute;t nhiều kh&aacute;ch h&agrave;ng, v&agrave; dẫn đầu top t&igrave;m kiếm. </span></span></p>\r\n\r\n<p dir=\"ltr\" style=\"text-align:justify\"><span style=\"font-size:16px\"><span style=\"font-family:Times New Roman,Times,serif\">Với những kỹ năng viết chuẩn CEO, những b&agrave;i quảng c&aacute;o sản phẩm của bạn sẽ ngay lập tức ph&aacute;t huy được t&aacute;c dụng. </span></span></p>\r\n\r\n<p dir=\"ltr\" style=\"text-align:justify\"><span style=\"font-size:16px\"><span style=\"font-family:Times New Roman,Times,serif\">Đ&acirc;y đang l&agrave; một trong những <strong>xu hướng facebook marketing</strong> thịnh h&agrave;nh nhất hiện nay</span></span></p>\r\n\r\n<h3 dir=\"ltr\" style=\"text-align:justify\"><span style=\"font-size:18px\"><strong><span style=\"font-family:Times New Roman,Times,serif\">Xu hướng facebook marketing với tham gia nh&oacute;m</span></strong></span></h3>\r\n\r\n<p dir=\"ltr\" style=\"text-align:justify\"><span style=\"font-size:16px\"><span style=\"font-family:Times New Roman,Times,serif\"><strong>Xu hướng facebook marketing</strong> hiệu quả l&agrave; tham gia v&agrave;o c&aacute;c hội nh&oacute;m để quảng b&aacute; sản phẩm, nhờ c&aacute;ch n&agrave;y bạn c&oacute; thể khoanh v&ugrave;ng kh&aacute;ch h&agrave;ng tiềm năng, gi&uacute;p b&agrave;i viết của bạn được ch&uacute; &yacute; hơn.</span></span></p>\r\n\r\n<h3 dir=\"ltr\" style=\"text-align:justify\"><span style=\"font-size:18px\"><strong><span style=\"font-family:Times New Roman,Times,serif\">Xu hướng facebook marketing content Facebook</span></strong></span></h3>\r\n\r\n<p dir=\"ltr\" style=\"text-align:justify\"><span style=\"font-size:16px\"><span style=\"font-family:Times New Roman,Times,serif\">Sự cạnh tranh giữa những thương hiệu l&agrave;m quảng c&aacute;o Facebook đ&oacute; l&agrave; Content. Ai c&oacute; nội dung hấp dẫn hơn th&igrave; sẽ thu h&uacute;t được nhiều kh&aacute;ch h&agrave;ng hơn. </span></span></p>\r\n\r\n<p dir=\"ltr\" style=\"text-align:justify\"><span style=\"font-size:16px\"><span style=\"font-family:Times New Roman,Times,serif\">Bởi vậy, ng&acirc;n s&aacute;ch đầu tư v&agrave;o content Facebook cũng phải lớn hơn, đầu tư cả về nh&acirc;n lực v&agrave; nguồn lực.</span></span></p>\r\n\r\n<p dir=\"ltr\" style=\"text-align:center\"><span style=\"font-size:16px\"><span style=\"font-family:Times New Roman,Times,serif\"><img alt=\"xu hướng facebook marketing\" height=\"350\" src=\"/image/images/xu-huong-facebook-marketing-nam-2019.jpg\" width=\"600\" /></span></span></p>\r\n\r\n<p dir=\"ltr\" style=\"text-align:center\"><em><span style=\"font-size:16px\"><span style=\"font-family:Times New Roman,Times,serif\">Xu hướng facebook marketing</span></span></em></p>\r\n\r\n<h3 dir=\"ltr\" style=\"text-align:justify\"><span style=\"font-size:18px\"><strong><span style=\"font-family:Times New Roman,Times,serif\">Facebook thắt chặt lượng Organic Search</span></strong></span></h3>\r\n\r\n<p dir=\"ltr\" style=\"text-align:justify\"><span style=\"font-size:16px\"><span style=\"font-family:Times New Roman,Times,serif\">Facebook t&igrave;m kiếm kh&aacute;ch h&agrave;ng dựa theo th&oacute;i quen, h&agrave;nh vi t&igrave;m kiếm của người ti&ecirc;u d&ugrave;ng nhưng t&iacute;nh năng bảo mật th&ocirc;ng tin kh&aacute;ch h&agrave;ng c&agrave;ng phải thắt chặt hơn. Bởi vậy việc t&igrave;m kiếm kh&aacute;ch h&agrave;ng cũng trở n&ecirc;n kh&oacute; khăn hơn.</span></span></p>\r\n\r\n<p dir=\"ltr\" style=\"text-align:justify\"><span style=\"font-size:16px\"><span style=\"font-family:Times New Roman,Times,serif\">Với sự ph&aacute;t triển ng&agrave;y c&agrave;ng mạnh của <strong>xu hướng facebook marketing</strong>, đ&acirc;y đ&atilde; trở th&agrave;nh nguồn kinh doanh với mức lợi nhuận khủng, mang đến gi&aacute; trị hiệu quả kinh tế lớn.</span></span></p>\r\n', '', '', '', '', '', 0, 'en-nhung-xu-huong-facebook-marketing-phat-trien-hien-nay', '[TÌM HIỂU] Những xu hướng facebook marketing phát triển hiện nay', 'Bạn đang muốn tìm hiểu xu hướng facebook marketing là gì? Hiện nay có những xu hướng facebook marketing nào? Hãy cùng chúng tôi tìm hiểu qua bài viết dưới đây.', 'Xu hướng facebook marketing, xu huong facebook marketing');
INSERT INTO `news_languages` (`id`, `news_id`, `languages_code`, `lang_news_name`, `lang_news_des`, `lang_news_content`, `lang_news_sub_info1`, `lang_news_sub_info2`, `lang_news_sub_info3`, `lang_news_sub_info4`, `lang_news_sub_info5`, `edit_state`, `friendly_url`, `title_seo`, `des_seo`, `keyword`) VALUES
(11, 6, 'vn', 'Tìm hiểu cách check Unique bài viết chuẩn SEO', 'Sau đây, chúng tôi sẽ chia sẻ với các bạn một số hướng dẫn check unique bài viết chuẩn SEO.', '<p dir=\"ltr\" style=\"text-align:justify\"><span style=\"font-size:16px\"><span style=\"font-family:Times New Roman,Times,serif\"><strong>Check unique b&agrave;i viết chuẩn SEO, c&ocirc;ng cụ kiểm tra độ tr&ugrave;ng lặp nội dung </strong>hiện được nhiều người sử dụng v&agrave; t&igrave;m kiểm để n&acirc;ng cao chất lượng nội dung độ mới của b&agrave;i viết trước khi khai b&aacute;o với google.</span></span></p>\r\n\r\n<p dir=\"ltr\" style=\"text-align:justify\"><span style=\"font-size:16px\"><span style=\"font-family:Times New Roman,Times,serif\">Để viết được một b&agrave;i chuẩn SEO th&igrave; đ&ograve;i hỏi người viết cần phải c&oacute; năng lực thực sự. Lấy nội dung để l&agrave;m nền tảng nhu cầu t&igrave;m kiếm của người d&ugrave;ng.</span></span></p>\r\n\r\n<p dir=\"ltr\" style=\"text-align:justify\"><span style=\"font-size:16px\"><span style=\"font-family:Times New Roman,Times,serif\">Ngo&agrave;i ra, nếu như bạn l&agrave;m tốt về mặt nội dung v&agrave; check uniquur content tốt gi&uacute;p bạn c&oacute; những traffic tập trung, nhắm đ&uacute;ng đối tượng cần hướng tới m&agrave; c&ograve;n l&agrave; phương ph&aacute;p duy tr&igrave; sự tương t&aacute;c giữa độc giả về sau n&agrave;y.</span></span></p>\r\n\r\n<p dir=\"ltr\" style=\"text-align:justify\"><span style=\"font-size:16px\"><span style=\"font-family:Times New Roman,Times,serif\">Nhưng để l&agrave;m được như vậy ch&uacute;ng ta cần phải t&igrave;m hiểu unique l&agrave; g&igrave;?<strong> Check unique b&agrave;i viết chuẩn SEO</strong> l&agrave; g&igrave;? &nbsp;B&agrave;i viết chuẩn SEO l&agrave; g&igrave;? </span></span></p>\r\n\r\n<h2 dir=\"ltr\" style=\"text-align:justify\"><span style=\"color:#c0392b\"><span style=\"font-size:20px\"><strong><span style=\"font-family:Times New Roman,Times,serif\">T&igrave;m hiểu check unique b&agrave;i viết chuẩn SEO l&agrave; g&igrave;</span></strong></span></span></h2>\r\n\r\n<h3 dir=\"ltr\" style=\"text-align:justify\"><strong><span style=\"font-size:18px\"><span style=\"font-family:Times New Roman,Times,serif\">Check unique l&agrave; g&igrave;</span></span></strong></h3>\r\n\r\n<p dir=\"ltr\" style=\"text-align:justify\"><span style=\"font-size:16px\"><span style=\"font-family:Times New Roman,Times,serif\"><strong>Check unique</strong> l&agrave; t&iacute;nh độc đ&aacute;o, độc nhất của thương hiệu, hay một sản phẩm n&agrave;o đ&oacute;. hay một b&agrave;i viết của một ai đ&oacute;. Mặt kh&aacute;c, c<strong>heck unique </strong>c&ograve;n l&agrave; bản chất của những g&igrave; l&agrave;m cho sản phẩm hoặc dịch vụ của bạn tốt hơn so với đối thủ cạnh tranh.</span></span></p>\r\n\r\n<h3 dir=\"ltr\" style=\"text-align:justify\"><span style=\"font-size:18px\"><strong><span style=\"font-family:Times New Roman,Times,serif\">B&agrave;i viết chuẩn SEO l&agrave; g&igrave;</span></strong></span></h3>\r\n\r\n<p dir=\"ltr\" style=\"text-align:justify\"><span style=\"font-size:16px\"><span style=\"font-family:Times New Roman,Times,serif\">B&agrave;i viết chuẩn SEO l&agrave; một b&agrave;i viết tự nhi&ecirc;n, kh&ocirc;ng lặp lại qu&aacute; nhiều từ kho&aacute;, v&agrave; được tạo ra để k&eacute;o c&aacute;c traffic từ bộ m&aacute;y c&ocirc;ng cụ t&igrave;m kiếm. </span></span></p>\r\n\r\n<p dir=\"ltr\" style=\"text-align:justify\"><span style=\"font-size:16px\"><span style=\"font-family:Times New Roman,Times,serif\">Điều quan trọng ở đ&acirc;y l&agrave; b&agrave;i viết phải được chọn v&agrave; sử dụng một c&aacute;ch kh&eacute;o l&eacute;o v&agrave; tối ưu nhất. Đ&oacute; l&agrave; điểm mấu chốt của vấn đề để b&agrave;i viết l&agrave;m h&agrave;i l&ograve;ng bộ m&aacute;y t&igrave;m kiếm v&agrave; kh&aacute;ch h&agrave;ng kh&aacute;ch h&agrave;ng thấy được năng lực ở bạn.</span></span></p>\r\n\r\n<p dir=\"ltr\" style=\"text-align:center\"><span style=\"font-size:16px\"><span style=\"font-family:Times New Roman,Times,serif\"><img alt=\"check unique bài viết chuẩn SEO\" height=\"350\" src=\"/image/images/check-unique-bai-viet-chuan-seo.jpg\" width=\"600\" /></span></span></p>\r\n\r\n<p dir=\"ltr\" style=\"text-align:center\"><em><span style=\"font-size:16px\"><span style=\"font-family:Times New Roman,Times,serif\">Check unique b&agrave;i viết chuẩn SEO</span></span></em></p>\r\n\r\n<p dir=\"ltr\" style=\"text-align:justify\"><span style=\"font-size:36px\"><span style=\"color:#16a085\"><strong><span style=\"font-family:Times New Roman,Times,serif\">|</span></strong></span></span><em><span style=\"font-size:14px\"><span style=\"font-family:Times New Roman,Times,serif\">&quot;Viết b&agrave;i chuẩn SEO l&agrave; g&igrave;? Dịch vụ viết b&agrave;i chuẩn SEO như thế n&agrave;o?&nbsp; Bạn h&atilde;y tham khảo th&ecirc;m b&agrave;i viết <a href=\"https://www.kinhdoanhinternet.com.vn/dich-vu-nhan-viet-bai-chuan-seo-thue\"><span style=\"color:#8e44ad\"><strong>Dịch vụ viết b&agrave;i chuẩn SEO</strong></span></a> của ch&uacute;ng t&ocirc;i nh&eacute;.&quot;</span></span></em></p>\r\n\r\n<h3 dir=\"ltr\" style=\"text-align:justify\"><span style=\"font-size:18px\"><strong><span style=\"font-family:Times New Roman,Times,serif\">Check unique b&agrave;i viết chuẩn SEO l&agrave; g&igrave;</span></strong></span></h3>\r\n\r\n<p dir=\"ltr\" style=\"text-align:justify\"><span style=\"font-size:16px\"><span style=\"font-family:Times New Roman,Times,serif\"><strong>Check unique b&agrave;i viết chuẩn SEO</strong> l&agrave; một <strong>c&ocirc;ng cụ kiểm tra tr&ugrave;ng lặp nội dung</strong>. Kh&ocirc;ng cần biết bạn v&ocirc; t&igrave;nh hay cố &yacute; chỉ cần nội dung của website bạn tr&ugrave;ng với một website bất kỳ th&igrave; <strong>c&ocirc;ng cụ kiểm tra tr&ugrave;ng lặp nội dung</strong> sẽ t&igrave;m ra v&agrave; b&agrave;i viết của bạn rớt hạng l&agrave; một điều chắc chắn.</span></span></p>\r\n\r\n<h2 dir=\"ltr\" style=\"text-align:justify\"><span style=\"color:#c0392b\"><span style=\"font-size:20px\"><strong><span style=\"font-family:Times New Roman,Times,serif\">Check unique content b&agrave;i viết chuẩn SEO bằng tay</span></strong></span></span></h2>\r\n\r\n<p dir=\"ltr\" style=\"text-align:justify\"><span style=\"font-size:16px\"><span style=\"font-family:Times New Roman,Times,serif\">Nhiều người đặt ra c&acirc;u hỏi l&agrave; liệu c&oacute; c&oacute; hay kh&ocirc;ng thủ thuật <strong>check unique b&agrave;i viết chuẩn SEO</strong> bằng tay? Đương nhi&ecirc;n l&agrave; c&oacute;, v&agrave; hơn nữa thủ thuật <strong>check content unique</strong> v&ocirc; c&ugrave;ng đơn giản v&agrave; hầu như bạn chẳng cần phải l&agrave;m g&igrave; cả, đơn thuần l&agrave; copy một đoạn văn bất k&igrave; ở tr&ecirc;n b&agrave;i viết sau đ&oacute; paste l&ecirc;n trang t&igrave;m kiếm google, hoặc trang t&igrave;m kiếm n&agrave;o đ&oacute; t&ugrave;y bạn. </span></span></p>\r\n\r\n<p dir=\"ltr\" style=\"text-align:justify\"><span style=\"font-size:16px\"><span style=\"font-family:Times New Roman,Times,serif\">C&ocirc;ng việc l&uacute;c n&agrave;y của bạn l&agrave; nh&igrave;n v&agrave;o kết quả hiện ra v&agrave;o những chữ in đậm, sẽ c&oacute; kết quả bạn cần.&nbsp;</span></span><span style=\"font-size:16px\"><span style=\"font-family:Times New Roman,Times,serif\">Do phương ph&aacute;p <strong>kiểm tra tr&ugrave;ng lặp nội dung</strong> n&agrave;y đa phần dựa v&agrave;o sự ph&aacute;n đo&aacute;n của bạn n&ecirc;n đ&ocirc;i khi sẽ c&oacute; sự sai lệch v&agrave; kết quả đem lại chỉ l&agrave; sự tưởng đối.</span></span></p>\r\n\r\n<h2 dir=\"ltr\" style=\"text-align:justify\"><span style=\"color:#c0392b\"><span style=\"font-size:20px\"><strong><span style=\"font-family:Times New Roman,Times,serif\">Check unique b&agrave;i viết chuẩn SEO với c&ocirc;ng cụ small SEO</span></strong></span></span></h2>\r\n\r\n<p dir=\"ltr\" style=\"text-align:justify\"><span style=\"font-size:16px\"><span style=\"font-family:Times New Roman,Times,serif\">Để <strong>check unique b&agrave;i viết chuẩn SEO</strong> bằng c&ocirc;ng cụ n&agrave;y, bạn cần thực hiện 3 bước:</span></span></p>\r\n\r\n<ol>\r\n	<li dir=\"ltr\">\r\n	<p dir=\"ltr\" style=\"text-align:justify\"><span style=\"font-size:16px\"><span style=\"font-family:Times New Roman,Times,serif\">B1: Truy cập website: https://smallseotools.com/plagiarism-checker/</span></span></p>\r\n	</li>\r\n	<li dir=\"ltr\">\r\n	<p dir=\"ltr\" style=\"text-align:justify\"><span style=\"font-size:16px\"><span style=\"font-family:Times New Roman,Times,serif\">B2: Nhập nội dung b&agrave;i viết v&agrave;o mục copy v&agrave; paste your text below ( giới hạn trong 1000 từ)</span></span></p>\r\n	</li>\r\n	<li dir=\"ltr\">\r\n	<p dir=\"ltr\" style=\"text-align:justify\"><span style=\"font-size:16px\"><span style=\"font-family:Times New Roman,Times,serif\">B3: Tiến h&agrave;nh check Unique &ndash; Check Plagiarism. Kết quả sẽ hiện ra sau một &iacute;t ph&uacute;t:</span></span></p>\r\n	</li>\r\n</ol>\r\n\r\n<p dir=\"ltr\" style=\"text-align:justify\"><span style=\"font-size:16px\"><span style=\"font-family:Times New Roman,Times,serif\">- 100% <strong>check unique b&agrave;i viết chuẩn SEO</strong></span></span></p>\r\n\r\n<p dir=\"ltr\" style=\"text-align:justify\"><span style=\"font-size:16px\"><span style=\"font-family:Times New Roman,Times,serif\">- Nếu c&oacute; lỗi th&igrave; b&eacute; hơn 100%, nh&igrave;n tr&ecirc;n đ&oacute; bạn sẽ thấy c&acirc;u n&agrave;o copy, chỉnh sửa lại cho n&oacute; đặt chuẩn.</span></span></p>\r\n\r\n<h2 dir=\"ltr\" style=\"text-align:justify\"><span style=\"color:#c0392b\"><span style=\"font-size:20px\"><strong><span style=\"font-family:Times New Roman,Times,serif\">L&agrave;m thế n&agrave;o để check unique b&agrave;i viết chuẩn SEO</span></strong></span></span></h2>\r\n\r\n<p dir=\"ltr\" style=\"text-align:center\"><span style=\"font-size:16px\"><span style=\"font-family:Times New Roman,Times,serif\"><img alt=\"check unique bài viết chuẩn SEO\" height=\"350\" src=\"/image/images/check-unique-bai-viet-chuan-seo-smaill-SEO.jpg\" width=\"600\" /></span></span></p>\r\n\r\n<p dir=\"ltr\" style=\"text-align:center\"><em><span style=\"font-size:16px\"><span style=\"font-family:Times New Roman,Times,serif\">L&agrave;m sao để kiểm tra nội dung chuẩn SEO</span></span></em></p>\r\n\r\n<p dir=\"ltr\" style=\"text-align:justify\"><span style=\"color:#16a085\"><span style=\"font-size:36px\"><strong><span style=\"font-family:Times New Roman,Times,serif\">|</span></strong></span></span><em><span style=\"font-size:14px\"><span style=\"font-family:Times New Roman,Times,serif\">&quot;Xem th&ecirc;m những c&ocirc;ng cụ kiểm tra b&agrave;i viết chuẩn SEO <a href=\"https://www.kinhdoanhinternet.com.vn/top-5-cong-cu-kiem-tra-bai-viet-chuan-seo\"><strong>TẠI Đ&Acirc;Y</strong></a>.&quot;</span></span></em></p>\r\n\r\n<p dir=\"ltr\" style=\"text-align:justify\"><span style=\"font-size:16px\"><span style=\"font-family:Times New Roman,Times,serif\">Khi x&acirc;y dựng một b&agrave;i viết cho website th&igrave; l&agrave;m sao để biết b&agrave;i viết của m&igrave;nh c&oacute; copy hay kh&ocirc;ng, c&oacute; giống với c&aacute;c trang web của đối thủ kh&aacute;c hay kh&ocirc;ng. Nhằm kiểm so&aacute;t tiến độ v&agrave; đưa ra sự điều chỉnh cần thiết. Dưới đ&acirc;y l&agrave; một số c&ocirc;ng cụ để <strong>check unique b&agrave;i viết chuẩn SEO</strong>:</span></span></p>\r\n\r\n<h3 dir=\"ltr\" style=\"text-align:justify\"><span style=\"font-size:18px\"><strong><span style=\"font-family:Times New Roman,Times,serif\">C&ocirc;ng cụ check content unique b&agrave;i viết chuản SEO&nbsp;smallseotools.com</span></strong></span></h3>\r\n\r\n<p dir=\"ltr\" style=\"text-align:justify\"><span style=\"font-size:16px\"><span style=\"font-family:Times New Roman,Times,serif\"><strong>C&ocirc;ng cụ kiểm tra tr&ugrave;ng lặp nội dung</strong>&nbsp;n&agrave;y cho ph&eacute;p ch&uacute;ng ta kiểm tra từ đoạn văn tr&ecirc;n website c&oacute; bị tr&ugrave;ng lặp nội dung ở trang website n&agrave;o đ&oacute; hay kh&ocirc;ng. Điều n&agrave;y rất quan trọng v&igrave; Google rất khắt khe trong việc vấn đề tr&ugrave;ng lặp nội dung để đảm bảo nội dung bản quyền cho mỗi website độc lập.</span></span></p>\r\n\r\n<h3 dir=\"ltr\" style=\"text-align:justify\"><span style=\"font-size:18px\"><strong><span style=\"font-family:Times New Roman,Times,serif\">C&ocirc;ng cụ check unique b&agrave;i viết chuẩn SEO duplichecker.com</span></strong></span></h3>\r\n\r\n<p dir=\"ltr\" style=\"text-align:justify\"><span style=\"font-size:16px\"><span style=\"font-family:Times New Roman,Times,serif\"><strong>C&ocirc;ng cụ check unique b&agrave;i viết chuẩn SEO</strong> duplichecker.com l&agrave; một c&ocirc;ng cụ kiểm tra giống như smallseotool. <strong>C&ocirc;ng cụ check unique</strong> b&agrave;i viết n&agrave;y cho ph&eacute;p người dung kiểm tra nội dung đoạn văn kh&ocirc;ng qu&aacute; 1000 từ trong một lần kiểm tra. </span></span></p>\r\n\r\n<p dir=\"ltr\" style=\"text-align:justify\"><span style=\"font-size:16px\"><span style=\"font-family:Times New Roman,Times,serif\">Ngo&agrave;i ra c&ocirc;ng cụ <strong>check content unique&nbsp;</strong>c&ograve;n kiểm tra lỗi ch&iacute;nh tả trong đoạn văn. Để biết th&ecirc;m chi tiếc về những vấn đề trong nội dung th&igrave; phải đăng k&yacute; t&agrave;i khoản tr&ecirc;n page.</span></span></p>\r\n\r\n<h3 dir=\"ltr\" style=\"text-align:justify\"><span style=\"font-size:18px\"><strong><span style=\"font-family:Times New Roman,Times,serif\">C&ocirc;ng cụ check unique b&agrave;i viết chuẩn SEO copyscape.com</span></strong></span></h3>\r\n\r\n<p dir=\"ltr\" style=\"text-align:justify\"><span style=\"font-size:16px\"><span style=\"font-family:Times New Roman,Times,serif\">C&ocirc;ng cụ <strong>kiểm tra nội dung tr&ugrave;ng lặp</strong>&nbsp;n&agrave;y cũng giống như hai c&ocirc;ng cụ tr&ecirc;n. Những <strong>c&ocirc;ng cụ kiểm tra tr&ugrave;ng lặp nội dung</strong> n&agrave;y&nbsp;cho ph&eacute;p ta d&aacute;n link trực tiếp để kiểm tra. Thay v&igrave; copy nội dung rồi d&aacute;n v&agrave;o kiểm tra như 2 c&ocirc;ng cụ tr&ecirc;n. Điều n&agrave;y gi&uacute;p ch&uacute;ng ta bớt thao t&aacute;c thực hiện <strong>kiểm tra nội dung tr&ugrave;ng lặp </strong>v&agrave; cũng tiết kiệm thời gian ch&uacute;ng ta hơn.</span></span></p>\r\n\r\n<h3 dir=\"ltr\" style=\"text-align:justify\"><span style=\"font-size:18px\"><strong><span style=\"font-family:Times New Roman,Times,serif\">C&ocirc;ng cụ check unique b&agrave;i viết chuẩn SEO cho website</span></strong></span></h3>\r\n\r\n<p dir=\"ltr\" style=\"text-align:justify\"><span style=\"font-size:16px\"><span style=\"font-family:Times New Roman,Times,serif\">Đ&acirc;y l&agrave; một c&ocirc;ng cụ d&ugrave;ng để <strong>kiểm tra nội dung tr&ugrave;ng lặp</strong> b&agrave;i viết đ&atilde; chuẩn seo hay chưa. N&oacute; kiểm tra c&aacute;c từ kh&oacute;a ch&iacute;nh, từ kh&oacute;a phụ, image, ...v&agrave; cả nội dung b&agrave;i viết. </span></span><span style=\"font-size:16px\"><span style=\"font-family:Times New Roman,Times,serif\"><strong>Check unique b&agrave;i viết chuẩn SEO</strong> sẽ gi&uacute;p c&aacute;c bạn đưa ra một số đ&aacute;nh gi&aacute; về c&aacute;c ti&ecirc;u chuẩn SEO từ đ&oacute; ch&uacute;ng ta c&oacute; thể điều chỉnh nội dung website một c&aacute;ch hợp l&yacute;.</span></span></p>\r\n\r\n<p dir=\"ltr\" style=\"text-align:center\"><span style=\"font-size:16px\"><span style=\"font-family:Times New Roman,Times,serif\"><img alt=\"check unique bài viết chuẩn SEO\" height=\"350\" src=\"/image/images/check-unique-bai-viet-chuan-seo-tot-nhat.jpg\" width=\"600\" /></span></span></p>\r\n\r\n<p dir=\"ltr\" style=\"text-align:center\"><em><span style=\"font-size:16px\"><span style=\"font-family:Times New Roman,Times,serif\">Check unique b&agrave;i viết chuẩn SEO</span></span></em></p>\r\n\r\n<p dir=\"ltr\" style=\"text-align:justify\"><span style=\"font-size:16px\"><span style=\"font-family:Times New Roman,Times,serif\">Từ những c&aacute;ch hướng dẫn tr&ecirc;n đ&acirc;y, hi vọng c&aacute;c doanh nghiệp hay c&aacute;c writer c&oacute; c&ocirc;ng cụ <strong>check unique b&agrave;i viết chuẩn SEO</strong>. Sử dụng lời văn, c&acirc;u n&oacute;i của m&igrave;nh để b&agrave;i viết th&ecirc;m hấp dẫn v&agrave; đặc biệt lưu &yacute; đừng để tr&ugrave;ng lặp với nội dung b&agrave;i viết của những người kh&aacute;c. </span></span><span style=\"font-size:16px\"><span style=\"font-family:Times New Roman,Times,serif\">Khi đ&oacute; b&agrave;i viết của bạn mới đ&aacute;ng gi&aacute; cao.</span></span></p>\r\n\r\n<p dir=\"ltr\" style=\"text-align:justify\"><span style=\"font-family:Times New Roman,Times,serif\"><span style=\"font-size:16px\">Tr&ecirc;n đ&acirc;y l&agrave; b&agrave;i viết m&agrave; ch&uacute;ng t&ocirc;i đ&atilde; chia sẽ cho c&aacute;c bạn biết th&ecirc;m về <strong>unique l&agrave; g&igrave;</strong> v&agrave;&nbsp;<strong>check unique b&agrave;i viết chuẩn SEO </strong>mới nhất. Ch&uacute;c c&aacute;c bạn th&agrave;nh c&ocirc;ng.</span></span></p>\r\n', '', '', '', '', '', 0, 'cach-check-unique-bai-viet-chuan-seo', '[TÌM HIỂU] Cách check Unique bài viết chuẩn SEO phổ biến hiện nay', 'Unique là gì? Check unique content như thế nào. Những công cụ kiểm tra trùng lặp nội dung nào hiện nay chất lượng. Hãy tìm hiểu thêm về cách check unique này nhé.', 'unique là gì, check unique, check unique content, check content unique, check unique bài viết chuẩn SEO, check unique bài viết, kiểm tra trùng lặp nội dung, kiểm tra nội dung trùng lặp, công cụ kiểm tra trùng lặp nội dung'),
(12, 6, 'en', 'english version Tìm hiểu cách check Unique bài viết chuẩn SEO', 'english version Sau đây, chúng tôi sẽ chia sẻ với các bạn một số hướng dẫn check unique bài viết chuẩn SEO.', 'english version <p dir=\"ltr\" style=\"text-align:justify\"><span style=\"font-size:16px\"><span style=\"font-family:Times New Roman,Times,serif\">Để viết được một b&agrave;i chuẩn SEO th&igrave; đ&ograve;i hỏi người viết cần phải c&oacute; năng lực thực sự. Lấy nội dung để l&agrave;m nền tảng nhu cầu t&igrave;m kiếm của người d&ugrave;ng.</span></span></p>\r\n\r\n<p dir=\"ltr\" style=\"text-align:justify\"><span style=\"font-size:16px\"><span style=\"font-family:Times New Roman,Times,serif\">Ngo&agrave;i ra, nếu như bạn l&agrave;m tốt về mặt nội dung của b&agrave;i viết th&igrave; n&oacute; kh&ocirc;ng những gi&uacute;p bạn c&oacute; những traffic tập trung, nhắm đ&uacute;ng đối tượng cần hướng tới m&agrave; c&ograve;n l&agrave; phương ph&aacute;p duy tr&igrave; sự tương t&aacute;c giữa độc giả về sau n&agrave;y.</span></span></p>\r\n\r\n<p dir=\"ltr\" style=\"text-align:justify\"><span style=\"font-size:16px\"><span style=\"font-family:Times New Roman,Times,serif\">Nhưng để l&agrave;m được như vậy ch&uacute;ng ta cần phải t&igrave;m hiểu unique l&agrave; g&igrave;?<strong> Check unique b&agrave;i viết chuẩn SEO</strong> l&agrave; g&igrave;? &nbsp;B&agrave;i viết chuẩn SEO l&agrave; g&igrave; ? </span></span></p>\r\n\r\n<h2 dir=\"ltr\" style=\"text-align:justify\"><span style=\"color:#c0392b\"><span style=\"font-size:20px\"><strong><span style=\"font-family:Times New Roman,Times,serif\">T&Igrave;M HIỂU CHECK UNIQUE B&Agrave;I VIẾT CHUẨN SEO L&Agrave; G&Igrave;</span></strong></span></span></h2>\r\n\r\n<h3 dir=\"ltr\" style=\"text-align:justify\"><strong><span style=\"font-size:18px\"><span style=\"font-family:Times New Roman,Times,serif\">Unique l&agrave; g&igrave;</span></span></strong></h3>\r\n\r\n<p dir=\"ltr\" style=\"text-align:justify\"><span style=\"font-size:16px\"><span style=\"font-family:Times New Roman,Times,serif\">Unique l&agrave; t&iacute;nh độc đ&aacute;o, độc nhất của thương hiệu, hay một sản phẩm n&agrave;o đ&oacute;. hay một b&agrave;i viết của một ai đ&oacute;. Mặt kh&aacute;c, Unique c&ograve;n l&agrave; bản chất của những g&igrave; l&agrave;m cho sản phẩm hoặc dịch vụ của bạn tốt hơn so với đối thủ cạnh tranh.</span></span></p>\r\n\r\n<h3 dir=\"ltr\" style=\"text-align:justify\"><span style=\"font-size:18px\"><strong><span style=\"font-family:Times New Roman,Times,serif\">B&agrave;i viết chuẩn SEO l&agrave; g&igrave;</span></strong></span></h3>\r\n\r\n<p dir=\"ltr\" style=\"text-align:justify\"><span style=\"font-size:16px\"><span style=\"font-family:Times New Roman,Times,serif\">B&agrave;i viết chuẩn SEO l&agrave; một b&agrave;i viết tự nhi&ecirc;n, kh&ocirc;ng lặp lại qu&aacute; nhiều từ kho&aacute;, v&agrave; được tạo ra để k&eacute;o c&aacute;c traffic từ bộ m&aacute;y c&ocirc;ng cụ t&igrave;m kiếm. </span></span></p>\r\n\r\n<p dir=\"ltr\" style=\"text-align:justify\"><span style=\"font-size:16px\"><span style=\"font-family:Times New Roman,Times,serif\">Điều quan trọng ở đ&acirc;y l&agrave; b&agrave;i viết phải được chọn v&agrave; sử dụng một c&aacute;ch kh&eacute;o l&eacute;o v&agrave; tối ưu nhất. Đ&oacute; l&agrave; điểm mấu chốt của vấn đề để b&agrave;i viết l&agrave;m h&agrave;i l&ograve;ng bộ m&aacute;y t&igrave;m kiếm v&agrave; kh&aacute;ch h&agrave;ng kh&aacute;ch h&agrave;ng thấy được năng lực ở bạn.</span></span></p>\r\n\r\n<p dir=\"ltr\" style=\"text-align:center\"><span style=\"font-size:16px\"><span style=\"font-family:Times New Roman,Times,serif\"><img alt=\"check unique bài viết chuẩn SEO\" height=\"380\" src=\"/image/images/check-unique-bai-viet-chuan-seo.jpg\" width=\"600\" /></span></span></p>\r\n\r\n<p dir=\"ltr\" style=\"text-align:center\"><em><span style=\"font-size:16px\"><span style=\"font-family:Times New Roman,Times,serif\">Check unique b&agrave;i viết chuẩn SEO</span></span></em></p>\r\n\r\n<p dir=\"ltr\" style=\"text-align:justify\"><span style=\"font-size:36px\"><span style=\"color:#16a085\"><strong><span style=\"font-family:Times New Roman,Times,serif\">|</span></strong></span></span><em><span style=\"font-size:14px\"><span style=\"font-family:Times New Roman,Times,serif\">&quot;Viết b&agrave;i chuẩn SEO l&agrave; g&igrave;? Dịch vụ viết b&agrave;i chuẩn SEO như thế n&agrave;o?&nbsp; Bạn h&atilde;y tham khảo th&ecirc;m b&agrave;i viết <a href=\"https://www.kinhdoanhinternet.com.vn/dich-vu-nhan-viet-bai-chuan-seo-thue\"><span style=\"color:#8e44ad\"><strong>Dịch vụ viết b&agrave;i chuẩn SEO</strong></span></a> của ch&uacute;ng t&ocirc;i nh&eacute;.&quot;</span></span></em></p>\r\n\r\n<h3 dir=\"ltr\" style=\"text-align:justify\"><span style=\"font-size:18px\"><strong><span style=\"font-family:Times New Roman,Times,serif\">Check unique b&agrave;i viết chuẩn SEO l&agrave; g&igrave;</span></strong></span></h3>\r\n\r\n<p dir=\"ltr\" style=\"text-align:justify\"><span style=\"font-size:16px\"><span style=\"font-family:Times New Roman,Times,serif\">Check unique b&agrave;i viết chuẩn SEO l&agrave; một c&ocirc;ng cụ kiểm tra về vấn đề nội dung tr&ugrave;ng lặp. Kh&ocirc;ng cần biết bạn v&ocirc; t&igrave;nh hay cố &yacute; chỉ cần nội dung của website bạn tr&ugrave;ng với một website bất kỳ th&igrave; c&ocirc;ng cụ n&agrave;y sẽ t&igrave;m ra v&agrave; b&agrave;i viết của bạn rớt hạng l&agrave; một điều chắc chắn.</span></span></p>\r\n\r\n<h2 dir=\"ltr\" style=\"text-align:justify\"><span style=\"color:#c0392b\"><span style=\"font-size:20px\"><strong><span style=\"font-family:Times New Roman,Times,serif\">CHECK UNIQUE B&Agrave;I VIẾT CHUẨN SEO BẰNG TAY</span></strong></span></span></h2>\r\n\r\n<p dir=\"ltr\" style=\"text-align:justify\"><span style=\"font-size:16px\"><span style=\"font-family:Times New Roman,Times,serif\">Nhiều người đặt ra c&acirc;u hỏi l&agrave; liệu c&oacute; c&oacute; hay kh&ocirc;ng thủ thuật <strong>check unique b&agrave;i viết chuẩn SEO</strong> bằng tay? Đương nhi&ecirc;n l&agrave; c&oacute;, v&agrave; hơn nữa thủ thuật n&agrave;y v&ocirc; c&ugrave;ng đơn giản v&agrave; hầu như bạn chẳng cần phải l&agrave;m g&igrave; cả, đơn thuần l&agrave; copy một đoạn văn bất k&igrave; ở tr&ecirc;n b&agrave;i viết sau đ&oacute; paste l&ecirc;n trang t&igrave;m kiếm google, hoặc trang t&igrave;m kiếm n&agrave;o đ&oacute; t&ugrave;y bạn. </span></span></p>\r\n\r\n<p dir=\"ltr\" style=\"text-align:justify\"><span style=\"font-size:16px\"><span style=\"font-family:Times New Roman,Times,serif\">C&ocirc;ng việc l&uacute;c n&agrave;y của bạn l&agrave; nh&igrave;n v&agrave;o kết quả hiện ra v&agrave;o những chữ in đậm, sẽ c&oacute; kết quả bạn cần. </span></span></p>\r\n\r\n<p dir=\"ltr\" style=\"text-align:justify\"><span style=\"font-size:16px\"><span style=\"font-family:Times New Roman,Times,serif\">Do phương ph&aacute;p n&agrave;y đa phần dựa v&agrave;o sự ph&aacute;n đo&aacute;n của bạn n&ecirc;n đ&ocirc;i khi sẽ c&oacute; sự sai lệch v&agrave; kết quả đem lại chỉ l&agrave; sự tưởng đối.</span></span></p>\r\n\r\n<h2 dir=\"ltr\" style=\"text-align:justify\"><span style=\"color:#c0392b\"><span style=\"font-size:20px\"><strong><span style=\"font-family:Times New Roman,Times,serif\">CHECK UNIQUE B&Agrave;I VIẾT CHUẨN SEO VỚI C&Ocirc;NG CỤ SMALL SEO</span></strong></span></span></h2>\r\n\r\n<p dir=\"ltr\" style=\"text-align:justify\"><span style=\"font-size:16px\"><span style=\"font-family:Times New Roman,Times,serif\">Để <strong>check unique b&agrave;i viết chuẩn SEO</strong> bằng c&ocirc;ng cụ n&agrave;y, bạn cần thực hiện 3 bước:</span></span></p>\r\n\r\n<ol>\r\n	<li dir=\"ltr\">\r\n	<p dir=\"ltr\" style=\"text-align:justify\"><span style=\"font-size:16px\"><span style=\"font-family:Times New Roman,Times,serif\">B1: Truy cập website: <a href=\"https://smallseotools.com/plagiarism-checker/\">https://smallseotools.com/plagiarism-checker/</a></span></span></p>\r\n	</li>\r\n	<li dir=\"ltr\">\r\n	<p dir=\"ltr\" style=\"text-align:justify\"><span style=\"font-size:16px\"><span style=\"font-family:Times New Roman,Times,serif\">B2: Nhập nội dung b&agrave;i viết v&agrave;o mục copy v&agrave; paste your text below ( giới hạn trong 1000 từ)</span></span></p>\r\n	</li>\r\n	<li dir=\"ltr\">\r\n	<p dir=\"ltr\" style=\"text-align:justify\"><span style=\"font-size:16px\"><span style=\"font-family:Times New Roman,Times,serif\">B3: Tiến h&agrave;nh check Unique &ndash; Check Plagiarism. Kết quả sẽ hiện ra sau một &iacute;t ph&uacute;t:</span></span></p>\r\n	</li>\r\n</ol>\r\n\r\n<p dir=\"ltr\" style=\"text-align:justify\"><span style=\"font-size:16px\"><span style=\"font-family:Times New Roman,Times,serif\">- 100% <strong>check unique b&agrave;i viết chuẩn SEO</strong></span></span></p>\r\n\r\n<p dir=\"ltr\" style=\"text-align:justify\"><span style=\"font-size:16px\"><span style=\"font-family:Times New Roman,Times,serif\">- Nếu c&oacute; lỗi th&igrave; b&eacute; hơn 100%, nh&igrave;n tr&ecirc;n đ&oacute; bạn sẽ thấy c&acirc;u n&agrave;o copy, chỉnh sửa lại cho n&oacute; đặt chuẩn.</span></span></p>\r\n\r\n<h2 dir=\"ltr\" style=\"text-align:justify\"><span style=\"color:#c0392b\"><span style=\"font-size:20px\"><strong><span style=\"font-family:Times New Roman,Times,serif\">L&Agrave;M THẾ N&Agrave;O ĐỂ CHECK UNIQUE B&Agrave;I VIẾT CHUẨN SEO</span></strong></span></span></h2>\r\n\r\n<p dir=\"ltr\" style=\"text-align:center\"><span style=\"font-size:16px\"><span style=\"font-family:Times New Roman,Times,serif\"><img alt=\"check unique bài viết chuẩn SEO\" height=\"350\" src=\"/image/images/check-unique-bai-viet-chuan-seo-hieu-qua.jpg\" width=\"600\" /></span></span></p>\r\n\r\n<p dir=\"ltr\" style=\"text-align:center\"><em><span style=\"font-size:16px\"><span style=\"font-family:Times New Roman,Times,serif\">L&agrave;m sao để kiểm tra nội dung chuẩn SEO</span></span></em></p>\r\n\r\n<p dir=\"ltr\" style=\"text-align:justify\"><span style=\"color:#16a085\"><span style=\"font-size:36px\"><strong><span style=\"font-family:Times New Roman,Times,serif\">|</span></strong></span></span><em><span style=\"font-size:14px\"><span style=\"font-family:Times New Roman,Times,serif\">&quot;Xem th&ecirc;m những c&ocirc;ng cụ kiểm tra b&agrave;i viết chuẩn SEO <a href=\"https://www.kinhdoanhinternet.com.vn/top-5-cong-cu-kiem-tra-bai-viet-chuan-seo\"><strong>TẠI Đ&Acirc;Y</strong></a>.&quot;</span></span></em></p>\r\n\r\n<p dir=\"ltr\" style=\"text-align:justify\"><span style=\"font-size:16px\"><span style=\"font-family:Times New Roman,Times,serif\">Khi x&acirc;y dựng một b&agrave;i viết cho website th&igrave; l&agrave;m sao để biết b&agrave;i viết của m&igrave;nh c&oacute; copy hay kh&ocirc;ng, c&oacute; giống với c&aacute;c trang web của đối thủ kh&aacute;c hay kh&ocirc;ng. Nhằm kiểm so&aacute;t tiến độ v&agrave; đưa ra sự điều chỉnh cần thiết. Dưới đ&acirc;y l&agrave; một số c&ocirc;ng cụ để <strong>check unique b&agrave;i viết chuẩn SEO</strong>:</span></span></p>\r\n\r\n<h3 dir=\"ltr\" style=\"text-align:justify\"><span style=\"font-size:18px\"><strong><span style=\"font-family:Times New Roman,Times,serif\">C&ocirc;ng cụ check unique b&agrave;i viết chuẩn SEO smallseotools.com</span></strong></span></h3>\r\n\r\n<p dir=\"ltr\" style=\"text-align:justify\"><span style=\"font-size:16px\"><span style=\"font-family:Times New Roman,Times,serif\">C&ocirc;ng cụ kiểm tra đạo văn n&agrave;y cho ph&eacute;p ch&uacute;ng ta kiểm tra từ đoạn văn tr&ecirc;n website c&oacute; bị tr&ugrave;ng lặp nội dung ở trang website n&agrave;o đ&oacute; hay kh&ocirc;ng. Điều n&agrave;y rất quan trọng v&igrave; Google rất khắt khe trong việc vấn đề đạo văn để đảm bảo nội dung bản quyền cho mỗi website độc lập.</span></span></p>\r\n\r\n<h3 dir=\"ltr\" style=\"text-align:justify\"><span style=\"font-size:18px\"><strong><span style=\"font-family:Times New Roman,Times,serif\">C&ocirc;ng cụ check unique b&agrave;i viết chuẩn SEO duplichecker.com</span></strong></span></h3>\r\n\r\n<p dir=\"ltr\" style=\"text-align:justify\"><span style=\"font-size:16px\"><span style=\"font-family:Times New Roman,Times,serif\">L&agrave; một c&ocirc;ng cụ kiểm tra giống như smallseotool. C&ocirc;ng cụ n&agrave;y cho ph&eacute;p người dung kiểm tra nội dung đoạn văn kh&ocirc;ng qu&aacute; 1000 từ trong một lần kiểm tra. Ngo&agrave;i ra c&ocirc;ng cụ n&agrave;y c&ograve;n kiểm tra lỗi ch&iacute;nh tả trong đoạn văn. Để biết th&ecirc;m chi tiếc về những vấn đề trong nội dung th&igrave; phải đăng k&yacute; t&agrave;i khoản tr&ecirc;n page.</span></span></p>\r\n\r\n<h3 dir=\"ltr\" style=\"text-align:justify\"><span style=\"font-size:18px\"><strong><span style=\"font-family:Times New Roman,Times,serif\">C&ocirc;ng cụ check unique b&agrave;i viết chuẩn SEO copyscape.com</span></strong></span></h3>\r\n\r\n<p dir=\"ltr\" style=\"text-align:justify\"><span style=\"font-size:16px\"><span style=\"font-family:Times New Roman,Times,serif\">C&ocirc;ng cụ n&agrave;y cũng giống như hai c&ocirc;ng cụ tr&ecirc;n. Những c&ocirc;ng cụ n&agrave;y cho ph&eacute;p ta d&aacute;n link trực tiếp để kiểm tra. Thay v&igrave; copy nội dung rồi d&aacute;n v&agrave;o kiểm tra như 2 c&ocirc;ng cụ tr&ecirc;n. Điều n&agrave;y gi&uacute;p ch&uacute;ng ta bớt thao t&aacute;c thực hiện kiểm tra. V&agrave; cũng tiết kiệm thời gian ch&uacute;ng ta hơn.</span></span></p>\r\n\r\n<h3 dir=\"ltr\" style=\"text-align:justify\"><span style=\"font-size:18px\"><strong><span style=\"font-family:Times New Roman,Times,serif\">C&ocirc;ng cụ check unique b&agrave;i viết chuẩn SEO cho website</span></strong></span></h3>\r\n\r\n<p dir=\"ltr\" style=\"text-align:justify\"><span style=\"font-size:16px\"><span style=\"font-family:Times New Roman,Times,serif\">Đ&acirc;y l&agrave; một c&ocirc;ng cụ d&ugrave;ng để kiểm tra nội dung b&agrave;i viết đ&atilde; chuẩn seo hay chưa. N&oacute; kiểm tra c&aacute;c từ kh&oacute;a ch&iacute;nh, từ kh&oacute;a phụ, image, ...v&agrave; cả nội dung b&agrave;i viết. <strong>Check unique b&agrave;i viết chuẩn SEO</strong> sẽ gi&uacute;p c&aacute;c bạn đưa ra một số đ&aacute;nh gi&aacute; về c&aacute;c ti&ecirc;u chuẩn SEO từ đ&oacute; ch&uacute;ng ta c&oacute; thể điều chỉnh nội dung website một c&aacute;ch hợp l&yacute;.</span></span></p>\r\n\r\n<p dir=\"ltr\" style=\"text-align:center\"><span style=\"font-size:16px\"><span style=\"font-family:Times New Roman,Times,serif\"><img alt=\"check unique bài viết chuẩn SEO\" height=\"400\" src=\"/image/images/check-unique-bai-viet-chuan-seo-don-gian.jpg\" width=\"600\" /></span></span></p>\r\n\r\n<p dir=\"ltr\" style=\"text-align:center\"><em><span style=\"font-size:16px\"><span style=\"font-family:Times New Roman,Times,serif\">Check unique b&agrave;i viết chuẩn SEO</span></span></em></p>\r\n\r\n<p dir=\"ltr\" style=\"text-align:justify\"><span style=\"font-size:16px\"><span style=\"font-family:Times New Roman,Times,serif\">Từ những c&aacute;ch hướng dẫn tr&ecirc;n đ&acirc;y, hi vọng c&aacute;c doanh nghiệp hay c&aacute;c writer c&oacute; c&ocirc;ng cụ <strong>check unique b&agrave;i viết chuẩn SEO</strong>. Sử dụng lời văn, c&acirc;u n&oacute;i của m&igrave;nh để b&agrave;i viết th&ecirc;m hấp dẫn v&agrave; đặc biệt lưu &yacute; đừng để tr&ugrave;ng lặp với nội dung b&agrave;i viết của những người kh&aacute;c. </span></span><span style=\"font-size:16px\"><span style=\"font-family:Times New Roman,Times,serif\">Khi đ&oacute; b&agrave;i viết của bạn mới đ&aacute;ng gi&aacute; cao.</span></span></p>\r\n\r\n<p dir=\"ltr\" style=\"text-align:justify\"><span style=\"font-family:Times New Roman, Times, serif\"><span style=\"font-size:16px\">Tr&ecirc;n đ&acirc;y l&agrave; b&agrave;i viết m&agrave; ch&uacute;ng t&ocirc;i đ&atilde; chia sẽ cho c&aacute;c bạn biết th&ecirc;m về&nbsp;<strong>check unique b&agrave;i viết chuẩn SEO </strong>mới nhất. Ch&uacute;c c&aacute;c bạn th&agrave;nh c&ocirc;ng.</span></span></p>\r\n', '', '', '', '', '', 0, 'en-cach-check-unique-bai-viet-chuan-seo', '[TÌM HIỂU] Cách check Unique bài viết chuẩn SEO phổ biến hiện nay', 'Chỉ cần những thao tác đơn giản và nhanh gọn lẹ, bạn cũng có thể check unique bài viết chuẩn SEO. Bạn hãy cũng chúng tôi tìm hiểu thêm về cách check unique này nhé.', '');
INSERT INTO `news_languages` (`id`, `news_id`, `languages_code`, `lang_news_name`, `lang_news_des`, `lang_news_content`, `lang_news_sub_info1`, `lang_news_sub_info2`, `lang_news_sub_info3`, `lang_news_sub_info4`, `lang_news_sub_info5`, `edit_state`, `friendly_url`, `title_seo`, `des_seo`, `keyword`) VALUES
(13, 7, 'vn', 'Cách tăng traffic cho website hiệu quả bằng nội dung SEO viết là TOP', 'Cách tăng traffic cho website như thế nào hiệu quả nhất? Tôi chắc chắn rằng nhiều bạn vẫn còn đang đi tìm cho mình một phương pháp để tăng lượng truy cập vào website. Hãy cùng tôi đi tìm hiểu các phương pháp kéo traffic qua bài viết dưới đây nhé.', '<p style=\"margin-left:0cm; margin-right:0cm; text-align:justify\"><span style=\"color:#000000\"><span style=\"font-family:Times New Roman,Times,serif\"><span style=\"font-size:16px\"><span style=\"background-color:white\">C&oacute; nhiều <strong>c&aacute;ch tăng traffic cho website</strong>. Một trong những <strong>c&aacute;ch tăng traffic cho website hiệu quả&nbsp;</strong>ch&iacute;nh l&agrave; l&agrave;m cho&nbsp;b&agrave;i viết đ&oacute; phải l&ecirc;n TOP google. Vậy l&agrave;m thế n&agrave;o để đưa b&agrave;i viết l&ecirc;n top?</span></span></span></span></p>\r\n\r\n<p style=\"margin-left:0cm; margin-right:0cm; text-align:justify\"><span style=\"color:#000000\"><span style=\"font-family:Times New Roman,Times,serif\"><span style=\"font-size:16px\"><span style=\"background-color:white\">Đưa b&agrave;i viết l&ecirc;n Top c&ocirc;ng cụ t&igrave;m kiếm,&nbsp;ai cũng muốn v&agrave; hầu hết ai cũng nghĩ rằng rất kh&oacute; l&agrave;m, hơn nữa&nbsp;c&ograve;n đặc biệt kh&oacute; với website mới, lĩnh vực cạnh tranh.&nbsp;</span></span></span></span><span style=\"color:#000000\"><span style=\"font-family:Times New Roman,Times,serif\"><span style=\"font-size:16px\"><span style=\"background-color:white\">Suy nghĩ của nhiều người l&agrave; thế phải&nbsp;cần nhiều c&ocirc;ng sức, đầu tư SEO b&agrave;i viết đ&oacute;, v&agrave; chờ đợi mới c&oacute; thể c&oacute; thứ hạng. </span></span></span></span></p>\r\n\r\n<p style=\"margin-left:0cm; margin-right:0cm; text-align:justify\"><span style=\"color:#000000\"><span style=\"font-family:Times New Roman,Times,serif\"><span style=\"font-size:16px\"><span style=\"background-color:white\">Nhưng t&ocirc;i khẳng định với c&aacute;c bạn rằng nếu biết c&aacute;ch l&agrave;m th&igrave; chỉ cần <strong>VIẾT L&Agrave; L&Ecirc;N TOP</strong> kh&ocirc;ng tốn chi ph&iacute; v&agrave; thời gian nhiều, v&agrave; kh&ocirc;ng chỉ dừng lại ở TOP một từ kh&oacute;a v&agrave; c&ograve;n top cho cả cụm từ kh&oacute;a.</span></span></span></span></p>\r\n\r\n<p style=\"margin-left:0cm; margin-right:0cm; text-align:justify\"><span style=\"color:#000000\"><span style=\"font-family:Times New Roman,Times,serif\"><span style=\"font-size:16px\"><span style=\"background-color:white\">T&ocirc;i đang l&agrave;m theo c&aacute;ch n&agrave;y v&agrave; khẳng định n&oacute;&nbsp;l&agrave; 1 trong&nbsp;</span></span></span></span><strong><span style=\"font-size:16px\"><span style=\"font-family:Times New Roman,Times,serif\">c&aacute;c c&aacute;ch tăng traffic cho website rất&nbsp;hiệu quả, bền vững.</span></span></strong></p>\r\n\r\n<p style=\"margin-left:0cm; margin-right:0cm; text-align:justify\"><span style=\"font-size:16px\"><span style=\"font-family:Times New Roman,Times,serif\"><strong><span style=\"color:#000000\"><span style=\"background-color:white\">C&aacute;ch </span></span>tăng lượng truy cập v&agrave;o website</strong></span></span><span style=\"color:#000000\"><span style=\"font-family:Times New Roman,Times,serif\"><span style=\"font-size:16px\"><span style=\"background-color:white\"><strong>&nbsp;</strong>n&agrave;y c&ograve;n gi&uacute;p tỷ lệ tho&aacute;t v&agrave; thời gian ở lại tr&ecirc;n phi&ecirc;n xem của người đọc rất đẹp, tuy nhi&ecirc;n bạn phải đầu tư nghi&ecirc;m t&uacute;c cho việc xuất bản b&agrave;i viết đ&oacute; tr&ecirc;n website.</span></span></span></span></p>\r\n\r\n<h2 style=\"margin-left:0cm; margin-right:0cm; text-align:center\"><span style=\"color:#f39c12\"><strong><span style=\"font-size:22px\"><span style=\"font-family:Times New Roman,Times,serif\"><span style=\"background-color:#c0392b\">C&aacute;ch tăng traffic cho website nhờ&nbsp;b&agrave;i viết chuẩn SEO viết l&agrave; TOP v&agrave; kh&ocirc;ng cần backlink</span></span></span></strong></span></h2>\r\n\r\n<p>&nbsp;</p>\r\n\r\n<p style=\"margin-left:0cm; margin-right:0cm; text-align:center\"><span style=\"font-family:Times New Roman,Times,serif\"><span style=\"font-size:16px\"><span style=\"color:#000000\"><img alt=\"cách kéo view cho website\" height=\"400\" src=\"/image/images/tang-traffic-cho-website-don-gian-nhat.jpg\" width=\"750\" /></span></span></span></p>\r\n\r\n<h2 style=\"margin-left:0cm; margin-right:0cm; text-align:justify\"><span style=\"font-size:22px\"><span style=\"color:#c0392b\"><strong><span style=\"font-family:Times New Roman,Times,serif\">C&aacute;ch tăng traffic cho website hiệu quả&nbsp;bằng kỹ thuật&nbsp;viết l&agrave; TOP,&nbsp;t&oacute;m lại trong 5 bước sau:</span></strong></span></span></h2>\r\n\r\n<h3 style=\"margin-left:0cm; margin-right:0cm; text-align:justify\"><span style=\"font-size:18px\"><span style=\"color:#2980b9\"><strong><span style=\"font-family:Times New Roman,Times,serif\">1. Nghi&ecirc;n cứu đối thủ v&agrave;&nbsp;<span style=\"background-color:white\">chọn ra từ kh&oacute;a phantom để&nbsp;viết l&agrave;&nbsp;TOP chắc chắn tăng traffic cho website</span></span></strong></span></span></h3>\r\n\r\n<h3 style=\"margin-left:0cm; margin-right:0cm; text-align:justify\"><span style=\"font-family:Times New Roman,Times,serif\"><span style=\"font-size:16px\"><span style=\"color:#000000\"><span style=\"background-color:white\">Nếu bạn chưa hiểu về Phantom Keywords, y&ecirc;n t&acirc;m t&ocirc;i đ&atilde; c&oacute; một viết chi tiết giải th&iacute;ch cho c&aacute;c hiểu bản chất của n&oacute; b&ecirc;n dưới. T&ocirc;i mong c&aacute;c bạn hiểu thật cặn kẽ những g&igrave; t&ocirc;i tr&igrave;nh b&agrave;y dưới đ&acirc;y.</span></span></span></span></h3>\r\n\r\n<h3 style=\"text-align:justify\"><span style=\"font-size:18px\"><span style=\"color:#2980b9\"><strong><span style=\"font-family:Times New Roman,Times,serif\"><span style=\"background-color:white\">2. Viết b&agrave;i chuẩn SEO chất lượng c&oacute; gi&aacute; trị cho&nbsp;người đọc, đăng b&agrave;i chuẩn SEO&nbsp;v&agrave; đi link nội bộ c&oacute; logic</span></span></strong></span></span></h3>\r\n\r\n<h3 style=\"text-align:justify\"><span style=\"font-size:18px\"><span style=\"color:#2980b9\"><strong><span style=\"font-family:Times New Roman,Times,serif\"><span style=\"background-color:white\">3. Tiến h&agrave;nh SEO onpage s&acirc;u hơn&nbsp;để b&agrave;i viết cải thiện thứ hạng tốt nhất</span></span></strong></span></span></h3>\r\n\r\n<h3><span style=\"font-size:18px\"><span style=\"color:#2980b9\"><strong><span style=\"font-family:Times New Roman,Times,serif\"><span style=\"background-color:white\">4. Tăng lượng truy cập v&agrave;o website cụ thể l&agrave; b&agrave;i viết vừa xuất bản bằng một số phương ph&aacute;p sau</span></span></strong></span></span></h3>\r\n\r\n<h3><span style=\"font-size:18px\"><span style=\"color:#2980b9\"><strong><span style=\"font-family:Times New Roman,Times,serif\"><span style=\"background-color:white\">5. Chờ Google index, ph&acirc;n t&iacute;ch v&agrave;&nbsp;audit lại để cải thiện th&ecirc;m thứ hạng để&nbsp;tăng traffic cho website nhiều hơn nữa.</span></span></strong></span></span></h3>\r\n\r\n<p><span style=\"font-family:Times New Roman,Times,serif\"><span style=\"font-size:16px\"><span style=\"color:#000000\"><span style=\"background-color:white\">Audit l&agrave; g&igrave;? Một số newbie sẽ thắc mắc. M&igrave;nh cũng sẽ giải th&iacute;ch kh&aacute;i niệm n&agrave;y ph&iacute;a dưới.&nbsp;</span></span></span></span></p>\r\n\r\n<p style=\"text-align:center\"><span style=\"font-size:22px\"><strong><span style=\"color:#f39c12\"><span style=\"font-family:Times New Roman,Times,serif\"><span style=\"background-color:#c0392b\">B&acirc;y giờ t&ocirc;i sẽ đi ph&acirc;n t&iacute;ch cụ thể 5 bước như sau</span></span></span></strong></span></p>\r\n\r\n<h2 style=\"text-align:justify\"><span style=\"font-size:22px\"><span style=\"font-family:Times New Roman,Times,serif\"><span style=\"color:#c0392b\"><strong><span style=\"background-color:white\">Bước 1: Bắt đầu t</span>ăng traffic cho website hiệu quả bằng việc nghi&ecirc;n cứu đối thủ v&agrave; chọn ra phantom keywords</strong></span></span></span></h2>\r\n\r\n<p style=\"margin-left:0cm; margin-right:0cm; text-align:justify\"><span style=\"font-family:Times New Roman,Times,serif\"><span style=\"font-size:16px\"><span style=\"color:#000000\">Phantom keywords (từ kh&oacute;a b&oacute;ng ma) l&agrave; những từ kh&oacute;a c&oacute; lượng seach h&agrave;ng th&aacute;ng nhưng nhiều người lại chưa thực hiện SEO hoặc l&agrave; rất &iacute;t b&agrave;i viết về từ kh&oacute;a đ&acirc;y. </span></span></span></p>\r\n\r\n<p style=\"margin-left:0cm; margin-right:0cm; text-align:justify\"><span style=\"font-family:Times New Roman,Times,serif\"><span style=\"font-size:16px\"><span style=\"color:#000000\">V&igrave; từ kh&oacute;a n&agrave;y&nbsp;c&oacute; &iacute;t người SEO &iacute;t để &yacute; đến, n&ecirc;n bạn chỉ cần đầu tư thời gian viết một b&agrave;i viết chất lượng c&oacute; chứa từ kh&oacute;a phantom keywords n&agrave;y. Sau khi google index b&agrave;i viết th&igrave; b&agrave;i viết của bạn khả năng cao c&oacute; thể&nbsp;lập tức l&ecirc;n top. V&agrave; đương nhi&ecirc;n từ đ&oacute; sẽ c&oacute; người d&ugrave;ng t&igrave;m kiếm từ kh&oacute;a phantom n&agrave;y v&agrave; truy cập v&agrave;o b&agrave;i viết của bạn. Từ đ&oacute; <strong>tăng traffic cho website hiệu quả v&agrave; rất bền vững</strong></span></span></span></p>\r\n\r\n<p style=\"margin-left:0cm; margin-right:0cm; text-align:justify\"><span style=\"color:#16a085\"><span style=\"font-family:Tahoma,Geneva,sans-serif\"><span style=\"font-size:36px\"><span style=\"background-color:white\"><strong>|</strong></span></span></span></span><span style=\"font-family:Times New Roman,Times,serif\"><span style=\"font-size:16px\"><span style=\"color:#000000\"><span style=\"background-color:white\">&quot;Nếu chưa hiểu về Phantom Keywords, bạn n&ecirc;n đọc b&agrave;i n&agrave;y để hiểu những vấn đề t&ocirc;i đề cập b&ecirc;n dưới<strong>:&nbsp;</strong></span></span><span style=\"color:#8e44ad\"><em><strong><a href=\"https://kinhdoanhinternet.com.vn/tu-khoa-bong-ma-la-gi\">Giải đ&aacute;p từ A-Z về từ kh&oacute;a b&oacute;ng ma hay c&ograve;n gọi l&agrave; phantom keyword l&agrave; g&igrave;</a></strong></em></span></span></span>&quot;</p>\r\n\r\n<h3 style=\"margin-left:0cm; margin-right:0cm; text-align:justify\"><span style=\"color:#2980b9\"><span style=\"font-size:20px\"><strong><span style=\"font-family:Times New Roman,Times,serif\">L&agrave;m sao để t&igrave;m được những từ kh&oacute;a b&oacute;ng ma/phantom n&agrave;y để tăng lượng truy cập v&agrave;o website?</span></strong></span></span></h3>\r\n\r\n<h4 style=\"margin-left:0cm; margin-right:0cm; text-align:justify\"><span style=\"font-size:18px\"><span style=\"color:#000000\"><span style=\"font-family:Times New Roman,Times,serif\"><strong>1. Mở rộng lĩnh vực để&nbsp;t&igrave;m kiếm phantom keywords</strong></span></span></span></h4>\r\n\r\n<p style=\"margin-left:0cm; margin-right:0cm; text-align:justify\"><span style=\"font-family:Times New Roman,Times,serif\"><span style=\"font-size:16px\"><span style=\"color:#000000\">Muốn <strong>tăng traffic cho website </strong>theo c&aacute;ch n&agrave;y, bạn phải ki&ecirc;n tr&igrave; t&igrave;m từ kh&oacute;a phantom. Tư duy mở rộng lĩnh vực như thế n&agrave;o?&nbsp;Chẳng hạn như bạn đang muốn SEO một lĩnh vực với từ kh&oacute;a &ldquo; B&oacute;ng đ&egrave;n UV&rdquo;. Một lĩnh vực kh&aacute; l&agrave; &iacute;t lượng seach v&agrave; rất &iacute;t người biết đến so với c&aacute;c ng&agrave;nh kh&aacute;c như về lĩnh vực bất động sản hay thời trang. Ngay l&uacute;c n&agrave;y bạn cần phải t&igrave;m hiểu v&agrave; cần suy nghĩ mở rộng. </span></span></span></p>\r\n\r\n<p style=\"margin-left:0cm; margin-right:0cm; text-align:justify\"><span style=\"font-family:Times New Roman,Times,serif\"><span style=\"font-size:16px\"><span style=\"color:#000000\">Cần mở rộng bao qu&aacute;t hơn để c&oacute; những khả năng t&igrave;m được nhiều từ kh&oacute;a c&oacute; lượng seach cao. Với 1 lĩnh vực như vậy, t&ocirc;i chọn lĩnh vực mở rộng l&agrave; &ldquo;Thiết bị điện&rdquo; để t&igrave;m kiếm được từ kh&oacute;a phantom keywords của dịch vụ li&ecirc;n quan đến lĩnh vực m&igrave;nh đang muốn SEO.</span></span></span></p>\r\n\r\n<p style=\"margin-left:0cm; margin-right:0cm; text-align:justify\"><span style=\"font-family:Times New Roman,Times,serif\"><span style=\"font-size:16px\"><span style=\"color:#000000\">Trước ti&ecirc;n bạn cần Copy từ kh&oacute;a &ldquo;Thiết bị điện&rdquo; l&ecirc;n tr&ecirc;n google seach v&agrave; lựa chọn lấy 1 trong c&aacute;c website đang nằm trong TOP 1 &ndash; 5. Thị trường n&agrave;y kh&aacute; l&agrave; cạnh tranh v&igrave; thế những website nằm trong TOP 1 &ndash; 5 sẽ rất uy t&iacute;n tr&ecirc;n Google.</span></span></span></p>\r\n\r\n<p style=\"margin-left:0cm; margin-right:0cm; text-align:center\"><span style=\"font-family:Times New Roman,Times,serif\"><span style=\"font-size:16px\"><span style=\"color:#000000\"><img alt=\"cách tăng traffic cho website\" height=\"410\" src=\"/image/images/cach-tang-traffic-cho-website(1).jpg\" width=\"800\" /></span></span></span></p>\r\n\r\n<p style=\"margin-left:0cm; margin-right:0cm; text-align:justify\"><span style=\"font-family:Times New Roman,Times,serif\"><span style=\"font-size:16px\"><span style=\"color:#000000\"><strong>Cần ch&uacute; &yacute;</strong>: </span></span></span><span style=\"font-family:Times New Roman,Times,serif\"><em><span style=\"font-size:16px\"><span style=\"color:#000000\">Bạn n&ecirc;n chọn v&agrave; ph&acirc;n t&iacute;ch 1 trang web khi m&agrave; organic Keywords &amp; Organic Traffic &gt;= 2.000. &Iacute;t nhất l&agrave; phải được như thế th&igrave; bạn mới t&igrave;m kiếm được nhiều từ kh&oacute;a Phantom keywords.Từ đ&oacute; mới c&oacute; thể t&igrave;m cho m&igrave;nh nhiều cơ hội <strong>tăng traffic cho website hiệu quả</strong>.</span></span></em></span></p>\r\n\r\n<p style=\"margin-left:0cm; margin-right:0cm; text-align:justify\"><span style=\"font-family:Times New Roman,Times,serif\"><span style=\"font-size:16px\"><span style=\"color:#000000\">Khi đ&atilde; chọn lựa được trang web cuối th&igrave; bạn cần phải c&oacute; c&ocirc;ng cụ Ahrefs để c&oacute; thể ph&acirc;n t&iacute;ch v&agrave; t&igrave;m kiếm được từ kh&oacute;a Phantom keywords. (Hiện nay c&oacute; nhiều đơn vị cung cấp t&agrave;i khoản d&ugrave;ng chung. Bạn c&oacute; thể li&ecirc;n hệ đến họ để được cung cấp t&agrave;i khoản. Chi ph&iacute; sử dụng theo th&aacute;ng cũng rất rẻ). C&oacute; Ahrefs cũng gi&uacute;p bạn ph&acirc;n t&iacute;ch, theo d&otilde;i lượng <strong>tăng lượng truy cập v&agrave;o website</strong> hiệu quả.</span></span></span></p>\r\n\r\n<p style=\"margin-left:0cm; margin-right:0cm; text-align:justify\"><span style=\"font-family:Times New Roman,Times,serif\"><span style=\"font-size:16px\"><span style=\"color:#000000\">Khi đ&atilde; đăng nhập v&agrave;o được Ahrefs bạn chỉ cần đưa website đ&atilde; chọn lựa từ trước v&agrave; đưa v&agrave;o Ahrefs để ph&acirc;n t&iacute;ch c&aacute;c chỉ số của website.</span></span></span></p>\r\n\r\n<p style=\"margin-left:0cm; margin-right:0cm; text-align:justify\"><span style=\"font-family:Times New Roman,Times,serif\"><span style=\"font-size:16px\"><span style=\"color:#000000\">Tiếp theo bạn cần chọn mục &ldquo;Organic keywords&rdquo; v&agrave; click v&agrave;o l&agrave; cờ Việt Nam để t&igrave;m kiếm v&agrave; xem những keywords Việt Nam n&agrave;o đang nằm trong TOP 100 của website đang ph&acirc;n t&iacute;ch. (Nếu như bạn đang SEO tr&ecirc;n thị trường tiếng Anh, bạn chọn v&agrave;o l&aacute; cờ nước Anh nh&eacute;.)</span></span></span></p>\r\n\r\n<p style=\"margin-left:0cm; margin-right:0cm; text-align:center\"><span style=\"font-family:Times New Roman,Times,serif\"><span style=\"font-size:16px\"><span style=\"color:#000000\"><img alt=\"các cách tăng traffic cho website\" height=\"392\" src=\"/image/images/cac-cach-tang-traffic-cho-website.jpg\" width=\"800\" /></span></span></span></p>\r\n\r\n<p style=\"margin-left:0cm; margin-right:0cm; text-align:justify\"><span style=\"font-family:Times New Roman,Times,serif\"><span style=\"font-size:16px\"><span style=\"color:#000000\">N&agrave;o, b&acirc;y giờ th&igrave; ta sẽ lọc ra những từ kh&oacute;a n&agrave;o c&oacute; độ kh&oacute; KD (keywords difficylty) = 0 nh&eacute;. Tại sao? Ch&uacute;ng ta&nbsp; đang muốn đi t&igrave;m những từ kh&oacute;a c&oacute; độ dễ nhất để thực hiện đẩy top b&agrave;i viết, <strong>tăng traffic cho website</strong>. </span></span></span></p>\r\n\r\n<p style=\"margin-left:0cm; margin-right:0cm; text-align:justify\"><span style=\"font-family:Times New Roman,Times,serif\"><span style=\"font-size:16px\"><span style=\"color:#000000\">Nhưng nhiều khi c&oacute; trường hợp c&aacute;c keywords dễ nhưng chưa chắc đ&atilde; l&agrave; c&aacute;c từ kh&oacute;a phantom. Từ kh&oacute;a phantom l&agrave; những từ kh&oacute;a bị qu&ecirc;n v&agrave; rất &iacute;t người SEO, hầu như l&agrave; kh&ocirc;ng c&oacute; ai SEO. Nhưng c&aacute;c từ kh&oacute;a đấy lại c&oacute; lượng seach tr&ecirc;n google lại kh&aacute; l&agrave; cao. Thế n&ecirc;n đ&acirc;y mới l&agrave; <strong>c&aacute;ch tăng traffic cho website hiệu quả</strong> v&agrave; tốn &iacute;t c&ocirc;ng sức nhất, v&agrave; lại rất bền vững, c&agrave;ng ng&agrave;y c&agrave;ng </span><strong>tăng lượng truy cập v&agrave;o website</strong></span></span></p>\r\n\r\n<p style=\"margin-left:0cm; margin-right:0cm; text-align:center\"><span style=\"font-family:Times New Roman,Times,serif\"><span style=\"font-size:16px\"><span style=\"color:#000000\"><img alt=\"cách tăng traffic cho website hiệu quả\" height=\"390\" src=\"/image/images/cach-tang-traffic-cho-website-hieu-qua.jpg\" width=\"800\" /></span></span></span></p>\r\n\r\n<h4 style=\"margin-left:0cm; margin-right:0cm; text-align:justify\"><span style=\"font-size:18px\"><span style=\"color:#000000\"><span style=\"font-family:Times New Roman,Times,serif\"><strong>2. Sử dụng cấu tr&uacute;c allintitle để kiểm tra số lượng b&agrave;i viết c&oacute; ti&ecirc;u đề chứa từ kh&oacute;a đ&oacute; tr&ecirc;n Google</strong></span></span></span></h4>\r\n\r\n<p style=\"margin-left:0cm; margin-right:0cm; text-align:justify\"><span style=\"font-family:Times New Roman,Times,serif\"><span style=\"font-size:16px\"><span style=\"color:#000000\">Khi đến bước kiểm tra n&agrave;y sẽ quyết định xem đ&acirc;u sẽ l&agrave; từ kh&oacute;a phantom keywords. All in title nghĩa l&agrave; sẽ kiểm tra được tất cả c&aacute;c b&agrave;i viết hiện c&oacute; tr&ecirc;n google viết về từ kh&oacute;a đ&oacute;. C&aacute;c vị tr&iacute; từ kh&oacute;a c&oacute; thể đứng trước hay ph&iacute;a sau nhưng sẽ đầy đủ c&aacute;c từ.</span></span></span></p>\r\n\r\n<p style=\"margin-left:0cm; margin-right:0cm; text-align:justify\"><span style=\"font-family:Times New Roman,Times,serif\"><span style=\"font-size:16px\"><span style=\"color:#000000\">Lệnh kiểm tra tr&ecirc;n google sẽ như sau: &ldquo;Allintitle:Từ kh&oacute;a cần kiểm tra&rdquo;</span></span></span></p>\r\n\r\n<p style=\"margin-left:0cm; margin-right:0cm; text-align:justify\"><span style=\"font-family:Times New Roman,Times,serif\"><span style=\"font-size:16px\"><span style=\"color:#000000\">Khi kiểm tra xong tr&ecirc;n internet, google sẽ trả về cho bạn con số kết quả t&igrave;m kiếm. Với số lượng kết quả tr&ecirc;n google trả về th&igrave; số lượng như thế n&agrave;o mới được x&aacute;c định l&agrave; từ kh&oacute;a phantom keywords.</span></span></span></p>\r\n\r\n<p style=\"margin-left:0cm; margin-right:0cm; text-align:center\"><span style=\"font-family:Times New Roman,Times,serif\"><span style=\"font-size:16px\"><span style=\"color:#000000\"><img alt=\"các phương pháp kéo traffic\" height=\"421\" src=\"/image/images/cach-tang-traffic-cho-website-hieu-qua-nhat.jpg\" width=\"800\" /></span></span></span></p>\r\n\r\n<h5 style=\"margin-left:0cm; margin-right:0cm; text-align:justify\"><span style=\"font-family:Times New Roman,Times,serif\"><strong><span style=\"font-size:16px\"><span style=\"color:#000000\">Muốn b&agrave;i viết dễ TOP, tăng traffic cho website hiệu quả th&igrave; n&ecirc;n chọn phantom keywords c&oacute; lượng kết quả google trả về thấp</span></span></strong></span></h5>\r\n\r\n<p style=\"margin-left:0cm; margin-right:0cm; text-align:justify\"><span style=\"font-family:Times New Roman,Times,serif\"><span style=\"font-size:16px\"><span style=\"color:#000000\">Phantom keywords c&oacute; lượng kết quả google trả về với con số đang lưu t&acirc;m l&agrave; &lt;500 v&agrave; &lt;1000 sẽ mang khả năng cao phantom keywords l&ecirc;n TOP đầu t&igrave;m kiếm.</span></span></span></p>\r\n\r\n<p style=\"margin-left:0cm; margin-right:0cm; text-align:justify\"><span style=\"font-family:Times New Roman,Times,serif\"><span style=\"font-size:16px\"><span style=\"color:#000000\">Nếu như con số t&igrave;m kiếm google trả về kết quả hơn 1000 th&igrave; từ kh&oacute;a đấy đ&atilde; qu&aacute; nhiều b&agrave;i viết. Như thế sẽ rất kh&oacute; để viết b&agrave;i với từ kh&oacute;a l&ecirc;n TOP được.</span></span></span></p>\r\n\r\n<p style=\"margin-left:0cm; margin-right:0cm; text-align:justify\"><span style=\"font-family:Times New Roman,Times,serif\"><span style=\"font-size:16px\"><span style=\"color:#000000\">Với những từ kh&oacute;a c&oacute; lượng seach kh&aacute; khi&ecirc;m tốn v&agrave; kiểm tra allintitle c&oacute; kết quả c&agrave;ng &iacute;t th&igrave; bạn c&agrave;ng dễ l&ecirc;n TOP 1. Kiểu g&igrave; bạn cũng sẽ đưa l&ecirc;n được TOP 1 nếu như bạn d&ugrave;ng 1 ch&uacute;t thủ thuật về li&ecirc;n kết nội bộ v&agrave; tối ưu onpage tốt hơn c&aacute;c đối thủ v&agrave; độ d&agrave;i b&agrave;i viết. </span></span></span></p>\r\n\r\n<p style=\"margin-left:0cm; margin-right:0cm; text-align:justify\"><span style=\"font-family:Times New Roman,Times,serif\"><span style=\"font-size:16px\"><span style=\"color:#000000\">B&agrave;i viết của bạn c&ograve;n mới v&agrave; được thuật to&aacute;n google ưu ti&ecirc;n hơn th&igrave; gần như chắc chắn l&agrave; bạn sẽ l&ecirc;n ngay Top 2, 3. Khi đ&oacute;, chắc chắn sẽ <strong>tăng traffic cho website</strong> ngay.</span></span></span></p>\r\n\r\n<p style=\"margin-left:0cm; margin-right:0cm; text-align:center\"><span style=\"font-family:Times New Roman,Times,serif\"><span style=\"font-size:16px\"><span style=\"color:#000000\"><img alt=\"tăng lượng truy cập vào website\" height=\"435\" src=\"/image/images/tang-traffic-cho-website-hieu-qua-nhat.jpg\" width=\"800\" /></span></span></span></p>\r\n\r\n<p style=\"margin-left:0cm; margin-right:0cm; text-align:justify\"><span style=\"font-family:Times New Roman,Times,serif\"><span style=\"font-size:16px\"><span style=\"color:#000000\">Với <strong>c&aacute;ch tăng&nbsp;traffic cho website</strong> từ lượng t&igrave;m kiếm của người d&ugrave;ng về từ kh&oacute;a đ&oacute; cực kỳ chất lượng v&agrave; đ&acirc;y ch&iacute;nh l&agrave; từ kh&oacute;a Phantom keywords m&agrave; ch&uacute;ng t&ocirc;i đang cố gắng giới thiệu đến bạn.</span></span></span></p>\r\n\r\n<p style=\"margin-left:0cm; margin-right:0cm; text-align:justify\"><span style=\"font-family:Times New Roman,Times,serif\"><span style=\"font-size:16px\"><span style=\"color:#000000\">C&oacute; một c&acirc;u hỏi khi bạn đọc đến đoạn t&igrave;m phantom keywords n&agrave;y bạn sẽ thắc mắc giống t&ocirc;i ng&agrave;y mới l&agrave;m. Phantom Keywords <span style=\"background-color:white\">lượng search &iacute;t qu&aacute;, liệu c&oacute; n&ecirc;n đầu tư viết để <strong>tăng lượt truy cập cho website</strong> hay kh&ocirc;ng? C&acirc;u trả lời của t&ocirc;i l&agrave; Đ&Aacute;NG QU&Aacute; ĐI CHỨ, n&oacute; rất hiệu quả v&agrave; bền vững.</span></span></span></span></p>\r\n\r\n<h5 style=\"margin-left:0cm; margin-right:0cm; text-align:justify\"><span style=\"font-family:Times New Roman,Times,serif\"><strong><span style=\"font-size:16px\"><span style=\"color:#000000\">H&atilde;y để t&ocirc;i giải th&iacute;ch cho bạn th&ecirc;m c&aacute;ch tăng traffic cho website hiệu quả từ c&aacute;c phantom n&agrave;y lợi hại như thế n&agrave;o:</span></span></strong></span></h5>\r\n\r\n<p style=\"text-align:justify\"><span style=\"font-family:Times New Roman,Times,serif\"><span style=\"font-size:16px\"><span style=\"color:#000000\">- V&iacute; dụ, nếu như bạn t&igrave;m kiếm được 1 từ kh&oacute;a c&oacute; lượng seach 80 lượt/th&aacute;ng. Bạn cũng c&oacute; thể t&igrave;m kiếm th&ecirc;m được khoảng 100 từ kh&oacute;a tương tự từ kh&oacute;a đồng nghĩa với từ kh&oacute;a bạn đ&atilde; t&igrave;m thấy. </span></span></span></p>\r\n\r\n<p style=\"text-align:justify\"><span style=\"font-family:Times New Roman,Times,serif\"><span style=\"font-size:16px\"><span style=\"color:#000000\">L&uacute;c n&agrave;y bạn c&oacute; thể gom ch&uacute;ng v&agrave;o th&agrave;nh 1 b&agrave;i viết d&agrave;i, chất lượng tốt v&agrave; đầu tư thời gian onpage. Từ đ&oacute;, với <strong>c&aacute;ch tăng traffic cho website hiệu quả</strong> n&agrave;y bạn c&oacute; thể k&eacute;o lượng traffic đến 800 traffic/ th&aacute;ng về website của m&igrave;nh đ&uacute;ng kh&ocirc;ng?</span></span></span></p>\r\n\r\n<p><span style=\"font-family:Times New Roman,Times,serif\"><span style=\"font-size:16px\"><span style=\"color:#000000\">- <span style=\"background-color:white\"><span style=\"background-color:white\">V&agrave; hơn nữa c&oacute; những chủ đề bạn c&oacute; thể t&igrave;m được c&aacute;c phantom keywords c&oacute; lượng search nhiều đến hằng trăm nữa cơ, như thế th&igrave; <strong>c&aacute;ch k&eacute;o view cho website</strong>&nbsp; n&agrave;y tuyệt với qu&aacute; rồi.</span></span></span></span></span></p>\r\n\r\n<p><span style=\"font-family:Times New Roman,Times,serif\"><span style=\"font-size:16px\"><span style=\"color:#000000\">- <span style=\"background-color:white\"><span style=\"background-color:white\">V&agrave; đồng thời bạn cũng cẩn phải lưu &yacute; một điều, một b&agrave;i viết đầu tư t&ocirc;i sẽ hướng dẫn c&aacute;c bạn kh&ocirc;ng chỉ c&oacute; l&ecirc;n TOP 1 từ kh&oacute;a phantom keywords đ&acirc;u ạ. M&agrave; n&oacute; sẽ l&ecirc;n TOP 1 ở 1 nh&oacute;m từ kh&oacute;a phantom keywords. Từ đ&oacute;&nbsp;</span></span></span><strong>tăng lượng truy cập v&agrave;o website</strong>&nbsp;rất đ&aacute;ng kể</span></span></p>\r\n\r\n<p style=\"margin-left:0cm; margin-right:0cm; text-align:justify\"><span style=\"font-family:Times New Roman,Times,serif\"><span style=\"font-size:16px\"><span style=\"color:#000000\">- V&agrave; chắc chắn rằng bạn cũng vẫn đang c&ograve;n thắc mắc về người v&agrave;o t&igrave;m kiếm từ kh&oacute;a đ&oacute; c&oacute; quan t&acirc;m đến dịch vụ sản phẩm ch&iacute;nh của m&igrave;nh hay kh&ocirc;ng? <strong>C</strong></span><strong>&aacute;ch&nbsp;k&eacute;o view&nbsp;cho website</strong>&nbsp;ở thị trường ng&aacute;ch n&agrave;y, c&oacute; tỷ lệ chuyển đổi rất tốt, v<span style=\"color:#000000\">iệc điều hướng người đọc đến sản phẩm dịch vụ ch&iacute;nh của m&igrave;nh ho&agrave;n to&agrave;n dựa v&agrave;o c&aacute;ch bạn triển khai nội dung b&agrave;i viết content th&ocirc;i.ị&nbsp;</span></span></span></p>\r\n\r\n<p style=\"margin-left:0cm; margin-right:0cm; text-align:justify\"><span style=\"font-family:Times New Roman,Times,serif\"><span style=\"font-size:16px\"><span style=\"color:#000000\">Khi bạn viết b&agrave;i với từ kh&oacute;a phantom keywords bạn cũng c&oacute; thể ch&egrave;n th&ecirc;m 1 đoạn văn ngắn giới thiệu về những t&iacute;nh năng, c&ocirc;ng dụng,.. của sản phẩm ch&iacute;nh của bạn rồi để li&ecirc;n kết nội bộ đến b&agrave;i viết giới thiệu ch&iacute;nh sản phẩm, dịch vụ của bạn.</span></span></span></p>\r\n\r\n<p style=\"margin-left:0cm; margin-right:0cm; text-align:justify\"><span style=\"font-family:Times New Roman,Times,serif\"><span style=\"font-size:16px\"><span style=\"color:#000000\">Đến l&uacute;c n&agrave;y sẽ c&oacute; người v&agrave;o v&agrave; click trực tiếp li&ecirc;n kết nội bộ n&agrave;y đến b&agrave;i viết sản phẩm dịch vụ của bạn để mua sản phẩm của bạn.</span></span></span></p>\r\n\r\n<p style=\"margin-left:0cm; margin-right:0cm; text-align:center\"><span style=\"font-family:Times New Roman,Times,serif\"><span style=\"font-size:16px\"><span style=\"color:#000000\"><img alt=\"các cách tăng traffic cho website\" height=\"433\" src=\"/image/images/cach-tang-traffic-cho-website-hieu-qua-nhat(1).jpg\" width=\"800\" /></span></span></span></p>\r\n\r\n<h2 style=\"text-align:justify\"><span style=\"font-size:22px\"><span style=\"font-family:Times New Roman,Times,serif\"><span style=\"color:#c0392b\"><strong><span style=\"background-color:white\">Bước 2:</span>&nbsp;Kỹ thuật quan trọng&nbsp;để tăng traffic cho website hiệu quả sau khi t&igrave;m được phantom l&agrave; v<span style=\"background-color:white\">iết b&agrave;i đ&uacute;ng kỹ thuật chuẩn SEO chất lượng hướng về người đọc, đăng b&agrave;i l&ecirc;n website v&agrave; đi link nội bộ thật tự nhi&ecirc;n</span></strong></span></span></span></h2>\r\n\r\n<h3 style=\"text-align:justify\"><span style=\"color:#2980b9\"><strong><span style=\"font-size:18px\"><span style=\"font-family:Times New Roman,Times,serif\">Muốn Google hiểu b&agrave;i viết đưa l&ecirc;n top c&oacute; traffic cho website th&igrave; b&agrave;i viết phải chuẩn SEO&nbsp;chất lượng cho website</span></span></strong></span></h3>\r\n\r\n<p style=\"text-align:justify\"><span style=\"font-family:Times New Roman,Times,serif\"><span style=\"font-size:16px\"><span style=\"color:#000000\"><span style=\"background-color:white\">Bắt tay viết b&agrave;i viết thật chất lượng, độ d&agrave;i kh&ocirc;ng quan trọng lắm nhưng đương nhi&ecirc;n đừng qu&aacute; ngắn, t&ocirc;i nghĩ quan trọng l&agrave; nội dung b&agrave;i viết đ&oacute; phải hướng người đọc, cho người đọc kiến thức th&ocirc;ng tin thật sự m&agrave; họ cần khi họ t&igrave;m kiếm về từ kh&oacute;a đ&oacute; để đến với b&agrave;i viết của bạn. </span></span></span></span></p>\r\n\r\n<p style=\"text-align:justify\"><span style=\"font-family:Times New Roman,Times,serif\"><span style=\"font-size:16px\"><span style=\"color:#000000\"><span style=\"background-color:white\">Đương nhi&ecirc;n ngo&agrave;i nội dung chất lượng th&igrave; kỹ thuật SEO onpage của b&agrave;i viết đ&oacute; cũng phải tốt để <strong>tăng lượng truy cập v&agrave;o website</strong>. Trong b&agrave;i viết n&agrave;y t&ocirc;i kh&ocirc;ng đề cập đến việc viết như thế n&agrave;o l&agrave; chất lượng, l&agrave; l&ocirc;i cuốn, hay viết như thế n&agrave;o l&agrave; chuẩn SEO. </span></span></span></span></p>\r\n\r\n<p style=\"text-align:justify\"><span style=\"font-family:Times New Roman,Times,serif\"><span style=\"font-size:16px\"><span style=\"color:#000000\"><span style=\"background-color:white\">Nếu như bạn bận v&agrave; kh&ocirc;ng c&oacute; thời gian để ngồi viết n&ocirc;i dung, bạn c&oacute; thể t&igrave;m đến c&aacute;c&nbsp;đơn vị chuy&ecirc;n viết nội dung SEO.&nbsp;Họ ngo&agrave;i viết nội dung c&ograve;n c&oacute; thể ph&acirc;n t&iacute;ch được cho bạn bộ từ kh&oacute;a kh&aacute; ổn theo lĩnh vực của bạn đang cần. Từ đ&oacute; ph&aacute;t huy được chi ph&iacute; đầu tư của bạn</span></span></span></span></p>\r\n\r\n<p style=\"text-align:justify\"><span style=\"font-family:Times New Roman,Times,serif\"><span style=\"color:#16a085\"><span style=\"font-size:36px\"><span style=\"background-color:white\"><strong>|</strong></span></span></span><span style=\"font-size:16px\"><span style=\"color:#000000\"><span style=\"background-color:white\"><em> Bạn c&oacute; thể tham khảo&nbsp;</em></span></span><strong><span style=\"background-color:white\"><em><span style=\"color:#2980b9\"><a href=\"https://www.kinhdoanhinternet.com.vn/dich-vu-nhan-viet-bai-chuan-seo-thue\">dịch vụ viết b&agrave;i chuẩn SEO</a>&nbsp;</span></em></span></strong><span style=\"background-color:white\"><em>của&nbsp;kinhdoanhinternet.com.vn</em></span></span></span></p>\r\n\r\n<h3 style=\"text-align:justify\"><span style=\"color:#2980b9\"><span style=\"font-family:Times New Roman,Times,serif\"><span style=\"font-size:18px\"><strong><span style=\"background-color:white\">Khi tăng traffic cho website v&agrave;o b&agrave;i viết l&ecirc;n TOP, v&agrave; bạn đi link nội bộ tốt sẽ c&oacute; vai tr&ograve; đ&aacute;ng kể trong việc tăng thứ hạng v&agrave; giữ ch&acirc;n người đọc l&acirc;u tr&ecirc;n website</span></strong></span></span></span></h3>\r\n\r\n<p style=\"text-align:justify\"><span style=\"font-family:Times New Roman,Times,serif\"><span style=\"font-size:16px\"><span style=\"color:#000000\"><span style=\"background-color:white\">Một vấn đề rất quan trọng m&agrave; t&ocirc;i c&oacute; đề cập đến bước n&agrave;y l&agrave;<strong> ĐI LINK NỘI BỘ&nbsp;</strong>kh&ocirc;ng biết c&aacute;c bạn c&oacute; thắc mắc g&igrave; về bước n&agrave;y kh&ocirc;ng?</span></span></span></span></p>\r\n\r\n<p style=\"text-align:justify\"><span style=\"font-family:Times New Roman,Times,serif\"><span style=\"font-size:16px\"><span style=\"color:#000000\"><span style=\"background-color:white\">Đ&acirc;y l&agrave; một trong những yếu tố quyết định tới sự th&agrave;nh c&ocirc;ng của <strong>c&aacute;ch&nbsp;tăng traffic cho website hiệu quả</strong> chỉ với việc&nbsp;viết l&agrave; top kh&ocirc;ng cần backlink. Khi t&ocirc;i mới bắt đầu l&agrave;m SEO t&ocirc;i lu&ocirc;n c&oacute; thắc mắc đi link nội bộ như thế n&agrave;o l&agrave; tốt nhất, chứ c&ograve;n kh&aacute;i niệm link nội bộ th&igrave; ai cũng biết rồi nhưng &aacute;p dụng thực tế n&agrave;o để hiệu quả? V&igrave; bản th&acirc;n t&ocirc;i l&agrave; một người kh&aacute; cầu to&agrave;n, l&agrave;m việc kh&aacute; chắc chắn, v&agrave; phải thật sự hiểu được bản chất t&ocirc;i mới th&ocirc;i kh&ocirc;ng suy nghĩ nữa. </span></span></span></span></p>\r\n\r\n<p style=\"text-align:justify\"><span style=\"font-family:Times New Roman,Times,serif\"><span style=\"font-size:16px\"><span style=\"color:#000000\"><span style=\"background-color:white\">V&agrave; đ&acirc;y l&agrave; c&acirc;u trả lời của bản th&acirc;n t&ocirc;i &ndash; cốt l&otilde;i c&acirc;u trả lời của t&ocirc;i cũng l&agrave; <strong>HƯỚNG TỚI LỢI &Iacute;CH CỦA NGƯỜI D&Ugrave;NG.</strong> Trước khi viết nội dung cho Phantom Keyword m&agrave; m&igrave;nh đ&atilde; x&aacute;c định ở bước 1, bạn h&atilde;y đặt m&igrave;nh v&agrave;o vị tr&iacute; của người đọc, họ đang cần kiến thức g&igrave; về lĩnh vực n&agrave;y v&agrave; kiến thức của họ đang ở tầm n&agrave;o khi họ search v&agrave;o từ kh&oacute;a đấy. </span></span></span></span></p>\r\n\r\n<p style=\"text-align:center\"><span style=\"font-family:Times New Roman,Times,serif\"><span style=\"font-size:16px\"><span style=\"color:#000000\"><span style=\"background-color:white\"><img alt=\"cách tăng traffic cho website hiệu quả\" height=\"400\" src=\"/image/images/nhung-cach-tang-traffic-cho-website-hieu-qua-nhat.jpg\" width=\"600\" /></span></span></span></span></p>\r\n\r\n<p style=\"text-align:justify\"><span style=\"font-family:Times New Roman,Times,serif\"><span style=\"font-size:16px\"><span style=\"color:#000000\"><span style=\"background-color:white\">Sau đ&oacute; bạn l&ecirc;n tiếp v&agrave;i chủ đề với c&aacute;c từ kh&oacute;a phantom keywords&nbsp;kh&aacute;c c&oacute; li&ecirc;n quan tới kiến thức cần bổ trợ cho b&agrave;i viết bạn đ&oacute;, v&agrave; viết th&ecirc;m c&aacute;c chủ đề ấy, rồi l&agrave;m nguồn t&agrave;i liệu tham khảo cho người đọc khi họ đọc b&agrave;i ch&iacute;nh. V&agrave; đ&acirc;y ch&iacute;nh l&agrave; những link nội bộ bạn đưa v&agrave;o b&agrave;i viết. </span></span></span></span></p>\r\n\r\n<p style=\"text-align:justify\"><span style=\"font-family:Times New Roman,Times,serif\"><span style=\"font-size:16px\"><span style=\"color:#000000\"><span style=\"background-color:white\">Khi b&agrave;i viết của bạn thật sự chất lượng&nbsp;v&agrave; logic b&agrave;i viết tham khỏa tốt th&igrave; t&ocirc;i nghĩ người d&ugrave;ng sẽ đọc hết b&agrave;i n&agrave;y đến b&agrave;i kh&aacute;c tr&ecirc;n website của bạn từ đ&oacute; sẽ gi&uacute;p cải thiện rất đẹp c&aacute;c chỉ số như tỷ lệ tho&aacute;t, thời gian xem của phi&ecirc;n l&agrave;m việc. Do vậy ngo&agrave;i <strong>tăng được traffic cho website</strong>, c&ograve;n gi&uacute;p cho website c&oacute; thời gian xem của phi&ecirc;n v&agrave; tỷ lệ tho&aacute;t tốt</span></span></span></span></p>\r\n\r\n<p style=\"text-align:justify\"><span style=\"font-family:Times New Roman,Times,serif\"><span style=\"font-size:16px\"><span style=\"color:#000000\"><span style=\"background-color:white\">Đương nhi&ecirc;n nội dung b&agrave;i viết của bjan c&oacute; hướng người d&ugrave;ng như thế n&agrave;o th&igrave; hướng nhưng website của bạn phải được cấu tr&uacute;c khoa học nh&eacute;. N&oacute; vẫn phải theo một cấu tr&uacute;c n&agrave;o đ&oacute;, t&ocirc;i th&igrave; vẫn tổ chức website tương đối theo Silo. </span></span></span></span></p>\r\n\r\n<h2 style=\"text-align:justify\"><span style=\"font-size:22px\"><span style=\"font-family:Times New Roman,Times,serif\"><span style=\"color:#c0392b\"><strong><span style=\"background-color:white\">Bước 3:</span> <span style=\"background-color:white\">SEO onpage s&acirc;u hơn&nbsp;để thứ hạng được cao nhất c&oacute; thể, tăng traffic cho website hiệu quả tốt nhất</span></strong></span></span></span></h2>\r\n\r\n<p style=\"text-align:justify\"><span style=\"font-family:Times New Roman,Times,serif\"><span style=\"font-size:16px\"><span style=\"color:#000000\"><span style=\"background-color:white\">Sau khi viết v&agrave; đăng b&agrave;i, đi link nội bộ ổn rồi, t&ocirc;i tiến h&agrave;nh cập nhật sitemap của website v&agrave; th&ocirc;ng b&aacute;o l&ecirc;n c&ocirc;ng cụ quản trị website <span style=\"background-color:white\">Google Webmaster Tools<strong>&nbsp;</strong>v&agrave; đ</span><span style=\"background-color:white\">ồng thời tiến h&agrave;nh </span>submit URL&nbsp;b&agrave;i viết l&ecirc;n Google/Bing/Yahoo.<strong> </strong></span></span></span></span></p>\r\n\r\n<p style=\"text-align:justify\"><span style=\"font-family:Times New Roman,Times,serif\"><span style=\"font-size:16px\"><span style=\"color:#000000\">Khi đ&atilde; c&oacute; nội dung tốt v&agrave; đầu tư, bạn cần khai th&aacute;c triệt để c&ocirc;ng sức m&agrave; bạn đ&atilde; bỏ ra để l&agrave;m c&aacute;c c&ocirc;ng việc &yacute; nghĩa sau đ&oacute;. Đăng tải b&agrave;i viết của bạn l&ecirc;n tr&ecirc;n c&aacute;ch k&ecirc;nh mạng x&atilde; hội của ch&iacute;nh website bạn đang SEO như Youtube, Facebook, Google Bussiness.</span></span></span></p>\r\n\r\n<p style=\"text-align:justify\"><span style=\"font-family:Times New Roman,Times,serif\"><span style=\"font-size:16px\"><span style=\"color:#000000\">Với&nbsp;bước n&agrave;y sẽ l&agrave;m cho b&agrave;i viết của bạn được uy t&iacute;n hơn v&agrave; c&oacute; <strong>tăng được lượng traffic cho website</strong>&nbsp;nếu c&aacute;c k&ecirc;nh Mạng x&atilde; hội c&oacute; Fan thật sự, c&ograve;n chưa c&oacute; Fan th&igrave; m&igrave;nh cứ từ chăm s&oacute;c x&acirc;y dựng th&ocirc;i. Khi c&oacute; nội dung tốt được xuất bản tr&ecirc;n website th&igrave; h&atilde;y tận dụng n&oacute; để chăm s&oacute;c lu&ocirc;n c&aacute;c k&ecirc;nh kh&aacute;c của website bạn.</span></span></span></p>\r\n\r\n<p style=\"margin-left:0cm; margin-right:0cm\"><span style=\"font-family:Times New Roman,Times,serif\"><span style=\"font-size:16px\"><span style=\"color:#000000\">Nhờ mọi người chia sẻ v&agrave; comment b&agrave;i viết của bạn.</span></span></span></p>\r\n\r\n<p style=\"margin-left:0cm; margin-right:0cm; text-align:center\"><span style=\"font-family:Times New Roman,Times,serif\"><span style=\"font-size:16px\"><span style=\"color:#000000\"><img alt=\"các cách tăng traffic cho website\" height=\"366\" src=\"/image/images/cach-tang-traffic-cho-website-hieu-qua-nhat(2).jpg\" width=\"700\" /></span></span></span></p>\r\n\r\n<h2 style=\"text-align:justify\"><span style=\"font-size:22px\"><span style=\"font-family:Times New Roman,Times,serif\"><span style=\"color:#c0392b\"><strong><span style=\"background-color:white\">Bước 4:</span> <span style=\"background-color:white\">C&aacute;ch tăng traffic cho website thật từ nhiều nguồn kh&aacute;c nhau ngo&agrave;i Google Search về b&agrave;i viết bạn đ&atilde; đầu tư</span></strong></span></span></span></h2>\r\n\r\n<p><span style=\"font-family:Times New Roman,Times,serif\"><span style=\"font-size:16px\"><span style=\"color:#000000\"><strong>C&aacute;ch tăng traffic cho website</strong> bằng c&aacute;ch h&atilde;y tham gia v&agrave;o c&aacute;c cộng đồng, diễn đ&agrave;n c&ugrave;ng lĩnh vực của bạn, v&agrave; cố gắng nu&ocirc;i v&agrave;i t&agrave;i khoản chất lượng để c&oacute; thể đăng b&agrave;i, đ&iacute;nh link được để chia sẻ kiến thức với cộng đồng. </span></span></span></p>\r\n\r\n<p style=\"margin-left:0cm; margin-right:0cm; text-align:justify\"><span style=\"font-family:Times New Roman,Times,serif\"><span style=\"font-size:16px\"><span style=\"color:#000000\">Khi viết được b&agrave;i viết tr&ecirc;n website c&oacute; nội dung tốt, kiến thức hay, bạn h&atilde;y tận dụng đăng b&agrave;i chia sẻ kiến thức l&ecirc;n cộng đồng, diễn đ&agrave;n v&agrave; đ&iacute;nh link b&agrave;i viết chi tiết trong b&agrave;i đăng, đương nhi&ecirc;n bạn phải kh&eacute;o &ldquo;dụ&rdquo; người đọc click đọc b&agrave;i viết tr&ecirc;n website của bạn, n&ecirc;n với t&ocirc;i, t&ocirc;i chỉ chia sẻ 1 &iacute;t nội dung hot tr&ecirc;n diễn đ&agrave;n th&ocirc;i, c&ograve;n muốn đọc hết th&igrave; h&atilde;y v&agrave;o ch&iacute;nh b&agrave;i viết của t&ocirc;i để đọc. </span></span></span></p>\r\n\r\n<p style=\"margin-left:0cm; margin-right:0cm\"><span style=\"font-family:Times New Roman,Times,serif\"><span style=\"font-size:16px\"><span style=\"color:#000000\">T&ocirc;i đảm bảo b&agrave;i viết của bạn sẽ được nhiều comment v&agrave; lượt traffic tốt về từ cộng đồng m&agrave; chẳng phải mất nhiều c&ocirc;ng sức g&igrave; nữa cả, v&agrave; kh&ocirc;ng phải b&agrave;n c&atilde;i với <strong>c&aacute;ch tăng traffic cho website</strong> v&agrave; backlink n&agrave;y được Google đ&aacute;nh gi&aacute; rất cao</span></span></span></p>\r\n\r\n<h2 style=\"text-align:justify\"><span style=\"font-size:22px\"><span style=\"font-family:Times New Roman,Times,serif\"><span style=\"color:#c0392b\"><strong><span style=\"background-color:white\">Bước 5:</span>&nbsp;Đẩy lượng tăng traffic cho website hiệu quả hơn nữa khi c&oacute; kết quả<span style=\"background-color:white\">&nbsp;index, bằng c&aacute;ch audit lại b&agrave;i viết</span></strong></span></span></span></h2>\r\n\r\n<h3 style=\"text-align:justify\"><span style=\"color:#2980b9\"><strong><span style=\"font-size:18px\"><span style=\"font-family:Times New Roman,Times,serif\">Dựa v&agrave;o kết quả Google index v&agrave; thứ hạng từ kh&oacute;a để c&oacute; hướng l&agrave;m tiếp theo</span></span></strong></span></h3>\r\n\r\n<p style=\"text-align:justify\"><span style=\"font-family:Times New Roman,Times,serif\"><span style=\"font-size:16px\"><span style=\"color:#000000\"><span style=\"background-color:white\">Theo d&otilde;i t&igrave;nh trạng index của b&agrave;i viết v&agrave; thứ hạng từ kh&oacute;a để quay lại AUDIT b&agrave;i viết nhằm tiếp tục <strong>tăng traffic cho website</strong> hơn nữa để:</span></span></span></span></p>\r\n\r\n<p style=\"text-align:justify\"><span style=\"font-family:Times New Roman,Times,serif\"><span style=\"font-size:16px\"><span style=\"color:#000000\"><span style=\"background-color:white\">- Cải thiện tiếp tục thứ hạng của phantom keywords</span></span></span></span></p>\r\n\r\n<p style=\"text-align:justify\"><span style=\"font-family:Times New Roman,Times,serif\"><span style=\"font-size:16px\"><span style=\"color:#000000\"><span style=\"background-color:white\">- Ph&acirc;n t&iacute;ch để bổ sung th&ecirc;m 1 số phantom keywords để c&oacute; thứ hạng tr&ecirc;n b&agrave;i viết n&agrave;y</span></span></span></span></p>\r\n\r\n<h3 style=\"text-align:justify\"><span style=\"color:#2980b9\"><span style=\"font-size:18px\"><span style=\"font-family:Times New Roman,Times,serif\"><strong><span style=\"background-color:white\">Audit l&agrave; l&agrave;m những c&ocirc;ng&nbsp;việc g&igrave;? Tại sao lại c&oacute; thể tiếp tục tăng traffic cho website</span></strong></span></span></span></h3>\r\n\r\n<p style=\"text-align:center\"><span style=\"font-family:Times New Roman,Times,serif\"><span style=\"font-size:16px\"><span style=\"color:#000000\"><span style=\"background-color:white\"><img alt=\"các phương pháp kéo traffic\" height=\"393\" src=\"/image/images/cac-phuong-phap-keo-traffic-hieu-qua.jpg\" width=\"700\" /></span></span></span></span></p>\r\n\r\n<p style=\"margin-left:0cm; margin-right:0cm; text-align:justify\"><span style=\"font-family:Times New Roman,Times,serif\"><span style=\"font-size:16px\"><span style=\"color:#000000\"><span style=\"background-color:white\">SEO on-site ch&iacute;nh l&agrave; 1 trong những phẩn quan trọng nhất để thực hiện kiểm tra SEO AUDIT. V&agrave; để kiểm tra xem website của bạn được tối ưu&nbsp; h&oacute;a cho c&aacute;c c&ocirc;ng cụ t&igrave;m kiếm hay chưa. </span></span></span></span></p>\r\n\r\n<p style=\"margin-left:0cm; margin-right:0cm; text-align:justify\"><span style=\"font-family:Times New Roman,Times,serif\"><span style=\"font-size:16px\"><span style=\"color:#000000\"><span style=\"background-color:white\">Bạn cần xem x&eacute;t c&aacute;c yếu tố như sau:</span></span></span></span></p>\r\n\r\n<h4 style=\"text-align:justify\"><span style=\"font-size:16px\"><span style=\"font-family:Times New Roman,Times,serif\"><strong><span style=\"background-color:white\">1. Thẻ ti&ecirc;u đề v&agrave; thẻ m&ocirc; tả</span></strong></span></span></h4>\r\n\r\n<p style=\"text-align:justify\"><span style=\"font-family:Times New Roman,Times,serif\"><span style=\"font-size:16px\"><span style=\"color:#000000\"><span style=\"background-color:white\">Thẻ ti&ecirc;u đề v&agrave; m&ocirc; tả c&oacute; duy nhất cho mỗi 1 trang web trong phạm vi nhất định quy đinh. Người d&ugrave;ng c&oacute; thể t&igrave;m kiếm qua c&aacute;c ti&ecirc;u đề v&agrave; nh&ocirc;i dung g&igrave; hoặc những g&igrave; m&agrave; trang web n&agrave;y cung cấp. Thẻ ti&ecirc;u đề tối đa 70 k&yacute; tự v&agrave; thẻ m&ocirc; tả tối đa được 160 k&yacute; tự.</span></span></span></span></p>\r\n\r\n<h4 style=\"text-align:justify\"><span style=\"font-family:Times New Roman,Times,serif\"><span style=\"font-size:16px\"><strong><span style=\"background-color:white\">2. Cấu tr&uacute;c URL</span></strong></span></span></h4>\r\n\r\n<p style=\"margin-left:0cm; margin-right:0cm; text-align:justify\"><span style=\"font-family:Times New Roman,Times,serif\"><span style=\"font-size:16px\"><span style=\"color:#000000\"><span style=\"background-color:white\">Bạn cần kiểm tra c&aacute;c URL của mỗi trang v&agrave; b&agrave;i viết đ&atilde; được tối ưu hay định dạng đ&uacute;ng chuẩn SEO hay chưa.</span></span></span></span></p>\r\n\r\n<p style=\"margin-left:0cm; margin-right:0cm; text-align:justify\"><span style=\"font-family:Times New Roman,Times,serif\"><span style=\"font-size:16px\"><span style=\"color:#000000\"><span style=\"background-color:white\">V&iacute; dụ:</span></span></span></span></p>\r\n\r\n<p style=\"margin-left:0cm; margin-right:0cm; text-align:justify\"><span style=\"font-family:Times New Roman,Times,serif\"><span style=\"font-size:16px\"><span style=\"color:#000000\"><span style=\"background-color:white\">Đ&acirc;y l&agrave; 1 URL kh&ocirc;ng được tối ưu h&oacute;a v&agrave; chưa chuẩn SEO:</span></span></span></span></p>\r\n\r\n<p><span style=\"font-family:Times New Roman,Times,serif\"><span style=\"font-size:16px\"><span style=\"color:#000000\"><em><span style=\"background-color:white\">https://www.kinhdoanhinternet.com.vn/noidung.url?14568232018</span></em></span></span></span></p>\r\n\r\n<p style=\"margin-left:0cm; margin-right:0cm; text-align:justify\"><span style=\"font-family:Times New Roman,Times,serif\"><span style=\"font-size:16px\"><span style=\"color:#000000\"><span style=\"background-color:white\">V&agrave; đ&acirc;y l&agrave; 1 URL đ&atilde; được tối ưu h&oacute;a tốt v&agrave; chuẩn SEO:</span></span></span></span></p>\r\n\r\n<p style=\"margin-left:0cm; margin-right:0cm; text-align:justify\"><span style=\"font-family:Times New Roman,Times,serif\"><span style=\"font-size:16px\"><span style=\"color:#000000\"><em><span style=\"background-color:white\">https://www.kinhdoanhinternet.com.vn/dich-vu-nhan-viet-bai-chuan-seo-thue</span></em></span></span></span></p>\r\n\r\n<p style=\"margin-left:0cm; margin-right:0cm; text-align:justify\"><span style=\"font-family:Times New Roman,Times,serif\"><span style=\"font-size:16px\"><span style=\"color:#000000\"><span style=\"background-color:white\">URL tối ưu v&agrave; chuẩn SEO bao gồm từ kh&oacute;a v&agrave; dấu &ldquo;- &ldquo; để t&aacute;ch giữa c&aacute;c từ kh&oacute;a v&agrave; kh&ocirc;ng được chứa c&aacute;c k&yacute; tự đặc biệt hoặc chữ&nbsp;số.</span></span></span></span></p>\r\n\r\n<h4 style=\"text-align:justify\"><span style=\"font-family:Times New Roman,Times,serif\"><span style=\"font-size:16px\"><strong><span style=\"background-color:white\">3. Định dạng văn bản</span></strong></span></span></h4>\r\n\r\n<p style=\"margin-left:0cm; margin-right:0cm; text-align:justify\"><span style=\"font-family:Times New Roman,Times,serif\"><span style=\"font-size:16px\"><span style=\"color:#000000\"><span style=\"background-color:white\">Bạn cần phải đảm bảo rằng kh&ocirc;ng chỉ c&oacute; văn bản thuần t&uacute;y trong c&aacute;c trang kh&aacute;c nhau tr&ecirc;n website của bạn. M&agrave; bất kỳ một b&agrave;i viết n&agrave;o của bạn tr&ecirc;n website cũng cần phải định dạng cho đ&uacute;ng c&aacute;ch nhất bằng phương phap sử dụng c&aacute;c thẻ Heading kh&aacute;c nhau như:</span></span></span></span></p>\r\n\r\n<p style=\"margin-left:0cm; margin-right:0cm; text-align:justify\"><span style=\"font-family:Times New Roman,Times,serif\"><span style=\"font-size:16px\"><span style=\"color:#000000\"><span style=\"background-color:white\">Thẻ H1 sử dụng cho ti&ecirc;u đề ch&iacute;nh của b&agrave;i viết</span></span></span></span></p>\r\n\r\n<p style=\"margin-left:0cm; margin-right:0cm; text-align:justify\"><span style=\"font-family:Times New Roman,Times,serif\"><span style=\"font-size:16px\"><span style=\"color:#000000\"><span style=\"background-color:white\">Thẻ H2 cho mỗi đoạn nội dung quan trọng kh&aacute;c nhau trong b&agrave;i viết.</span></span></span></span></p>\r\n\r\n<h4 style=\"text-align:justify\"><span style=\"font-family:Times New Roman,Times,serif\"><span style=\"font-size:16px\"><strong><span style=\"background-color:white\">4. Nội dung b&agrave;i viết</span></strong></span></span></h4>\r\n\r\n<p style=\"margin-left:0cm; margin-right:0cm; text-align:justify\"><span style=\"font-family:Times New Roman,Times,serif\"><span style=\"font-size:16px\"><span style=\"color:#000000\"><span style=\"background-color:white\">Nội dung b&agrave;i viết của bạn phải được đảm bảo độ mới 100% v&agrave; phải l&agrave; duy nhất tr&ecirc;n Google. Bạn c&oacute; thể t&igrave;m hiểu th&ecirc;m c&aacute;c c&ocirc;ng cụ check độ tr&ugrave;ng lặp nội dung b&agrave;i viết hiện hay đang được rất nhiều người sử dụng để kiểm tra. Khi nội dung b&agrave;i viết bị tr&ugrave;ng lặp bạn phải x&oacute;a hoặc sẽ viết mới nội dung đấy.</span></span></span></span></p>\r\n\r\n<p style=\"margin-left:0cm; margin-right:0cm; text-align:justify\"><span style=\"font-family:Times New Roman,Times,serif\"><span style=\"font-size:16px\"><span style=\"color:#000000\"><span style=\"background-color:white\">Nếu như bạn c&oacute; c&aacute;c trang kh&ocirc;ng c&oacute; nội dung hoặc l&agrave; nội dung tr&ugrave;ng lặp tr&ecirc;n website ch&iacute;nh của m&igrave;nh, bạn cần điều hưởng chuyển qua sử dụng chuyển hướng 301.</span></span></span></span></p>\r\n\r\n<p style=\"margin-left:0cm; margin-right:0cm; text-align:justify\"><span style=\"font-family:Times New Roman,Times,serif\"><span style=\"font-size:16px\"><span style=\"color:#000000\"><span style=\"background-color:white\">Nếu nội dung của bạn qu&aacute; cũ tr&ecirc;n websie bạn cần phải l&ecirc;n kế hoạch t&igrave;m kiếm nội dung mới v&agrave; đảm bảo những nội dung tr&ecirc;n trang web của bạn được cập nhập thường xuy&ecirc;n.</span></span></span></span></p>\r\n\r\n<p style=\"margin-left:0cm; margin-right:0cm; text-align:justify\"><span style=\"font-family:Tahoma,Geneva,sans-serif\"><span style=\"font-size:36px\"><span style=\"color:#16a085\"><span style=\"background-color:white\"><strong>|</strong></span></span></span></span><span style=\"font-family:Times New Roman,Times,serif\"><span style=\"font-size:16px\"><span style=\"color:#000000\"><span style=\"background-color:white\"> <em>Xem th&ecirc;m c&aacute;ch </em></span></span><span style=\"background-color:white\"><em><strong><a href=\"http://www.kinhdoanhinternet.com.vn/cach-check-unique-bai-viet-chuan-seo\"><span style=\"color:#8e44ad\">check Unique b&agrave;i viết chuẩn SEO</span></a></strong><span style=\"color:#8e44ad\"> </span></em></span><span style=\"color:#000000\"><span style=\"background-color:white\"><em>của ch&uacute;ng t&ocirc;i để kiểm tra độ tr&ugrave;ng lặp nội dung của b&agrave;i viết nh&eacute;.</em></span></span></span></span></p>\r\n\r\n<h4 style=\"text-align:justify\"><span style=\"font-family:Times New Roman,Times,serif\"><span style=\"font-size:16px\"><strong><span style=\"background-color:white\">5. Sử dụng li&ecirc;n kết nội bộ</span></strong></span></span></h4>\r\n\r\n<p style=\"margin-left:0cm; margin-right:0cm; text-align:justify\"><span style=\"font-family:Times New Roman,Times,serif\"><span style=\"font-size:16px\"><span style=\"color:#000000\"><span style=\"background-color:white\">Li&ecirc;n kết nội bộ giữa c&aacute;c trang kh&aacute;c nhau th&agrave;nh 1 v&ograve;ng k&iacute;n sẽ rất hữu &iacute;ch cho cả c&ocirc;ng cụ t&igrave;m kiếm tr&ecirc;n google v&agrave; cho người d&ugrave;ng.</span></span></span></span></p>\r\n\r\n<p style=\"margin-left:0cm; margin-right:0cm; text-align:justify\"><span style=\"font-family:Times New Roman,Times,serif\"><span style=\"font-size:16px\"><span style=\"color:#000000\"><span style=\"background-color:white\">L&ecirc;n kế hoạch chi tiết tạo th&agrave;nh cấu tr&uacute;c SILO để tạo li&ecirc;n kết nội bộ cho website. Sử dụng c&aacute;c Anchor text phong ph&uacute; đa dạng một c&aacute;ch tự nhi&ecirc;n.</span></span></span></span></p>\r\n\r\n<p style=\"margin-left:0cm; margin-right:0cm; text-align:center\"><span style=\"font-family:Times New Roman,Times,serif\"><span style=\"font-size:16px\"><span style=\"color:#000000\"><span style=\"background-color:white\"><img alt=\"tăng lượng truy cập vào website\" height=\"445\" src=\"/image/images/cac-phuong-phap-keo-traffic-hieu-qua-nhat.jpg\" width=\"580\" /></span></span></span></span></p>\r\n\r\n<h4 style=\"text-align:justify\"><span style=\"font-family:Times New Roman,Times,serif\"><span style=\"font-size:16px\"><strong><span style=\"background-color:white\">6. H&igrave;nh ảnh</span></strong></span></span></h4>\r\n\r\n<p style=\"margin-left:0cm; margin-right:0cm; text-align:justify\"><span style=\"font-family:Times New Roman,Times,serif\"><span style=\"font-size:16px\"><span style=\"color:#000000\"><span style=\"background-color:white\">H&igrave;nh ảnh trong nội dung b&agrave;i viết sẽ rất hữu &iacute;ch để cuốn h&uacute;t người d&ugrave;ng v&agrave; tạo cho trang web của bạn hấp dẫn hơn. Nhưng sẽ rất kh&ocirc;ng tốt cho c&ocirc;ng việc thực hiện SEO của bạn nếu như h&igrave;nh ảnh qu&aacute; nặng v&agrave; tăng thời gian load trang qu&aacute; l&acirc;u.</span></span></span></span></p>\r\n\r\n<p style=\"margin-left:0cm; margin-right:0cm; text-align:justify\"><span style=\"font-family:Times New Roman,Times,serif\"><span style=\"font-size:16px\"><span style=\"color:#000000\"><span style=\"background-color:white\">Bạn cần phải nắm bắt 3 yếu tố sau:</span></span></span></span></p>\r\n\r\n<p style=\"text-align:justify\"><span style=\"font-family:Times New Roman,Times,serif\"><span style=\"font-size:16px\"><span style=\"color:#000000\"><span style=\"background-color:white\">- T&ecirc;n h&igrave;nh ảnh v&agrave; m&ocirc; tả h&igrave;nh ảnh bạn cần chứa từ kh&oacute;a nhưng bạn đừng lạm dụng n&oacute; qu&aacute;, Khi đấy google sẽ ph&aacute;t hiện cho đ&aacute;nh gi&aacute; bạn đang muốn Spam từ kh&oacute;a đấy.</span></span></span></span></p>\r\n\r\n<p style=\"text-align:justify\"><span style=\"font-family:Times New Roman,Times,serif\"><span style=\"font-size:16px\"><span style=\"color:#000000\"><span style=\"background-color:white\">- Thẻ ALT cần phải được x&aacute;c định tr&ecirc;n tất cả h&igrave;nh ảnh trong b&agrave;i viết</span></span></span></span></p>\r\n\r\n<p style=\"text-align:justify\"><span style=\"font-family:Times New Roman,Times,serif\"><span style=\"font-size:16px\"><span style=\"color:#000000\"><span style=\"background-color:white\">C&aacute;c h&igrave;nh ảnh trong b&agrave;i viết cần phải được giảm thiểu k&iacute;ch thước để giảm tải độ load trang.</span></span></span></span></p>\r\n\r\n<h4 style=\"margin-left:0cm; margin-right:0cm; text-align:justify\"><span style=\"font-family:Times New Roman,Times,serif\"><span style=\"font-size:16px\"><strong><span style=\"background-color:white\">7. Link li&ecirc;n kết hỏng</span></strong></span></span></h4>\r\n\r\n<p style=\"margin-left:0cm; margin-right:0cm; text-align:justify\"><span style=\"font-family:Times New Roman,Times,serif\"><span style=\"font-size:16px\"><span style=\"color:#000000\"><span style=\"background-color:white\">Li&ecirc;n kết hỏng l&agrave; xấu cho người d&ugrave;ng trải nghiệm do kh&ocirc;ng tốt cho SEO. Hiện nay c&oacute; 2 c&aacute;ch để kiểm tra c&aacute;c li&ecirc;n kết bị hỏng:</span></span></span></span></p>\r\n\r\n<p style=\"margin-left:0cm; margin-right:0cm; text-align:justify\"><span style=\"font-family:Times New Roman,Times,serif\"><span style=\"font-size:16px\"><span style=\"color:#000000\"><span style=\"background-color:white\">+ C&ocirc;ng cụ check link li&ecirc;n kết bị hỏng XENU để kiểm tra những li&ecirc;n k&eacute;t ở ngo&agrave;i. C&ocirc;ng cụ n&agrave;y ho&agrave;n to&agrave;n miễn ph&iacute; cho người sử dụng v&agrave; cung cấp cho bạn 1 thống k&ecirc; cho bạn tất cả c&aacute;c li&ecirc;n kết bị hỏng tr&ecirc;n website của bạn. Sau đấy bạn c&oacute; thể khắc phục to&agrave;n bộ ch&uacute;ng bằng c&aacute;ch x&oacute;a loại bỏ ho&agrave;n to&agrave;n khỏi website của bạn hoặc l&agrave; c&oacute; thể chuyển hướng link hỏng đấy đến một URL hợp lệ.</span></span></span></span></p>\r\n\r\n<p style=\"margin-left:0cm; margin-right:0cm; text-align:justify\"><span style=\"font-family:Times New Roman,Times,serif\"><span style=\"font-size:16px\"><span style=\"color:#000000\"><span style=\"background-color:white\">+ Sử dụng c&ocirc;ng cụ b&aacute;o c&aacute;o lỗi thu thập dữ liệu tr&ecirc;n google search console để t&igrave;m ra c&aacute;c li&ecirc;n kết bị hỏng của website của bạn. Bạn c&oacute; thể xử l&yacute; theo c&aacute;c sửa ch&uacute;ng chỉnh li&ecirc;n kết hoặc chuyển hướng 301 đến 1 URL n&agrave;o hợp lệ tr&ecirc;n website của bạn.</span></span></span></span></p>\r\n\r\n<h4 style=\"margin-left:0cm; margin-right:0cm; text-align:justify\"><span style=\"font-family:Times New Roman,Times,serif\"><span style=\"font-size:16px\"><strong><span style=\"background-color:white\">8. Th&acirc;n thiện với người d&ugrave;ng</span></strong></span></span></h4>\r\n\r\n<p style=\"margin-left:0cm; margin-right:0cm; text-align:justify\"><span style=\"font-family:Times New Roman,Times,serif\"><span style=\"font-size:16px\"><span style=\"color:#000000\"><span style=\"background-color:white\">Để đ&aacute;nh gi&aacute; một website th&acirc;n thiện với người d&ugrave;ng hay kh&ocirc;ng l&agrave; rất kh&oacute; bởi v&igrave; điều n&agrave;y cần phụ thuộc v&agrave;o loại website v&agrave; c&aacute;ch tr&igrave;nh b&agrave;y bố cụ thiết kế website. Nhưng c&oacute; 1 số điều cần kiểm tra bạn c&oacute; thể thực hiện như:</span></span></span></span></p>\r\n\r\n<p style=\"margin-left:0cm; margin-right:0cm; text-align:justify\"><span style=\"font-family:Times New Roman,Times,serif\"><span style=\"font-size:16px\"><span style=\"color:#000000\"><span style=\"background-color:white\">+ Giảm tải số lượt click để người d&ugrave;ng c&oacute; thể t&igrave;m thấy những g&igrave; họ muốn nhiều nhất l&agrave; 3 lần click chuột.</span></span></span></span></p>\r\n\r\n<p style=\"margin-left:0cm; margin-right:0cm; text-align:justify\"><span style=\"font-family:Times New Roman,Times,serif\"><span style=\"font-size:16px\"><span style=\"color:#000000\"><span style=\"background-color:white\">+ Người d&ugrave;ng khi nhập sai URL sẽ xảy ra điều g&igrave;? Trang web sẽ b&aacute;o lỗi 404 th&acirc;n thiện hay kh&ocirc;ng?</span></span></span></span></p>\r\n\r\n<p style=\"margin-left:0cm; margin-right:0cm; text-align:justify\"><span style=\"font-family:Times New Roman,Times,serif\"><span style=\"font-size:16px\"><span style=\"color:#000000\"><span style=\"background-color:white\">+ MENU của website c&oacute; ch&iacute;nh x&aacute;c v&agrave; r&otilde; r&agrave;ng cho từng mục hayy kh&ocirc;ng?</span></span></span></span></p>\r\n\r\n<p style=\"margin-left:0cm; margin-right:0cm; text-align:justify\"><span style=\"font-family:Times New Roman,Times,serif\"><span style=\"font-size:16px\"><span style=\"color:#000000\"><span style=\"background-color:white\">+ Giao diện website của đồng nhất tr&ecirc;n c&aacute;c trang hay kh&ocirc;ng?</span></span></span></span></p>\r\n\r\n<p style=\"margin-left:0cm; margin-right:0cm; text-align:justify\"><span style=\"font-family:Times New Roman,Times,serif\"><span style=\"font-size:16px\"><span style=\"color:#000000\"><span style=\"background-color:white\">+ Sơ đồ c&aacute;c trang như thế n&agrave;o cho người d&ugrave;ng?</span></span></span></span></p>\r\n\r\n<h4 style=\"margin-left:0cm; margin-right:0cm; text-align:justify\"><span style=\"font-family:Times New Roman,Times,serif\"><span style=\"font-size:16px\"><strong><span style=\"background-color:white\">9. Tốc độ tải trang</span></strong></span></span></h4>\r\n\r\n<p style=\"margin-left:0cm; margin-right:0cm; text-align:justify\"><span style=\"color:#000000; font-family:Times New Roman,Times,serif\"><span style=\"font-size:16px\">Tr&ecirc;n đ&acirc;y l&agrave; c&aacute;ch l&agrave;m của t&ocirc;i để <strong>tăng traffic cho website</strong>&nbsp;v&agrave; thật sự n&oacute; mang lại hiệu quả&nbsp;</span></span><span style=\"font-family:Times New Roman,Times,serif\"><span style=\"color:#000000\"><span style=\"font-size:16px\">r&otilde; rệt</span></span></sp', '', '', '', '', '', 0, 'cach-tang-traffic-cho-website-hieu-qua', '5 BƯỚC 100% tăng traffic cho website hiệu quả với nội dung viết là TOP', 'Cập nhật 2019 các cách tăng trưởng traffic cho website hiệu quả, thu hút truy cập bền vững, tự nhiên bằng phương pháp viết nội dung có chiến thuật và phân tích chuyên sâu từ các công cụ SEO.', 'cách tăng traffic cho website, các cách tăng traffic cho website, cách tăng traffic cho website hiệu quả, các phương pháp kéo traffic, tăng lượng truy cập vào website, cách kéo view cho website');
INSERT INTO `news_languages` (`id`, `news_id`, `languages_code`, `lang_news_name`, `lang_news_des`, `lang_news_content`, `lang_news_sub_info1`, `lang_news_sub_info2`, `lang_news_sub_info3`, `lang_news_sub_info4`, `lang_news_sub_info5`, `edit_state`, `friendly_url`, `title_seo`, `des_seo`, `keyword`) VALUES
(14, 7, 'en', 'english version Cách tăng traffic cho website hiệu quả bằng nội dung SEO viết là TOP', 'english version ', 'english version <p style=\"margin-left:0cm; margin-right:0cm; text-align:justify\"><span style=\"font-size:16px\"><span style=\"font-family:Times New Roman,Times,serif\"><span style=\"color:#000000\"><span style=\"background-color:white\">Một trong những c&aacute;ch thức để website c&oacute; thể c&oacute; được traffic l&agrave; b&agrave;i viết đ&oacute; phải l&ecirc;n TOP google. Vậy l&agrave;m thế n&agrave;o? Đối với rất nhiều để l&agrave;m được điều n&agrave;y </span></span></span></span></p>\r\n\r\n<p style=\"margin-left:0cm; margin-right:0cm; text-align:justify\"><span style=\"font-size:16px\"><span style=\"font-family:Times New Roman,Times,serif\"><span style=\"color:#000000\"><span style=\"background-color:white\">V&agrave; theo như suy nghĩ của nhiều người b&agrave;i viết l&ecirc;n TOP sẽ cần nhiều c&ocirc;ng sức, đầu tư SEO b&agrave;i viết đ&oacute;, v&agrave; chờ đợi mới c&oacute; thể c&oacute; thứ hạng. Nhưng t&ocirc;i khẳng định với c&aacute;c bạn rằng nếu biết c&aacute;ch l&agrave;m th&igrave; chỉ cần VIẾT L&Agrave; TOP kh&ocirc;ng tốn chi ph&iacute; v&agrave; thời gian nhiều, v&agrave; kh&ocirc;ng chỉ dừng lại ở TOP, c&aacute;ch l&agrave;m của t&ocirc;i c&ograve;n gi&uacute;p tỷ lệ tho&aacute;t v&agrave; thời gian ở lại tr&ecirc;n phi&ecirc;n xem của người đọc rất đẹp, tuy nhi&ecirc;n bạn phải đầu tư nghi&ecirc;m t&uacute;c cho việc xuất bản b&agrave;i viết đ&oacute; tr&ecirc;n website.</span></span></span></span></p>\r\n\r\n<h2 style=\"margin-left:0cm; margin-right:0cm; text-align:justify\"><span style=\"color:#c0392b\"><span style=\"font-size:20px\"><span style=\"font-family:Times New Roman,Times,serif\"><strong><span style=\"background-color:white\">B&agrave;i viết n&agrave;y t&ocirc;i sẽ chia sẻ c&aacute;ch l&agrave;m của ch&iacute;nh bản th&acirc;n t&ocirc;i v&agrave; n&oacute; đ&atilde; rất hiệu quả</span></strong></span></span></span></h2>\r\n\r\n<p style=\"margin-left:0cm; margin-right:0cm; text-align:justify\"><span style=\"font-size:16px\"><span style=\"font-family:Times New Roman,Times,serif\"><span style=\"color:#000000\"><span style=\"background-color:white\">T&ocirc;i muốn chia sẻ th&ecirc;m về bản th&acirc;n, t&ocirc;i l&agrave; người theo đuổi SEO mũ trắng, bền vững, v&agrave; hiểu bản chất kỹ thuật. T&ocirc;i gốc l&agrave; IT, lập tr&igrave;nh hệ thống v&agrave; chuyển sang l&agrave;m song song marketing online xem đ&oacute; như l&agrave; sự đam m&ecirc; v&agrave; l&agrave; sự nghiệp nền tảng. SEO mũ đen t&ocirc;i c&oacute; thể l&agrave;m v&agrave; c&oacute; thừa tiền để đầu tư t&agrave;i nguy&ecirc;n để đẩy SEO mũ đen, t&ocirc;i kh&ocirc;ng phải l&agrave; người thiếu về kinh tế v&agrave; tư duy. Nhưng l&yacute; tưởng t&ocirc;i theo đuổi l&agrave; người l&agrave;m kỹ thuật h&agrave;n l&acirc;m, v&agrave; x&acirc;y dựng sự nghiệp vững chắc, kinh tế kh&ocirc;ng phải l&agrave; ưu ti&ecirc;n h&agrave;ng đầu với trường hợp của t&ocirc;i.</span></span></span></span></p>\r\n\r\n<p style=\"margin-left:0cm; margin-right:0cm; text-align:justify\"><span style=\"font-size:16px\"><span style=\"font-family:Times New Roman,Times,serif\"><span style=\"color:#000000\">T&ocirc;i n&oacute;i hơi nhiều về bản th&acirc;n ở tr&ecirc;n, cũng chỉ mong rằng cho c&aacute;c bạn sự tin tưởng hơn v&agrave;o b&agrave;i viết m&agrave; t&ocirc;i đang viết. Đương nhi&ecirc;n kiến thức trong b&agrave;i viết n&agrave;y l&agrave; t&ocirc;i tham khảo từ nhiều nguồn, v&agrave; từ đ&uacute;c kết kinh nghiệm của bản th&acirc;n để viết.</span></span></span></p>\r\n\r\n<h3 style=\"margin-left:0cm; margin-right:0cm; text-align:justify\"><span style=\"font-size:18px\"><span style=\"font-family:Times New Roman,Times,serif\"><span style=\"color:#000000\"><strong>Cơ bản t&ocirc;i đ&atilde; t&oacute;m lại l&agrave; tiến h&agrave;nh 5 bước sau:</strong></span></span></span></h3>\r\n\r\n<ol>\r\n	<li style=\"text-align:justify\"><span style=\"font-size:16px\"><span style=\"font-family:Times New Roman,Times,serif\"><span style=\"color:#000000\">Nghi&ecirc;n cứu kỹ <span style=\"background-color:white\">Phantom Keywords v&agrave; đối thủ</span></span></span></span></li>\r\n</ol>\r\n\r\n<p style=\"margin-left:36pt; margin-right:0cm; text-align:justify\"><span style=\"font-size:16px\"><span style=\"font-family:Times New Roman,Times,serif\"><span style=\"color:#000000\"><span style=\"background-color:white\">Nếu bạn chưa hiểu về Phantom Keywords, y&ecirc;n t&acirc;m t&ocirc;i đ&atilde; c&oacute; một viết chi tiết giải th&iacute;ch cho c&aacute;c hiểu bản chất của n&oacute; b&ecirc;n dưới. B&igrave;nh tĩnh c&aacute;c bạn sẽ đọc đến đ&oacute;, t&ocirc;i muốn c&aacute;c bạn hiểu thật cặn kẽ những g&igrave; t&ocirc;i viết</span></span></span></span></p>\r\n\r\n<ol start=\"2\">\r\n	<li style=\"text-align:justify\"><span style=\"font-size:16px\"><span style=\"font-family:Times New Roman,Times,serif\"><span style=\"color:#000000\"><span style=\"background-color:white\">Viết b&agrave;i chuẩn SEO chất lượng hướng về người đọc, đăng b&agrave;i l&ecirc;n website v&agrave; đi link nội bộ thật tự nhi&ecirc;n</span></span></span></span></li>\r\n	<li style=\"text-align:justify\"><span style=\"font-size:16px\"><span style=\"font-family:Times New Roman,Times,serif\"><span style=\"color:#000000\"><span style=\"background-color:white\">&Aacute;p dụng một số kỹ thuật SEO onpage cơ bản kh&aacute;c để xuất bản b&agrave;i viết tốt nhất tr&ecirc;n websiteư</span></span></span></span></li>\r\n	<li style=\"text-align:justify\"><span style=\"font-size:16px\"><span style=\"font-family:Times New Roman,Times,serif\"><span style=\"color:#000000\"><span style=\"background-color:white\">K&eacute;o traffic thật từ nhiều nguồn kh&aacute;c nhau ngo&agrave;i Google Search về b&agrave;i viết bạn đ&atilde; đầu tư</span></span></span></span></li>\r\n	<li style=\"text-align:justify\"><span style=\"font-size:16px\"><span style=\"font-family:Times New Roman,Times,serif\"><span style=\"color:#000000\"><span style=\"background-color:white\">Chờ index, ph&acirc;n t&iacute;ch lại b&agrave;i viết v&agrave; Audit lại b&agrave;i viết để cải thiện th&ecirc;m thứ hạng v&agrave; đưa nhiều từ kh&oacute;a tương tự l&ecirc;n TOP c&ugrave;ng.</span></span></span></span></li>\r\n</ol>\r\n\r\n<p style=\"text-align:justify\"><span style=\"font-size:16px\"><span style=\"font-family:Times New Roman,Times,serif\"><span style=\"color:#000000\"><span style=\"background-color:white\">Audit l&agrave; g&igrave;? Một số newbie sẽ thắc mắc. M&igrave;nh cũng sẽ giải th&iacute;ch kh&aacute;i niệm n&agrave;y ph&iacute;a dưới.&nbsp;</span></span></span></span><span style=\"font-size:16px\"><span style=\"font-family:Times New Roman,Times,serif\"><span style=\"color:#000000\"><span style=\"background-color:white\">C&ugrave;ng l&agrave;m r&otilde; từng bước n&agrave;o.</span></span></span></span></p>\r\n\r\n<p style=\"text-align:justify\"><span style=\"font-size:16px\"><span style=\"font-family:Times New Roman,Times,serif\"><span style=\"color:#000000\"><strong><span style=\"background-color:white\">Bước 1: </span>Nghi&ecirc;n cứu kỹ <span style=\"background-color:white\">Phantom Keywords v&agrave; đối thủ</span></strong></span></span></span></p>\r\n\r\n<p style=\"margin-left:0cm; margin-right:0cm; text-align:justify\"><span style=\"font-size:16px\"><span style=\"font-family:Times New Roman,Times,serif\"><span style=\"color:#000000\">Phantom keywords (từ kh&oacute;a b&oacute;ng ma) l&agrave; những từ kh&oacute;a c&oacute; lượng seach h&agrave;ng th&aacute;ng nhưng nhiều người lại chưa thực hiện SEO hoặc l&agrave; rất &iacute;t b&agrave;i viết về từ kh&oacute;a đ&acirc;y. Bởi ch&iacute;nh v&igrave; từ kh&oacute;a bị l&atilde;ng qu&ecirc;n hay l&agrave; kh&ocirc;ng c&oacute; ai để t&acirc;m đến nhiều, n&ecirc;n bạn chỉ cần đầu tư thời gian viết một b&agrave;i viết c&oacute; chứa từ kh&oacute;a phantom keywords n&agrave;y. Sau khi google index b&agrave;i viết (Cẩn thận hơn th&igrave; ta n&ecirc;n đi b&agrave;i viết n&agrave;y 1 &iacute;t backlink từ c&aacute;c diễn đ&agrave;n trong nước) th&igrave; b&agrave;i viết của bạn c&oacute; thể lập tức l&ecirc;n TOP google.</span></span></span></p>\r\n\r\n<p style=\"margin-left:0cm; margin-right:0cm; text-align:justify\"><span style=\"font-size:16px\"><span style=\"font-family:Times New Roman,Times,serif\"><span style=\"color:#000000\"><em><span style=\"background-color:white\">Để hiểu kỹ hơn về Phantom Keywords, c&aacute;c bạn n&ecirc;n đọc b&agrave;i viết n&agrave;y của t&ocirc;i</span></em></span></span></span></p>\r\n\r\n<p style=\"margin-left:0cm; margin-right:0cm; text-align:justify\"><span style=\"font-size:16px\"><span style=\"font-family:Times New Roman,Times,serif\"><span style=\"color:#000000\"><strong>Thu hẹp v&agrave; mở rộng lĩnh vực để lựa chọn từ kh&oacute;a phantom keywods</strong></span></span></span></p>\r\n\r\n<p style=\"margin-left:0cm; margin-right:0cm; text-align:justify\"><span style=\"font-size:16px\"><span style=\"font-family:Times New Roman,Times,serif\"><span style=\"color:#000000\"><strong>Mở rộng lĩnh vực t&igrave;m kiếm phantom keywords:</strong></span></span></span></p>\r\n\r\n<p style=\"margin-left:0cm; margin-right:0cm; text-align:justify\"><span style=\"font-size:16px\"><span style=\"font-family:Times New Roman,Times,serif\"><span style=\"color:#000000\">Chẳng hạn như bạn đang muốn SEO một lĩnh vực với từ kh&oacute;a &ldquo; B&oacute;ng đ&egrave;n UV&rdquo;. Một lĩnh vực kh&aacute; l&agrave; &iacute;t lượng seach v&agrave; rất &iacute;t người biết đến so với c&aacute;c ngh&agrave;nh kh&aacute;c như về lĩnh vực bất động sản hay thời trang. Ngay l&uacute;c n&agrave;y bạn cần phải t&igrave;m hiểu v&agrave; cần suy nghĩ mở rộng. Cần mở rộng bao qu&aacute;t hơn để c&oacute; những khả năng t&igrave;m được nhiều từ kh&oacute;a c&oacute; lượng seach cao. Với 1 lĩnh vực như vậy, t&ocirc;i chọn lĩnh vực mở rộng l&agrave; &ldquo;Thiết bị điện&rdquo; để t&igrave;m kiếm được từ kh&oacute;a phantom của dịch vụ li&ecirc;n quan đến lĩnh vực m&igrave;nh đang muốn SEO.</span></span></span></p>\r\n\r\n<p style=\"margin-left:0cm; margin-right:0cm; text-align:justify\"><span style=\"font-size:16px\"><span style=\"font-family:Times New Roman,Times,serif\"><span style=\"color:#000000\">Trước ti&ecirc;n bạn cần Copy từ kh&oacute;a &ldquo;Thiết bị điện&rdquo; l&ecirc;n tr&ecirc;n google seach v&agrave; lựa chọn lấy 1 trong c&aacute;c website đang nằm trong TOP 1 &ndash; 5. Thị trường n&agrave;y kh&aacute; l&agrave; cạnh tranh v&igrave; thế những website nằm trong TOP 1 &ndash; 5 sẽ rất uy t&iacute;n tr&ecirc;n Google.</span></span></span></p>\r\n\r\n<p style=\"margin-left:0cm; margin-right:0cm; text-align:justify\"><span style=\"font-size:16px\"><span style=\"font-family:Times New Roman,Times,serif\"><span style=\"color:#000000\">Cần ch&uacute; &yacute;: Bạn n&ecirc;n chọn v&agrave; ph&acirc;n t&iacute;ch 1 trang web khi m&agrave; organic Keywords &amp; Organic Traffic &gt; = 2.000. &Iacute;t nhất l&agrave; phải được như thế th&igrave; bạn mới t&igrave;m kiếm được nhiều từ kh&oacute;a Phantom keywords hơn.</span></span></span></p>\r\n\r\n<p style=\"margin-left:0cm; margin-right:0cm; text-align:justify\"><span style=\"font-size:16px\"><span style=\"font-family:Times New Roman,Times,serif\"><span style=\"color:#000000\">Khi đ&atilde; chọn lựa được trang web cuối th&igrave; bạn cần phải c&oacute; c&ocirc;ng cụ Ahrefs để c&oacute; thể ph&acirc;n t&iacute;ch v&agrave; t&igrave;m kiếm được từ kh&oacute;a Phantom keywords. (Hiện nay c&oacute; nhiều đơn vị cung cấp t&agrave;i khoản d&ugrave;ng chung. Bạn c&oacute; thể li&ecirc;n hệ đến họ để được cung cấp t&agrave;i khoản. Chi ph&iacute; sử dụng theo th&aacute;ng cũng rất rẻ).</span></span></span></p>\r\n\r\n<p style=\"margin-left:0cm; margin-right:0cm; text-align:justify\"><span style=\"font-size:16px\"><span style=\"font-family:Times New Roman,Times,serif\"><span style=\"color:#000000\">Khi đ&atilde; đăng nhập v&agrave;o được Ahrefs bạn chỉ cần đưa website đ&atilde; chọn lựa từ trước v&agrave; đưa v&agrave;o Ahrefs để ph&acirc;n t&iacute;ch c&aacute;c chỉ số của website.</span></span></span></p>\r\n\r\n<p style=\"margin-left:0cm; margin-right:0cm; text-align:justify\"><span style=\"font-size:16px\"><span style=\"font-family:Times New Roman,Times,serif\"><span style=\"color:#000000\">Tiếp theo bạn cần chọn mục &ldquo;Organic keywords&rdquo; v&agrave; click v&agrave;o l&agrave; cờ Việt Nam để t&igrave;m kiếm v&agrave; xem những keywords Việt Nam n&agrave;o đang nằm trong TOP 100 của website đang ph&acirc;n t&iacute;ch. (Nếu như bạn đang SEO tr&ecirc;n thị trường tiếng anh, bạn chọn v&agrave;o l&aacute; cờ nước Anh nh&eacute;.)</span></span></span></p>\r\n\r\n<p style=\"margin-left:0cm; margin-right:0cm; text-align:justify\"><span style=\"font-size:16px\"><span style=\"font-family:Times New Roman,Times,serif\"><span style=\"color:#000000\">N&agrave;o, b&acirc;y giờ th&igrave; ta sẽ lọc ra những từ kh&oacute;a n&agrave;o c&oacute; độ kh&oacute; KD(keywords difficylty) = 0 nh&eacute;. Tại sao? Ch&uacute;ng ta&nbsp; đang muốn đi t&igrave;m những từ kh&oacute;a c&oacute; độ dễ nhất để thực hiện. Nhưng nhiều khi c&oacute; trường hợp c&aacute;c keywords dễ nhưng chưa chắc đ&atilde; l&agrave; c&aacute;c từ kh&oacute;a phantom. Từ kh&oacute;a phantom l&agrave; những từ kh&oacute;a bị qu&ecirc;n v&agrave; rất &iacute;t người SEO, hầu như l&agrave; kh&ocirc;ng c&oacute; ai SEO nhưng c&aacute;c từ kh&oacute;a đấy lại c&oacute; lượng seach tr&ecirc;n google lại kh&aacute; l&agrave; cao.</span></span></span></p>\r\n\r\n<p style=\"margin-left:0cm; margin-right:0cm; text-align:justify\"><span style=\"font-size:16px\"><span style=\"font-family:Times New Roman,Times,serif\"><span style=\"color:#000000\"><strong>Kiểm tra tr&ecirc;n google với cấu tr&uacute;c allintitle</strong></span></span></span></p>\r\n\r\n<p style=\"margin-left:0cm; margin-right:0cm; text-align:justify\"><span style=\"font-size:16px\"><span style=\"font-family:Times New Roman,Times,serif\"><span style=\"color:#000000\">Khi đến bước kiểm tra n&agrave;y sẽ quyết định xem đ&acirc;u sẽ l&agrave; từ kh&oacute;a phantom keywords. All in title nghĩa l&agrave; sẽ kiểm tra được tất cả c&aacute;c b&agrave;i viết hiện c&oacute; tr&ecirc;n google viết về từ kh&oacute;a đ&oacute;. C&aacute;c vị tr&iacute; từ kh&oacute;a c&oacute; thể đứng trước hay ph&iacute;a sau nhưng sẽ đầy đủ c&aacute;c từ.</span></span></span></p>\r\n\r\n<p style=\"margin-left:0cm; margin-right:0cm; text-align:justify\"><span style=\"font-size:16px\"><span style=\"font-family:Times New Roman,Times,serif\"><span style=\"color:#000000\">Lệnh kiểm tra tr&ecirc;n google sẽ như sau: &ldquo;Allintitle:Từ kh&oacute;a cần kiểm tra&rdquo;</span></span></span></p>\r\n\r\n<p style=\"margin-left:0cm; margin-right:0cm; text-align:justify\"><span style=\"font-size:16px\"><span style=\"font-family:Times New Roman,Times,serif\"><span style=\"color:#000000\">Khi kiểm tra xong tr&ecirc;n internet google sẽ trả về cho bạn con số kết quả t&igrave;m kiếm tr&ecirc;n google. Với số lượng kết quả tr&ecirc;n google trả về th&igrave; số lượng như thế n&agrave;o mới được x&aacute;c định l&agrave; từ kh&oacute;a phantom keywords.</span></span></span></p>\r\n\r\n<p style=\"margin-left:0cm; margin-right:0cm; text-align:justify\"><span style=\"font-size:16px\"><span style=\"font-family:Times New Roman,Times,serif\"><span style=\"color:#000000\">Phantom keywords c&oacute; lượng kết quả google trả về với con số đang lưu t&acirc;m l&agrave; &lt;500 v&agrave; &lt;1000 sẽ mang khả năng cao phantom keywords l&ecirc;n TOP đầu t&igrave;m kiếm.</span></span></span></p>\r\n\r\n<p style=\"margin-left:0cm; margin-right:0cm; text-align:justify\"><span style=\"font-size:16px\"><span style=\"font-family:Times New Roman,Times,serif\"><span style=\"color:#000000\">Nếu như con số t&igrave;m kiếm google trả về kết quả hơn 1000 th&igrave; từ kh&oacute;a đấy đ&atilde; qu&aacute; nhiều b&agrave;i viết. Như thế sẽ rất kh&oacute; để viết b&agrave;i với từ kh&oacute;a l&ecirc;n TOP được.</span></span></span></p>\r\n\r\n<p style=\"margin-left:0cm; margin-right:0cm; text-align:justify\"><span style=\"font-size:16px\"><span style=\"font-family:Times New Roman,Times,serif\"><span style=\"color:#000000\">Với những từ kh&oacute;a c&oacute; lượng seach kh&aacute; khi&ecirc;m tốn v&agrave; kiểm tra all in title c&oacute; kết quả c&agrave;ng &iacute;t th&igrave; bạn c&agrave;ng dễ l&ecirc;n TOP 1. Kiểu g&igrave; bạn cũng sẽ đưa l&ecirc;n được TOP 1 nếu như bạn d&ugrave;ng 1 ch&uacute;t thủ thuật về li&ecirc;n kết nội bộ v&agrave; tối ưu onpage tốt hơn c&aacute;c đối thủ v&agrave; độ d&agrave;i b&agrave;i viết. Bởi b&agrave;i viết của bạn c&ograve;n mới v&agrave; được thuật to&aacute;n google ưu ti&ecirc;n hơn th&igrave; gần như chắc chắn l&agrave; bạn sẽ l&ecirc;n ngay Top 2, 3. Khi đ&oacute;, chắc chắn lượng traffic đổ về website bạn sẽ bắt đầu c&oacute;.</span></span></span></p>\r\n\r\n<p style=\"margin-left:0cm; margin-right:0cm; text-align:justify\"><span style=\"font-size:16px\"><span style=\"font-family:Times New Roman,Times,serif\"><span style=\"color:#000000\">Với traffic từ lượng t&igrave;m kiếm của người d&ugrave;ng về từ kh&oacute;a đ&oacute; cực kỳ chất lượng v&agrave; đ&acirc;y ch&iacute;nh l&agrave; từ kh&oacute;a Phantom keywords m&agrave; ch&uacute;ng t&ocirc;i đang cố gắng giới thiệu đến bạn.</span></span></span></p>\r\n\r\n<p style=\"margin-left:0cm; margin-right:0cm; text-align:justify\"><span style=\"font-size:16px\"><span style=\"font-family:Times New Roman,Times,serif\"><span style=\"color:#000000\">C&oacute; một c&acirc;u hỏi khi bạn đọc đến đoạn t&igrave;m phantom keywords n&agrave;y bạn sẽ thắc mắc giống t&ocirc;i ng&agrave;y mới l&agrave;m. Phantom Keywords <span style=\"background-color:white\">lượng search &iacute;t qu&aacute;, liệu c&oacute; n&ecirc;n đầu tư viết kh&ocirc;ng? C&acirc;u trả lời của t&ocirc;i l&agrave; Đ&Aacute;NG QU&Aacute; ĐI CHỨ, n&oacute; rất hiệu quả v&agrave; bền vững. Bạn l&agrave;m gi&uacute;p t&ocirc;i ph&eacute;p to&aacute;n n&agrave;y v&agrave; c&oacute; 3 gạch đầu d&ograve;ng t&ocirc;i đưa ra để trả lời cho thắc mắc tr&ecirc;n của bạn: </span></span></span></span></p>\r\n\r\n<p style=\"margin-left:0cm; margin-right:0cm; text-align:justify\"><span style=\"font-size:16px\"><span style=\"font-family:Times New Roman,Times,serif\"><span style=\"color:#000000\">H&atilde;y để t&ocirc;i giải th&iacute;ch cho bạn nghe th&ecirc;m nh&eacute;:</span></span></span></p>\r\n\r\n<ul>\r\n	<li style=\"text-align:justify\"><span style=\"font-size:16px\"><span style=\"font-family:Times New Roman,Times,serif\"><span style=\"color:#000000\">V&iacute; dụ, nếu như bạn t&igrave;m kiếm được 1 từ kh&oacute;a c&oacute; lượng seach 80 lượt/ th&aacute;ng. Bạn cũng c&oacute; thể t&igrave;m kiếm th&ecirc;m được khoảng 100 từ kh&oacute;a tương tự từ kh&oacute;a đồng nghĩa với từ kh&oacute;a bạn đ&atilde; t&igrave;m thấy. L&uacute;c n&agrave;y bạn c&oacute; thể gom ch&uacute;ng v&agrave;o th&agrave;nh 1 b&agrave;i viết d&agrave;i, chất lượng tốt v&agrave; đầu tư thời gian onpage. Từ đ&oacute;, bạn c&oacute; thể k&eacute;o lượng traffic đến 800 traffic/ th&aacute;ng về website của m&igrave;nh đ&uacute;ng kh&ocirc;ng?</span></span></span></li>\r\n</ul>\r\n\r\n<p style=\"margin-left:0cm; margin-right:0cm; text-align:justify\"><span style=\"font-size:16px\"><span style=\"font-family:Times New Roman,Times,serif\"><span style=\"color:#000000\">Cũng c&oacute; thể sẽ c&oacute; c&aacute;ch gi&uacute;p bạn t&igrave;m được c&aacute;c phantom keywords với lượng seach h&agrave;ng th&aacute;ng l&ecirc;n đến cả trăm lượt t&igrave;m kiếm nữa cơ.</span></span></span></p>\r\n\r\n<ul>\r\n	<li><span style=\"font-size:16px\"><span style=\"font-family:Times New Roman,Times,serif\"><span style=\"color:#000000\"><span style=\"background-color:white\"><span style=\"background-color:white\">V&agrave; hơn nữa c&oacute; những chủ đề bạn c&oacute; thể t&igrave;m được c&aacute;c phantom keywords c&oacute; lượng search nhiều đến hằng trăm nữa cơ, như thế th&igrave; tuyệt với qu&aacute; rồi.</span></span></span></span></span></li>\r\n	<li><span style=\"font-size:16px\"><span style=\"font-family:Times New Roman,Times,serif\"><span style=\"color:#000000\"><span style=\"background-color:white\"><span style=\"background-color:white\">V&agrave; đồng thời bạn cũng cẩn phải lưu &yacute; một điều, một b&agrave;i viết đầu từ t&ocirc;i sẽ hướng dẫn c&aacute;c bạn kh&ocirc;ng chỉ c&oacute; l&ecirc;n TOP 1 từ kh&oacute;a phantom keywords đ&acirc;u ạ. M&agrave; n&oacute; sẽ l&ecirc;n TOP 1 ở 1 nh&oacute;m từ kh&oacute;a phantom keywords. T&ocirc;i sẽ hướng dẫn bạn ở trong 4 bước n&agrave;y nh&eacute;.</span></span></span></span></span></li>\r\n</ul>\r\n\r\n<p style=\"margin-left:0cm; margin-right:0cm; text-align:justify\"><span style=\"font-size:16px\"><span style=\"font-family:Times New Roman,Times,serif\"><span style=\"color:#000000\">V&agrave; chắc chắn rằng bạn cũng vẫn đang c&ograve;n thắc mắc về người v&agrave;o t&igrave;m kiếm từ kh&oacute;a đ&oacute; c&oacute; quan t&acirc;m đến dịch vụ sản phẩm ch&iacute;nh của m&igrave;nh hay kh&ocirc;ng? Việc điều hướng người đọc đến sản phẩm dịch vụ ch&iacute;nh của m&igrave;nh ho&agrave;n to&agrave;n dựa v&agrave;o c&aacute;ch bạn triển khai nội dung b&agrave;i viết content th&ocirc;i.</span></span></span></p>\r\n\r\n<p style=\"margin-left:0cm; margin-right:0cm; text-align:justify\"><span style=\"font-size:16px\"><span style=\"font-family:Times New Roman,Times,serif\"><span style=\"color:#000000\">Khi bạn viết b&agrave;i với từ kh&oacute;a phantom keywords bạ cũng c&oacute; thể ch&egrave;n th&ecirc;m 1 đoạn văn ngắn giới thiệu về những t&iacute;nh năng, c&ocirc;ng dụng,.. của sản phẩm ch&iacute;nh của bạn rồi để li&ecirc;n kết nội bộ đến b&agrave;i viết giới thiệu ch&iacute;nh sản phẩm, dịch vụ của bạn. Đến l&uacute;c n&agrave;y sẽ c&oacute; người v&agrave;o v&agrave; click trực tiếp li&ecirc;n kết nội bộ n&agrave;y đến b&agrave;i viết sản phẩm dịch vụ của bạn để mua sản phẩm của bạn.</span></span></span></p>\r\n\r\n<p style=\"text-align:justify\"><span style=\"font-size:16px\"><span style=\"font-family:Times New Roman,Times,serif\"><span style=\"color:#000000\"><strong><span style=\"background-color:white\">Bước 2:</span> <span style=\"background-color:white\">Viết b&agrave;i chuẩn SEO chất lượng hướng về người đọc, đăng b&agrave;i l&ecirc;n website v&agrave; đi link nội bộ thật tự nhi&ecirc;n</span></strong></span></span></span></p>\r\n\r\n<p style=\"margin-left:36pt; margin-right:0cm; text-align:justify\"><span style=\"font-size:16px\"><span style=\"font-family:Times New Roman,Times,serif\"><span style=\"color:#000000\"><strong>&nbsp;&nbsp;&nbsp;&nbsp; </strong><span style=\"background-color:white\">Bắt tay viết b&agrave;i viết thật chất lượng, độ d&agrave;i kh&ocirc;ng quan trọng lắm nhưng đương nhi&ecirc;n đừng qu&aacute; ngắn, t&ocirc;i nghĩ quan trọng l&agrave; nội dung b&agrave;i viết đ&oacute; phải hướng người đọc, cho người đọc kiến thức th&ocirc;ng tin thật sự m&agrave; họ cần khi họ t&igrave;m kiếm về từ kh&oacute;a đ&oacute; để đến với b&agrave;i viết của bạn. V&agrave; đương nhi&ecirc;n ngo&agrave;i nội dung chất lượng th&igrave; kỹ thuật SEO onpage của b&agrave;i viết đ&oacute; cũng phải tốt. Trong b&agrave;i viết n&agrave;y t&ocirc;i kh&ocirc;ng đề cập đến việc viết như thế n&agrave;o l&agrave; chất lượng, l&agrave; l&ocirc;i cuốn, hay viết như thế n&agrave;o l&agrave; chuẩn SEO.</span></span></span></span></p>\r\n\r\n<p style=\"margin-left:36pt; margin-right:0cm; text-align:justify\"><span style=\"font-size:16px\"><span style=\"font-family:Times New Roman,Times,serif\"><span style=\"color:#000000\"><span style=\"background-color:white\">&nbsp;&nbsp;&nbsp;&nbsp; Nếu như bạn cần giải quyết những vấn đề tr&ecirc;n c&oacute; thể tham khảo những b&agrave;i viết n&agrave;y của t&ocirc;i nh&eacute;:</span></span></span></span></p>\r\n\r\n<ul>\r\n	<li style=\"text-align:justify\"><span style=\"font-size:16px\"><span style=\"font-family:Times New Roman,Times,serif\"><span style=\"color:#000000\"><em><span style=\"background-color:white\">Thế n&agrave;o l&agrave; b&agrave;i viết chuẩn SEO</span></em></span></span></span></li>\r\n	<li style=\"text-align:justify\"><span style=\"font-size:16px\"><span style=\"font-family:Times New Roman,Times,serif\"><span style=\"color:#000000\"><em><span style=\"background-color:white\">C&aacute;ch viết nội dung l&ocirc;i cuốn, hấp dẫn người đọc</span></em></span></span></span></li>\r\n</ul>\r\n\r\n<p style=\"text-align:justify\"><span style=\"font-size:16px\"><span style=\"font-family:Times New Roman,Times,serif\"><span style=\"color:#000000\"><span style=\"background-color:white\">Một vấn đề rất quan trọng m&agrave; t&ocirc;i c&oacute; đề cập đến bước n&agrave;y l&agrave; ĐI LINK NỘI BỘ kh&ocirc;ng biết c&aacute;c bạn c&oacute; thắc mắc g&igrave; về bước n&agrave;y kh&ocirc;ng? Khi t&ocirc;i mới bắt đầu l&agrave;m SEO t&ocirc;i lu&ocirc;n c&oacute; thắc mắc đi link nội bộ như thế n&agrave;o l&agrave; tốt nhất, chứ c&ograve;n kh&aacute;i niệm link nội bộ th&igrave; ai cũng biết rồi nhưng &aacute;p dụng thực tế n&agrave;o để hiệu quả? V&igrave; bản th&acirc;n t&ocirc;i l&agrave; một người kh&aacute; cầu to&agrave;n, l&agrave;m việc kh&aacute; chắc chắn, v&agrave; phải thật sự hiểu được bản chất t&ocirc;i mới th&ocirc;i kh&ocirc;ng suy nghĩ nữa. </span></span></span></span></p>\r\n\r\n<p style=\"text-align:justify\"><span style=\"font-size:16px\"><span style=\"font-family:Times New Roman,Times,serif\"><span style=\"color:#000000\"><span style=\"background-color:white\">V&agrave; đ&acirc;y l&agrave; c&acirc;u trả lời của bản th&acirc;n t&ocirc;i &ndash; cốt l&otilde;i c&acirc;u trả lời của t&ocirc;i cũng l&agrave; HƯỚNG TỚI LỢI &Iacute;CH CỦA NGƯỜI D&Ugrave;NG. Trước khi viết nội dung cho Phantom Keyword m&agrave; m&igrave;nh đ&atilde; x&aacute;c định ở bước 1, bạn h&atilde;y đặt m&igrave;nh v&agrave;o vị tr&iacute; của người đọc, họ đang cần kiến thức g&igrave; về lĩnh vực n&agrave;y v&agrave; kiến thức của họ đang ở tầm n&agrave;o khi họ search v&agrave;o từ kh&oacute;a đấy. Sau đ&oacute; bạn l&ecirc;n tiếp v&agrave;i chủ đề với c&aacute;c từ kh&oacute;a phantoms kh&aacute;c c&oacute; li&ecirc;n quan tới kiến thức cần bổ trợ cho b&agrave;i viết bạn đ&oacute;, v&agrave; viết th&ecirc;m c&aacute;c chủ đề ấy, rồi l&agrave;m nguồn t&agrave;i liệu tham khảo cho người đọc khi họ đọc b&agrave;i ch&iacute;nh. V&agrave; đ&acirc;y ch&iacute;nh l&agrave; những link nội bộ bạn đưa v&agrave;o b&agrave;i viết. Khi b&agrave;i viết của bạn thật sự chất lượng, v&agrave; logic b&agrave;i viết tham khỏa tốt th&igrave; t&ocirc;i nghĩ người d&ugrave;ng sẽ đọc hết b&agrave;i n&agrave;y đến b&agrave;i kh&aacute;c tr&ecirc;n website của bạn từ đ&oacute; sẽ gi&uacute;p cải thiện rất đẹp c&aacute;c chỉ số như tỷ lệ tho&aacute;t, thời gian xem của phi&ecirc;n l&agrave;m việc,&hellip;</span></span></span></span></p>\r\n\r\n<p style=\"text-align:justify\"><span style=\"font-size:16px\"><span style=\"font-family:Times New Roman,Times,serif\"><span style=\"color:#000000\"><span style=\"background-color:white\">V&agrave; đương nhi&ecirc;n c&oacute; hướng người d&ugrave;ng như thế n&agrave;o th&igrave; hướng nhưng website của bạn phải được cấu tr&uacute;c khoa học nh&eacute;. N&oacute; vẫn phải theo một cấu tr&uacute;c n&agrave;o đ&oacute;, t&ocirc;i th&igrave; vẫn tổ chức website tương đối theo Silo. <em>C&aacute;c bạn c&oacute; thể tham khảo b&agrave;i viết sau về cấu tr&uacute;c silo nh&eacute;.</em></span></span></span></span></p>\r\n\r\n<p style=\"text-align:justify\"><span style=\"font-size:16px\"><span style=\"font-family:Times New Roman,Times,serif\"><span style=\"color:#000000\"><strong><span style=\"background-color:white\">Bước 3:</span> <span style=\"background-color:white\">&Aacute;p dụng một số kỹ thuật SEO onpage cơ bản kh&aacute;c để xuất bản b&agrave;i viết tốt nhất tr&ecirc;n website</span></strong></span></span></span></p>\r\n\r\n<p style=\"text-align:justify\"><span style=\"font-size:16px\"><span style=\"font-family:Times New Roman,Times,serif\"><span style=\"color:#000000\"><span style=\"background-color:white\">Sau khi viết v&agrave; đăng b&agrave;i, đi link nội bộ ổn rồi, t&ocirc;i tiến h&agrave;nh cập nhật sitemap của website v&agrave; th&ocirc;ng b&aacute;o l&ecirc;n c&ocirc;ng cụ quản trị website <strong><span style=\"background-color:white\">Google Webmaster Tools. Đồng thời tiến h&agrave;nh </span>submit url b&agrave;i viết l&ecirc;n Google/Bing/Yahoo. </strong></span></span></span></span></p>\r\n\r\n<p style=\"text-align:justify\"><span style=\"font-size:16px\"><span style=\"font-family:Times New Roman,Times,serif\"><span style=\"color:#000000\">Khi đ&atilde; c&oacute; nội dung tốt v&agrave; đầu tư, bạn cần khai th&aacute;c triệt để c&ocirc;ng sức m&agrave; bạn đ&atilde; bỏ ra để l&agrave;m c&aacute;c c&ocirc;ng việc &yacute; nghĩa sau đ&oacute;. Đăng tải b&agrave;i viết của bạn l&ecirc;n tr&ecirc;n c&aacute;ch k&ecirc;nh mạng x&atilde; hội của ch&iacute;nh website bạn đang SEO như Youtube, Facebook, Google Bussiness&hellip; Bước n&agrave;y sẽ l&agrave;m cho b&agrave;i viết của bạn được uy t&iacute;n hơn v&agrave; c&oacute; được lượng truy cập nếu c&aacute;c k&ecirc;nh Mạng x&atilde; hội c&oacute; Fan thật sự, c&ograve;n chưa c&oacute; Fan th&igrave; m&igrave;nh cứ từ chăm s&oacute;c x&acirc;y dựng th&ocirc;i. Khi c&oacute; nội dung tốt được xuất bản tr&ecirc;n website th&igrave; h&atilde;y tận dụng n&oacute; để chăm s&oacute;c lu&ocirc;n c&aacute;c k&ecirc;nh kh&aacute;c của website bạn.</span></span></span></p>\r\n\r\n<p style=\"margin-left:0cm; margin-right:0cm\"><span style=\"font-size:16px\"><span style=\"font-family:Times New Roman,Times,serif\"><span style=\"color:#000000\">Nhờ mọi người chia sẻ v&agrave; comment b&agrave;i viết của bạn.</span></span></span></p>\r\n\r\n<p style=\"text-align:justify\"><span style=\"font-size:16px\"><span style=\"font-family:Times New Roman,Times,serif\"><span style=\"color:#000000\"><strong><span style=\"background-color:white\">Bước 4:</span> <span style=\"background-color:white\">K&eacute;o traffic thật từ nhiều nguồn kh&aacute;c nhau ngo&agrave;i Google Search về b&agrave;i viết bạn đ&atilde; đầu tư</span></strong></span></span></span></p>\r\n\r\n<p style=\"margin-left:0cm; margin-right:0cm\"><span style=\"font-size:16px\"><span style=\"font-family:Times New Roman,Times,serif\"><span style=\"color:#000000\">H&atilde;y tham gia v&agrave;o c&aacute;c cộng đồng, diễn đ&agrave;n c&ugrave;ng lĩnh vực của bạn, v&agrave; cố gắng nu&ocirc;i v&agrave;i t&agrave;i khoản chất lượng để c&oacute; thể đăng b&agrave;i, đ&iacute;nh link được để chia sẻ kiến thức với cộng đồng. Khi viết được b&agrave;i viết tr&ecirc;n website c&oacute; nội dung tốt, kiến thức hay, bạn h&atilde;y tận dụng đăng b&agrave;i chia sẻ kiến thức l&ecirc;n cộng đồng, diễn đ&agrave;n v&agrave; đ&iacute;nh link b&agrave;i viết chi tiết trong b&agrave;i đăng, đương nhi&ecirc;n bạn phải kh&eacute;o &ldquo;dụ&rdquo; người đọc click đọc b&agrave;i viết tr&ecirc;n website của bạn, n&ecirc;n với t&ocirc;i, t&ocirc;i chỉ chia sẻ 1 &iacute;t nội dung hot tr&ecirc;n diễn đ&agrave;n th&ocirc;i, c&ograve;n muốn đọc hết th&igrave; h&atilde;y v&agrave;o ch&iacute;nh b&agrave;i viết của t&ocirc;i để đọc. T&ocirc;i đảm bảo b&agrave;i viết của bạn sẽ được nhiều comment v&agrave; lượt traffic tốt về từ cộng đồng m&agrave; chẳng phải mất nhiều c&ocirc;ng sức g&igrave; nữa cả, v&agrave; kh&ocirc;ng phải b&agrave;n cải traffic v&agrave; backlink n&agrave;y được Google đ&aacute;nh gi&aacute; rất cao</span></span></span></p>\r\n\r\n<p style=\"text-align:justify\"><span style=\"font-size:16px\"><span style=\"font-family:Times New Roman,Times,serif\"><span style=\"color:#000000\"><strong><span style=\"background-color:white\">Bước 5:</span> <span style=\"background-color:white\">Chờ index, ph&acirc;n t&iacute;ch lại b&agrave;i viết v&agrave; Audit lại b&agrave;i viết để cải thiện th&ecirc;m thứ hạng v&agrave; đưa nhiều từ kh&oacute;a tương tự l&ecirc;n TOP c&ugrave;ng</span></strong></span></span></span></p>\r\n\r\n<p style=\"text-align:justify\"><span style=\"font-size:16px\"><span style=\"font-family:Times New Roman,Times,serif\"><span style=\"color:#000000\"><span style=\"background-color:white\">Theo d&otilde;i t&igrave;nh trạng index của b&agrave;i viết v&agrave; thứ hạng từ kh&oacute;a để quay lại AUDIT b&agrave;i viết để:</span></span></span></span></p>\r\n\r\n<ul>\r\n	<li style=\"text-align:justify\"><span style=\"font-size:16px\"><span style=\"font-family:Times New Roman,Times,serif\"><span style=\"color:#000000\"><span style=\"background-color:white\">Cải thiện tiếp tục thứ hạng của phantom keywords</span></span></span></span></li>\r\n	<li style=\"text-align:justify\"><span style=\"font-size:16px\"><span style=\"font-family:Times New Roman,Times,serif\"><span style=\"color:#000000\"><span style=\"background-color:white\">Ph&acirc;n t&iacute;ch để bổ sung th&ecirc;m 1 số phantom keywords để c&oacute; thứ hạng tr&ecirc;n b&agrave;i viết n&agrave;y</span></span></span></span></li>\r\n</ul>\r\n\r\n<p style=\"text-align:justify\"><span style=\"font-size:16px\"><span style=\"font-family:Times New Roman,Times,serif\"><span style=\"color:#000000\"><strong><span style=\"background-color:white\">AUDIT l&agrave; l&agrave;m những việc g&igrave;?</span></strong></span></span></span></p>\r\n\r\n<p style=\"text-align:justify\"><span style=\"font-size:16px\"><span style=\"font-family:Times New Roman,Times,serif\"><span style=\"color:#000000\"><span style=\"background-color:white\">Để thực hiện c&aacute;c bước AUDIT bạn cần phải thực hiện c&aacute;c bước cơ bản sau:</span></span></span></span></p>\r\n\r\n<p style=\"text-align:justify\"><span style=\"font-size:16px\"><span style=\"font-family:Times New Roman,Times,serif\"><span style=\"color:#000000\"><span style=\"background-color:white\">Những danh s&aacute;ch để kiểm tra SEO On-site</span></span></span></span></p>\r\n\r\n<p style=\"margin-left:0cm; margin-right:0cm; text-align:justify\"><span style=\"font-size:16px\"><span style=\"font-family:Times New Roman,Times,serif\"><span style=\"color:#000000\"><span style=\"background-color:white\">SEO on-site ch&iacute;nh l&agrave; 1 trong những phẩn quan trọng nhất để thực hiện kiểm tra SEO AUDIT. V&agrave; để kiểm tra xem website của bạn được tối ưu&nbsp; h&oacute;a cho c&aacute;c c&ocirc;ng cụ t&igrave;m kiếm hay chưa. Bạn cần xem x&eacute;t c&aacute;c yếu tố như sau:</span></span></span></span></p>\r\n\r\n<p style=\"text-align:justify\"><span style=\"font-size:16px\"><span style=\"font-family:Times New Roman,Times,serif\"><span style=\"color:#000000\"><strong><span style=\"background-color:white\">Thẻ ti&ecirc;u đề v&agrave; thẻ m&ocirc; tả</span></strong><span style=\"background-color:white\">:</span></span></span></span></p>\r\n\r\n<p style=\"text-align:justify\"><span style=\"font-size:16px\"><span style=\"font-family:Times New Roman,Times,serif\"><span style=\"color:#000000\"><span style=\"background-color:white\">Thẻ ti&ecirc;u đề v&agrave; m&ocirc; tả c&oacute; duy nhất cho mỗi 1 trang web trong phạm vi nhất định quy đinh. Người d&ugrave;ng c&oacute; thể t&igrave;m kiếm qua c&aacute;c ti&ecirc;u đề v&agrave; nh&ocirc;i dung g&igrave; hoặc những g&igrave; m&agrave; trang web n&agrave;y cung cấp. Thẻ ti&ecirc;u đề tối đa 70 k&yacute; tự v&agrave; thẻ m&ocirc; tả tối đa được 160 k&yacute; tự.</span></span></span></span></p>\r\n\r\n<p style=\"text-align:justify\"><span style=\"font-size:16px\"><span style=\"font-family:Times New Roman,Times,serif\"><span style=\"color:#000000\"><strong><span style=\"background-color:white\">Cấu tr&uacute;c URL:</span></strong></span></span></span></p>\r\n\r\n<p style=\"margin-left:0cm; margin-right:0cm; text-align:justify\"><span style=\"font-size:16px\"><span style=\"font-family:Times New Roman,Times,serif\"><span style=\"color:#000000\"><span style=\"background-color:white\">Bạn cần kiểm tra c&aacute;c URL của mỗi trang v&agrave; b&agrave;i viết đ&atilde; được tối ưu hay định dạng đ&uacute;ng chuẩn SEO hay chưa.</span></span></span></span></p>\r\n\r\n<p style=\"margin-left:0cm; margin-right:0cm; text-align:justify\"><span style=\"font-size:16px\"><span style=\"font-family:Times New Roman,Times,serif\"><span style=\"color:#000000\"><span style=\"background-color:white\">V&iacute; dụ:</span></span></span></span></p>\r\n\r\n<p style=\"margin-left:0cm; margin-right:0cm; text-align:justify\"><span style=\"font-size:16px\"><span style=\"font-family:Times New Roman,Times,serif\"><span style=\"color:#000000\"><span style=\"background-color:white\">Đ&acirc;y l&agrave; 1 URL kh&ocirc;ng được tối ưu h&oacute;a v&agrave; chưa chuẩn SEO:</span></span></span></span></p>\r\n\r\n<p><span style=\"color:#000000\"><span style=\"font-size:16px\"><span style=\"font-family:Times New Roman,Times,serif\">http://www.example.com/30/noidungbaiviet?url/121358898</span></span></span></p>\r\n\r\n<p style=\"margin-left:0cm; margin-right:0cm; text-align:justify\"><span style=\"font-size:16px\"><span style=\"font-family:Times New Roman,Times,serif\"><span style=\"color:#000000\"><span style=\"background-color:white\">V&agrave; đ&acirc;y l&agrave; 1 URL đ&atilde; được tối ưu h&oacute;a tốt v&agrave; chuẩn SEO:</span></span></span></span></p>\r\n\r\n<p style=\"margin-left:0cm; margin-right:0cm; text-align:justify\"><span style=\"font-size:16px\"><span style=\"font-family:Times New Roman,Times,serif\"><span style=\"color:#000000\"><em><span style=\"background-color:white\">https://www.kinhdoanhinternet.com.vn/dich-vu-nhan-viet-bai-chuan-seo-thue</span></em></span></span></span></p>\r\n\r\n<p style=\"margin-left:0cm; margin-right:0cm; text-align:justify\"><span style=\"font-size:16px\"><span style=\"font-family:Times New Roman,Times,serif\"><span style=\"color:#000000\"><span style=\"background-color:white\">URL tối ưu v&agrave; chuẩn SEO bao gồm từ kh&oacute;a v&agrave; dấu &ldquo;- &ldquo; để t&aacute;ch giữa c&aacute;c từ kh&oacute;a v&agrave; kh&ocirc;ng được chứa c&aacute;c k&yacute; tự đặc biệt hoặc số.</span></span></span></span></p>\r\n\r\n<p style=\"text-align:justify\"><span style=\"font-size:16px\"><span style=\"font-family:Times New Roman,Times,serif\"><span style=\"color:#000000\"><strong><span style=\"background-color:white\">Định dạng văn bản:</span></strong></span></span></span></p>\r\n\r\n<p style=\"margin-left:0cm; margin-right:0cm; text-align:justify\"><span style=\"font-size:16px\"><span style=\"font-family:Times New Roman,Times,serif\"><span style=\"color:#000000\"><span style=\"background-color:white\">Bạn cần phải đảm bảo rằng kh&ocirc;ng chỉ c&oacute; văn bản thuần t&uacute;y trong c&aacute;c trang kh&aacute;c nhau tr&ecirc;n website của bạn. M&agrave; bất kỳ một b&agrave;i viết n&agrave;o của bạn tr&ecirc;n website cũng cần phải định dạng cho đ&uacute;ng c&aacute;ch nhất bằng phương phap sử dụng c&aacute;c thẻ Heading kh&aacute;c nhau như:</span></span></span></span></p>\r\n\r\n<p style=\"margin-left:0cm; margin-right:0cm; text-align:justify\"><span style=\"font-size:16px\"><span style=\"font-family:Times New Roman,Times,serif\"><span style=\"color:#000000\"><span style=\"background-color:white\">Thẻ H1 sử dụng cho ti&ecirc;u đề ch&iacute;nh của b&agrave;i viết</span></span></span></span></p>\r\n\r\n<p style=\"margin-left:0cm; margin-right:0cm; text-align:justify\"><span style=\"font-size:16px\"><span style=\"font-family:Times New Roman,Times,serif\"><span style=\"color:#000000\"><span style=\"background-color:white\">Thẻ H2 cho mỗi đoạn nội dung quan trọng kh&aacute;c nhau trong b&agrave;i viết.</span></span></span></span></p>\r\n\r\n<ul>\r\n	<li style=\"text-align:justify\"><span style=\"font-size:16px\"><span style=\"font-family:Times New Roman,Times,serif\"><span style=\"color:#000000\"><strong><span style=\"background-color:white\">Nội dung b&agrave;i viết:</span></strong></span></span></span></li>\r\n</ul>\r\n\r\n<p style=\"margin-left:0cm; margin-right:0cm; text-align:justify\"><span style=\"font-size:16px\"><span style=\"font-family:Times New Roman,Times,serif\"><span style=\"color:#000000\"><span style=\"background-color:white\">Nội dung b&agrave;i viết của bạn phải được đảm bảo độ mới 100% v&agrave; phải l&agrave; duy nhất tr&ecirc;n Google. Bạn c&oacute; thể t&igrave;m hiểu th&ecirc;m c&aacute;c c&ocirc;ng cụ check độ tr&ugrave;ng lặp nội dung b&agrave;i viết hiện hay đang được rất nhiều người sử dụng để kiểm tra. Khi nội dung b&agrave;i viết bị tr&ugrave;ng lặp bạn phải x&oacute;a hoặc sẽ viết mới nội dung đấy.</span></span></span></span></p>\r\n\r\n<p style=\"margin-left:0cm; margin-right:0cm; text-align:justify\"><span style=\"font-size:16px\"><span style=\"font-family:Times New Roman,Times,serif\"><span style=\"color:#000000\"><span style=\"background-color:white\">Nếu như bạn c&oacute; c&aacute;c trang kh&ocirc;ng c&oacute; nội dung hoặc l&agrave; nội dung tr&ugrave;ng lặp tr&ecirc;n website ch&iacute;nh của m&igrave;nh, bạn cần điều hưởng chuyển qua sử dụng chuyển hướng 301.</span></span></span></span></p>\r\n\r\n<p style=\"margin-left:0cm; margin-right:0cm; text-align:justify\"><span style=\"font-size:16px\"><span style=\"font-family:Times New Roman,Times,serif\"><span style=\"color:#000000\"><span style=\"background-color:white\">Nếu nội dung của bạn qu&aacute; cũ tr&ecirc;n websie bạn cần phải l&ecirc;n kế hoạch t&igrave;m kiếm nội dung mới v&agrave; đảm bảo những nội dung tr&ecirc;n trang web của bạn được cập nhập thường xuy&ecirc;n.</span></span></span></span></p>\r\n\r\n<p style=\"text-align:justify\"><span style=\"font-size:16px\"><span style=\"font-family:Times New Roman,Times,serif\"><span style=\"color:#000000\"><strong><span style=\"background-color:white\">Sử dụng li&ecirc;n kết nội bộ:</span></strong></span></span></span></p>\r\n\r\n<p style=\"margin-left:0cm; margin-right:0cm; text-align:justify\"><span style=\"font-size:16px\"><span style=\"font-family:Times New Roman,Times,serif\"><span style=\"color:#000000\"><span style=\"background-color:white\">Li&ecirc;n kết nội bộ giữa c&aacute;c trang kh&aacute;c nhau th&agrave;nh 1 v&ograve;ng k&iacute;n sẽ rất hữu &iacute;ch cho cả c&ocirc;ng cụ t&igrave;m kiếm tr&ecirc;n google v&agrave; cho người d&ugrave;ng.</span></span></span></span></p>\r\n\r\n<p style=\"margin-left:0cm; margin-right:0cm; text-align:justify\"><span style=\"font-size:16px\"><span style=\"font-family:Times New Roman,Times,serif\"><span style=\"color:#000000\"><span style=\"background-color:white\">L&ecirc;n kế hoạch chi tiết tạo th&agrave;nh cấu tr&uacute;c SILO để tạo li&ecirc;n kết nội bộ cho website. Sử dụng c&aacute;c Anchor text phong ph&uacute; đa dạng một c&aacute;ch tự nhi&ecirc;n.</span></span></span></span></p>\r\n\r\n<p style=\"text-align:justify\"><span style=\"font-size:16px\"><span style=\"font-family:Times New Roman,Times,serif\"><span style=\"color:#000000\"><strong><span style=\"background-color:white\">H&igrave;nh ảnh</span></strong></span></span></span></p>\r\n\r\n<p style=\"margin-left:0cm; margin-right:0cm; text-align:justify\"><span style=\"font-size:16px\"><span style=\"font-family:Times New Roman,Times,serif\"><span style=\"color:#000000\"><span style=\"background-color:white\">H&igrave;nh ảnh trong nội dung b&agrave;i viết sẽ rất hữu &iacute;ch để cuốn h&uacute;t người d&ugrave;ng v&agrave; tạo cho trang web của bạn hấp dẫn hơn. Nhưng sẽ rất kh&ocirc;ng tốt cho c&ocirc;ng việc thực hiện SEO của bạn nếu như h&igrave;nh ảnh qu&aacute; nặng v&agrave; tăng thời gian load trang qu&aacute; l&acirc;u.</span></span></span></span></p>\r\n\r\n<p style=\"margin-left:0cm; margin-right:0cm; text-align:justify\"><span style=\"font-size:16px\"><span style=\"font-family:Times New Roman,Times,serif\"><span style=\"color:#000000\"><span style=\"background-color:white\">Bạn cần phải nắm bắt 3 yếu tố sau:</span></span></span></span></p>\r\n\r\n<ul>\r\n	<li style=\"text-align:justify\"><span style=\"font-size:16px\"><span style=\"font-family:Times New Roman,Times,serif\"><span style=\"color:#000000\"><span style=\"background-color:white\">T&ecirc;n h&igrave;nh ảnh v&agrave; m&ocirc; tả h&igrave;nh ảnh bạn cần chứa từ kh&oacute;a nhưng bạn đừng lạm dụng n&oacute; qu&aacute;, Khi đấy google sẽ ph&aacute;t hiện cho đ&aacute;nh gi&aacute; bạn đang muốn Spam từ kh&oacute;a đấy.</span></span></span></span></li>\r\n	<li style=\"text-align:justify\"><span style=\"font-size:16px\"><span style=\"font-family:Times New Roman,Times,serif\"><span style=\"color:#000000\"><span style=\"background-color:white\">Thẻ ALT cần phải được x&aacute;c định tr&ecirc;n tất cả h&igrave;nh ảnh trong b&agrave;i viết</span></span></span></span></li>\r\n	<li style=\"text-align:justify\"><span style=\"font-size:16px\"><span style=\"font-family:Times New Roman,Times,serif\"><span style=\"color:#000000\"><span style=\"background-color:white\">C&aacute;c h&igrave;nh ảnh trong b&agrave;i viết cần phải được giảm thiểu k&iacute;ch thước để giảm tải độ load trang.</span></span></span></span></li>\r\n</ul>\r\n\r\n<p style=\"margin-left:0cm; margin-right:0cm; text-align:justify\"><span style=\"font-size:16px\"><span style=\"font-family:Times New Roman,Times,serif\"><span style=\"color:#000000\"><strong><span style=\"background-color:white\">Li&ecirc;n kết hỏng:</span></strong></span></span></span></p>\r\n\r\n<p style=\"margin-left:0cm; margin-right:0cm; text-align:justify\"><span style=\"font-size:16px\"><span style=\"font-family:Times New Roman,Times,serif\"><span style=\"color:#000000\"><span style=\"background-color:white\">Li&ecirc;n kết hỏng l&agrave; xấu cho người d&ugrave;ng trải nghiệm do kh&ocirc;ng tốt cho SEO. Hiện nay c&oacute; 2 c&aacute;ch để kiểm tra c&aacute;c li&ecirc;n kết bị hỏng:</span></span></span></span></p>\r\n\r\n<p style=\"margin-left:0cm; margin-right:0cm; text-align:justify\"><span style=\"font-size:16px\"><span style=\"font-family:Times New Roman,Times,serif\"><span style=\"color:#000000\"><span style=\"background-color:white\">+ C&ocirc;ng cụ check link li&ecirc;n kết bị hỏng XENU để kiểm tra những li&ecirc;n k&eacute;t ở ngo&agrave;i. C&ocirc;ng cụ n&agrave;y ho&agrave;n to&agrave;n miễn ph&iacute; cho người sử dụng v&agrave; cung cấp cho bạn 1 thống k&ecirc; cho bạn tất cả c&aacute;c li&ecirc;n kết bị hỏng tr&ecirc;n website của bạn. Sau đấy bạn c&oacute; thể khắc phục to&agrave;n bộ ch&uacute;ng bằng c&aacute;ch x&oacute;a loại bỏ ho&agrave;n to&agrave;n khỏi website của bạn hoặc l&agrave; c&oacute; thể chuyển hướng link hỏng đấy đến một URL hợp lệ.</span></span></span></span></p>\r\n\r\n<p style=\"margin-left:0cm; margin-right:0cm; text-align:justify\"><span style=\"font-size:16px\"><span style=\"font-family:Times New Roman,Times,serif\"><span style=\"color:#000000\"><span style=\"background-color:white\">+ Sử dụng c&ocirc;ng cụ b&aacute;o c&aacute;o lỗi thu thập dữ liệu tr&ecirc;n google search console để t&igrave;m ra c&aacute;c li&ecirc;n kết bị hỏng của website của bạn. Bạn c&oacute; thể xử l&yacute; theo c&aacute;c sửa ch&uacute;ng chỉnh li&ecirc;n kết hoặc chuyển hướng 301 đến 1 URL n&agrave;o hợp lệ tr&ecirc;n website của bạn.</span></span></span></span></p>\r\n\r\n<p style=\"margin-left:0cm; margin-right:0cm; text-align:justify\"><span style=\"font-size:16px\"><span style=\"font-family:Times New Roman,Times,serif\"><span style=\"color:#000000\"><strong><span style=\"background-color:white\">Th&acirc;n thiện với người d&ugrave;ng:</span></strong></span></span></span></p>\r\n\r\n<p style=\"margin-left:0cm; margin-right:0cm; text-align:justify\"><span style=\"font-size:16px\"><span style=\"font-family:Times New Roman,Times,serif\"><span style=\"color:#000000\"><span style=\"background-color:white\">Để đ&aacute;nh gi&aacute; một website th&acirc;n thiện với người d&ugrave;ng hay kh&ocirc;ng l&agrave; rất kh&oacute; bởi v&igrave; điều n&agrave;y cần phụ thuộc v&agrave;o loại website v&agrave; c&aacute;ch tr&igrave;nh b&agrave;y bố cụ thiết kế website. Nhưng c&oacute; 1 số điều cần kiểm tra bạn c&oacute; thể thực hiện như:</span></span></span></span></p>\r\n\r\n<p style=\"margin-left:0cm; margin-right:0cm; text-align:justify\"><span style=\"font-size:16px\"><span style=\"font-family:Times New Roman,Times,serif\"><span style=\"color:#000000\"><span style=\"background-color:white\">+ Giảm tải số lượt click để người d&ugrave;ng c&oacute; thể t&igrave;m thấy những g&igrave; họ muốn nhiều nhất l&agrave; 3 lần click chuột.</span></span></span></span></p>\r\n\r\n<p style=\"margin-left:0cm; margin-right:0cm; text-align:justify\"><span style=\"font-size:16px\"><span style=\"font-family:Times New Roman,Times,serif\"><span style=\"color:#000000\"><span style=\"background-color:white\">+ Người d&ugrave;ng khi nhập sai URL sẽ xảy ra điều g&igrave;? Trang web sẽ b&aacute;o lỗi 404 th&acirc;n thiện hay kh&ocirc;ng?</span></span></span></span></p>\r\n\r\n<p style=\"margin-left:0cm; margin-right:0cm; text-align:justify\"><span style=\"font-size:16px\"><span style=\"font-family:Times New Roman,Times,serif\"><span style=\"color:#000000\"><span style=\"background-color:white\">+ MENU của website c&oacute; ch&iacute;nh x&aacute;c v&agrave; r&otilde; r&agrave;ng cho từng mục hayy kh&ocirc;ng?</span></span></span></span></p>\r\n\r\n<p style=\"margin-left:0cm; margin-right:0cm; text-align:justify\"><span style=\"font-size:16px\"><span style=\"font-family:Times New Roman,Times,serif\"><span style=\"color:#000000\"><span style=\"background-color:white\">+ Giao diện website của đồng nhất tr&ecirc;n c&aacute;c trang hay kh&ocirc;ng?</span></span></span></span></p>\r\n\r\n<p style=\"margin-left:0cm; margin-right:0cm; text-align:justify\"><span style=\"font-size:16px\"><span style=\"font-family:Times New Roman,Times,serif\"><span style=\"color:#000000\"><span style=\"background-color:white\">+ Sơ đồ c&aacute;c trang như thế n&agrave;o cho người d&ugrave;ng?</span></span></span></span></p>\r\n\r\n<p style=\"margin-left:0cm; margin-right:0cm; text-align:justify\"><span style=\"font-size:16px\"><span style=\"font-family:Times New Roman,Times,serif\"><span style=\"color:#000000\"><strong><span style=\"background-color:white\">Tốc độ tải trang:</span></strong></span></span></span></p>\r\n\r\n<p style=\"margin-left:0cm; margin-right:0cm; text-align:justify\"><span style=\"font-size:16px\"><span style=\"font-family:Times New Roman,Times,serif\"><span style=\"color:#000000\"><span style=\"background-color:white\">Từ rất nhiều kinh nghiệm nhiều năm thực hiện v&agrave; giao tiếp trao đổi với kh&aacute;ch h&agrave;ng, việc xử l&yacute; tốc độ load trang l&agrave; một trong những nhiệm vụ rất kh&oacute; khăn đối với người d&ugrave;ng. Tốc độ tải trang lại ch&iacute;nh l&agrave; 1 trong những nh&acirc;n tố quan trọng bậc nhất trong qu&aacute; tr&igrave;nh SEO website của bạn. V&agrave; cũng đ&atilde; c&oacute; rất nhiều minh chứng cho thấy rằng tốc độ tải trang sẽ ảnh hưởng trực tiếp đến thứ hạng của từ kh&oacute;a v&agrave; tỷ lệ chuyển đổi của bạn.</span></span></span></span></p>\r\n\r\n<p style=\"margin-left:0cm; margin-right:0cm; text-align:justify\"><span style=\"font-size:16px\"><span style=\"font-family:Times New Roman,Times,serif\"><span style=\"color:#000000\"><span style=\"background-color:white\">Website của bạn cần phải tối ưu để load nhanh v&agrave; tốt hơn đối thủ cạnh tranh trực tiếp với bạn. C&oacute; nhiều c&ocirc;ng cụ của google c&oacute; thể kiểm tra cung cấp cho bạn c&aacute;c đề xuất về tốc độ tải trang v&agrave; hướng giải quyết vấn đề tải trang tr&ecirc;n PC v&agrave; thiết bị di động.</span></span></span></span></p>\r\n\r\n<p style=\"margin-left:0cm; margin-right:0cm; text-align:justify\"><span style=\"font-size:16px\"><span style=\"font-family:Times New Roman,Times,serif\"><span style=\"color:#000000\">Nếu bạn thấy b&agrave;i viết của t&ocirc;i c&oacute; &iacute;ch, c&aacute;c bạn share b&agrave;i viết n&agrave;y đến mọi người nh&eacute;. Cảm ơn c&aacute;c bạn đ&atilde; đọc b&agrave;i viết v&agrave; ch&uacute;c th&agrave;nh c&ocirc;ng!</span></span></span></p>\r\n', '', '', '', '', '', 0, 'en-cach-tang-traffic-cho-website-hieu-qua', '5 BƯỚC 100% tăng traffic cho website hiệu quả với nội dung viết là TOP', 'Cập nhật 2019 các cách tăng trưởng traffic cho website hiệu quả, thu hút truy cập bền vững, tự nhiên bằng phương pháp viết nội dung có chiến thuật và phân tích chuyên sâu từ các công cụ SEO.', 'cách tăng traffic cho website, các cách tăng traffic cho website, cách tăng traffic cho website hiệu quả, các phương pháp kéo traffic, tăng lượng truy cập vào website, cách kéo view cho website');
INSERT INTO `news_languages` (`id`, `news_id`, `languages_code`, `lang_news_name`, `lang_news_des`, `lang_news_content`, `lang_news_sub_info1`, `lang_news_sub_info2`, `lang_news_sub_info3`, `lang_news_sub_info4`, `lang_news_sub_info5`, `edit_state`, `friendly_url`, `title_seo`, `des_seo`, `keyword`) VALUES
(15, 8, 'vn', 'Từ khóa bóng ma hay còn gọi là phantom keyword là gì', 'Nói về từ khóa bóng ma hay là từ khóa phantom keywords thì chắc chắn còn rất nhiều bạn còn chưa hiểu và biết đến. Hãy cùng chúng tôi tìm hiểu qua bài viết này nhé.', '<p style=\"margin-left:0cm; margin-right:0cm; text-align:justify\"><span style=\"font-family:Times New Roman,Times,serif\"><span style=\"color:#000000\"><span style=\"font-size:16px\"><span style=\"background-color:white\">Trong qu&aacute; tr&igrave;nh thực hiện l&agrave;m website v&agrave; đặc biệt l&agrave;m SEO th&igrave; chắc chắn bạn đ&atilde; từng nghe qua về c&aacute;c <strong>từ kh&oacute;a b&oacute;ng ma </strong>hay c&ograve;n gọi l&agrave; <strong>Phantom keywords</strong> rồi phải kh&ocirc;ng? V&agrave; cũng c&oacute; thể nhiều bạn c&ograve;n chưa biết đến dạng từ kh&oacute;a n&agrave;y.</span></span></span></span></p>\r\n\r\n<p style=\"margin-left:0cm; margin-right:0cm; text-align:justify\"><span style=\"font-family:Times New Roman,Times,serif\"><span style=\"color:#000000\"><span style=\"font-size:16px\"><span style=\"background-color:white\">Trong b&agrave;i viết n&agrave;y, t&ocirc;i sẽ l&agrave;m r&otilde; c&aacute;c vấn đề sau về <strong>từ kh&oacute;a b&oacute;ng ma </strong>hay c&ograve;n gọi l&agrave; <strong>phantom keyword</strong> để bạn hiểu r&otilde; hơn những lợi &iacute;ch m&agrave; <strong>từ kh&oacute;a b&oacute;ng ma </strong>mang lại nh&eacute;.</span></span></span></span></p>\r\n\r\n<h2 style=\"text-align:justify\"><span style=\"font-family:Times New Roman,Times,serif\"><span style=\"color:#c0392b\"><span style=\"font-size:20px\"><strong>Phantom keywords l&agrave; g&igrave;</strong></span></span></span></h2>\r\n\r\n<p style=\"margin-left:0cm; margin-right:0cm; text-align:justify\"><span style=\"font-family:Times New Roman,Times,serif\"><span style=\"color:#000000\"><span style=\"font-size:16px\">Nếu như bạn l&agrave; một SEOer&nbsp;th&igrave; chắc chắn l&agrave; bạn kh&ocirc;ng c&ograve;n lạ lẫm g&igrave; với những cụm từ như từ kh&oacute;a ch&iacute;nh, từ kh&oacute;a phụ, từ kh&oacute;a ngh&aacute;ch,&hellip;. V&agrave; trong đ&oacute; từ kh&oacute;a <strong>Phantom keywords </strong>(hay c&ograve;n được gọi l&agrave; <strong>từ kh&oacute;a b&oacute;ng ma</strong>) c&oacute; lẽ cũng kh&ocirc;ng phải l&agrave; kiến thức g&igrave; xa lạ&nbsp;với bạn nhưng lại rất mới với những kỹ thuật SEO trước đ&acirc;y.</span></span></span></p>\r\n\r\n<p style=\"margin-left:0cm; margin-right:0cm; text-align:center\"><span style=\"font-family:Times New Roman,Times,serif\"><span style=\"color:#000000\"><span style=\"font-size:16px\"><img alt=\"phantom keywords là gì\" height=\"378\" src=\"/image/images/phantom-keywords-la-gi.jpg\" width=\"686\" /></span></span></span></p>\r\n\r\n<p style=\"margin-left:0cm; margin-right:0cm; text-align:center\"><span style=\"font-family:Times New Roman,Times,serif\"><em><span style=\"color:#000000\"><span style=\"font-size:16px\">Từ kh&oacute;a phantom keywords l&agrave; g&igrave;</span></span></em></span></p>\r\n\r\n<p style=\"margin-left:0cm; margin-right:0cm; text-align:justify\"><span style=\"font-family:Times New Roman,Times,serif\"><span style=\"color:#000000\"><span style=\"font-size:16px\">C&ograve;n nếu như bạn l&agrave; một newbie, một người t&igrave;m t&ograve;i về những kiến thức SEO th&igrave; chắc hẳn l&agrave; bạn sẽ c&oacute; rất &iacute;t cơ hội được biết đến những loại từ kh&oacute;a <strong>phantom keywords</strong> n&agrave;y. Nếu như bạn biết c&aacute;ch tận dụng những lợi thế m&agrave; <strong>từ kh&oacute;a b&oacute;ng ma </strong>mang lại th&igrave; c&oacute; nghĩa bạn đ&atilde; t&igrave;m ra được một phương ph&aacute;p thực hiện SEO cho dự &aacute;n website của m&igrave;nh l&ecirc;n một bậc mới. </span></span></span></p>\r\n\r\n<p style=\"margin-left:0cm; margin-right:0cm; text-align:justify\"><span style=\"font-family:Times New Roman,Times,serif\"><span style=\"color:#000000\"><span style=\"font-size:16px\">V&agrave; đ&acirc;y l&agrave; những kinh nghiệm m&agrave; t&ocirc;i đ&atilde; đ&uacute;c kết trong thời gian t&ocirc;i đ&atilde; thực hiện. Bạn c&oacute; thể nh&igrave;n thấy tr&ecirc;n thực tế, c&oacute; rất nhiều c&aacute;c website nhỏ nhưng nhiều khi vẫn lấn &aacute;p được c&aacute;c &ocirc;ng lớn tr&ecirc;n thị trường google ch&iacute;nh l&agrave; nhờ 1 trong những tuyệt kỹ m&agrave; t&ocirc;i sẽ chia sẻ cho bạn.</span></span></span></p>\r\n\r\n<h3 style=\"margin-left:0cm; margin-right:0cm; text-align:justify\"><span style=\"font-family:Times New Roman,Times,serif\"><span style=\"color:#f39c12\"><span style=\"font-size:18px\"><strong>Vậy từ kh&oacute;a b&oacute;ng ma&nbsp;l&agrave; g&igrave;</strong></span></span></span></h3>\r\n\r\n<p style=\"margin-left:0cm; margin-right:0cm; text-align:justify\"><span style=\"font-family:Times New Roman,Times,serif\"><span style=\"color:#000000\"><span style=\"font-size:16px\"><strong>Từ kh&oacute;a b&oacute;ng ma </strong>hay c&ograve;n được gọi l&agrave; <strong>Phantom keywords</strong> v&agrave; được mọi SEOer gọi với c&aacute;i t&ecirc;n từ kh&oacute;a bị l&atilde;ng qu&ecirc;n. <strong>Từ kh&oacute;a b&oacute;ng ma</strong> c&oacute; nhiều người t&igrave;m kiếm nhưng lại c&oacute; rất &iacute;t người hoặc l&agrave; chưa c&oacute; một người n&agrave;o SEO đến.</span></span></span></p>\r\n\r\n<p style=\"margin-left:0cm; margin-right:0cm; text-align:justify\"><span style=\"font-family:Times New Roman,Times,serif\"><span style=\"color:#000000\"><span style=\"font-size:16px\"><strong>Phantom keywords </strong>xuất hiện sẽ giải đ&aacute;p cho bạn 2 kh&uacute;c mắc lớn khi nghi&ecirc;n cứu v&agrave; t&igrave;m kiếm từ kh&oacute;a:</span></span></span></p>\r\n\r\n<p style=\"margin-left:0cm; margin-right:0cm; text-align:justify\"><span style=\"font-family:Times New Roman,Times,serif\"><span style=\"color:#000000\"><span style=\"font-size:16px\"><em>&ldquo;L&agrave;m sao c&oacute; bộ từ kh&oacute;a người d&ugrave;ng h&agrave;ng ng&agrave;y vẫn t&igrave;m kiếm nhưng c&aacute;c đối thủ lại kh&ocirc;ng SEO&rdquo;</em></span></span></span></p>\r\n\r\n<p style=\"margin-left:0cm; margin-right:0cm; text-align:justify\"><span style=\"font-family:Times New Roman,Times,serif\"><span style=\"color:#000000\"><span style=\"font-size:16px\"><em>&ldquo;Gi&aacute; như c&oacute; một bộ từ kh&oacute;a c&oacute; lượng seach cao nhưng &iacute;t cạnh tranh m&agrave; những đối thủ lại kh&ocirc;ng biết đến th&igrave; tốt biết mấy&rdquo;</em></span></span></span></p>\r\n\r\n<p style=\"margin-left:0cm; margin-right:0cm; text-align:justify\"><span style=\"font-family:Times New Roman,Times,serif\"><span style=\"color:#000000\"><span style=\"font-size:16px\">Đơn giản bởi đ&acirc;y l&agrave; <strong>từ kh&oacute;a b&oacute;ng ma </strong>n&ecirc;n bạn chỉ cần viết một b&agrave;i viết c&oacute; chứa từ kh&oacute;a <strong>phantom keywords</strong> n&agrave;y. Chờ google index (Cận thận hơn bạn chỉ cần đi cho n&oacute; một v&agrave;i backlink về b&agrave;i viết) th&igrave; b&agrave;i viết của bạn sẽ ngay lập tức sẽ đứng TOP.</span></span></span></p>\r\n\r\n<p style=\"margin-left:0cm; margin-right:0cm; text-align:center\"><span style=\"font-family:Times New Roman,Times,serif\"><span style=\"color:#000000\"><span style=\"font-size:16px\"><img alt=\"từ khóa phantom là gì\" height=\"334\" src=\"/image/images/tu-khoa-bong-ma.jpg\" width=\"600\" /></span></span></span></p>\r\n\r\n<p style=\"margin-left:0cm; margin-right:0cm; text-align:justify\"><strong><span style=\"color:#16a085\"><span style=\"font-size:36px\"><span style=\"font-family:Tahoma,Geneva,sans-serif\">|</span><span style=\"font-family:Times New Roman,Times,serif\"> </span></span></span></strong><span style=\"font-size:14px\"><span style=\"font-family:Times New Roman,Times,serif\"><span style=\"color:#000000\">&quot;<em>Bạn c&oacute; thể tham khảo th&ecirc;m về </em></span><em><strong><a href=\"https://kinhdoanhinternet.com.vn/dich-vu-nhan-viet-bai-chuan-seo-thue\"><span style=\"color:#8e44ad\">dịch vụ viết b&agrave;i chuẩn SEO</span></a></strong></em><span style=\"color:#000000\"><em>&nbsp;của ch&uacute;ng t&ocirc;i nh&eacute;.&quot;</em></span></span></span></p>\r\n\r\n<h2 style=\"text-align:justify\"><span style=\"font-family:Times New Roman,Times,serif\"><span style=\"color:#c0392b\"><span style=\"font-size:20px\"><strong><span style=\"background-color:white\">&Yacute; nghĩa của Phantom keywords, tại sao n&oacute; quan trọng</span></strong></span></span></span></h2>\r\n\r\n<p style=\"margin-left:0cm; margin-right:0cm; text-align:justify\"><span style=\"font-family:Times New Roman,Times,serif\"><span style=\"color:#000000\"><span style=\"font-size:16px\">Để biết được &yacute; nghĩa của từ kh&oacute;a<strong> phantom keywords l&agrave; g&igrave;</strong>, trước ti&ecirc;n ch&uacute;ng ta h&atilde;y cũng t&igrave;m hiểu qua 2 con số thống kế về lượng t&igrave;m kiếm của người d&ugrave;ng google:</span></span></span></p>\r\n\r\n<ul>\r\n	<li style=\"text-align:justify\"><span style=\"font-family:Times New Roman,Times,serif\"><span style=\"color:#000000\"><span style=\"font-size:16px\">Chỉ c&oacute; 20% người t&igrave;m kiếm tr&ecirc;n google seach từ kh&oacute;a thương mại.</span></span></span></li>\r\n	<li style=\"text-align:justify\"><span style=\"font-family:Times New Roman,Times,serif\"><span style=\"color:#000000\"><span style=\"font-size:16px\">Nhưng c&oacute; đến 80% c&ograve;n lại th&igrave; lại tập chung seach c&aacute;c từ kh&oacute;a m&agrave; họ muốn t&igrave;m kiếm th&ocirc;ng tin để giải quyết vấn đề.</span></span></span></li>\r\n</ul>\r\n\r\n<p style=\"margin-left:0cm; margin-right:0cm; text-align:justify\"><span style=\"font-family:Times New Roman,Times,serif\"><span style=\"color:#000000\"><span style=\"font-size:16px\">Hay ngo&agrave;i ra:</span></span></span></p>\r\n\r\n<ul>\r\n	<li style=\"text-align:justify\"><span style=\"font-family:Times New Roman,Times,serif\"><span style=\"color:#000000\"><span style=\"font-size:16px\">80% c&aacute;c lượng t&igrave;m kiếm tr&ecirc;n google sử dụng từ kh&oacute;a d&agrave;i để t&igrave;m kiếm</span></span></span></li>\r\n	<li style=\"text-align:justify\"><span style=\"font-family:Times New Roman,Times,serif\"><span style=\"color:#000000\"><span style=\"font-size:16px\">Nhưng lại chỉ c&oacute; khoảng 20% c&aacute;c lượng truy vấn t&igrave;m kiếm sử dụng từ kh&oacute;a ngắn.</span></span></span></li>\r\n</ul>\r\n\r\n<p style=\"margin-left:0cm; margin-right:0cm; text-align:justify\"><span style=\"font-family:Times New Roman,Times,serif\"><span style=\"color:#000000\"><span style=\"font-size:16px\">Cuộc sống lu&ocirc;n c&oacute; những điều ly kỳ để con người c&oacute; thể t&igrave;m hiểu v&agrave; kh&aacute;m ph&aacute;, nhu cầu t&igrave;m kiếm của người d&ugrave;ng cũng phong ph&uacute; v&agrave; đa dạng để đi t&igrave;m t&ograve;i những điều mới. Bạn sẽ kh&ocirc;ng thể n&agrave;o ngờ được mọi người t&igrave;m kiếm những th&ocirc;ng tin g&igrave; ở tr&ecirc;n google phong ph&uacute; như thế n&agrave;o đ&acirc;u.</span></span></span></p>\r\n\r\n<p style=\"margin-left:0cm; margin-right:0cm; text-align:justify\"><span style=\"font-family:Times New Roman,Times,serif\"><span style=\"color:#000000\"><span style=\"font-size:16px\">C&oacute; thể n&oacute;i gắn gọn dựa tr&ecirc;n 2 yếu tố chi tiết để bạn c&oacute; thể x&aacute;c định được từ kh&oacute;a <strong>phantom keywords</strong>:</span></span></span></p>\r\n\r\n<ul>\r\n	<li style=\"text-align:justify\"><span style=\"font-family:Times New Roman,Times,serif\"><span style=\"color:#000000\"><span style=\"font-size:16px\">Từ kh&oacute;a c&oacute; lượng seach cao</span></span></span></li>\r\n	<li style=\"text-align:justify\"><span style=\"font-family:Times New Roman,Times,serif\"><span style=\"color:#000000\"><span style=\"font-size:16px\">&Iacute;t người hoặc kh&ocirc;ng c&oacute; người SEO.</span></span></span></li>\r\n</ul>\r\n\r\n<p style=\"text-align:center\">&nbsp;</p>\r\n\r\n<p style=\"text-align:center\"><span style=\"font-family:Times New Roman,Times,serif\"><span style=\"color:#000000\"><span style=\"font-size:16px\"><img alt=\"từ khóa bóng ma là gì\" height=\"329\" src=\"/image/images/tu-khoa-bong-ma-la-gi.jpg\" width=\"599\" /></span></span></span></p>\r\n\r\n<h3 style=\"margin-left:0cm; margin-right:0cm; text-align:justify\"><span style=\"font-family:Times New Roman,Times,serif\"><span style=\"color:#f39c12\"><span style=\"font-size:18px\"><strong>Khi bạn đ&atilde; x&aacute;c định được từ kh&oacute;a b&oacute;ng ma th&igrave; tiếp theo bạn cần thực hiện gồm:</strong></span></span></span></h3>\r\n\r\n<p style=\"text-align:justify\"><span style=\"font-family:Times New Roman,Times,serif\"><span style=\"color:#000000\"><span style=\"font-size:16px\">- L&ecirc;n kế hoạch x&acirc;y dựng nội dung quanh từ kh&oacute;a<strong> phantom keywords</strong></span></span></span></p>\r\n\r\n<p style=\"text-align:justify\"><span style=\"font-family:Times New Roman,Times,serif\"><span style=\"color:#000000\"><span style=\"font-size:16px\">- Tối ưu b&agrave;i viết chất lượng tốt hơn, độ d&agrave;i v&agrave; ph&acirc;n phổ từ kh&oacute;a thật tốt để đảm bảo những yếu tố b&agrave;i viết chuẩn SEO.</span></span></span></p>\r\n\r\n<p style=\"text-align:justify\"><span style=\"font-family:Times New Roman,Times,serif\"><span style=\"color:#000000\"><span style=\"font-size:16px\">&nbsp;X&acirc;y dựng 1 hệ thống backlink để trỏ về b&agrave;i viết mục đ&iacute;ch ch&iacute;nh l&agrave; nhằm khả năng l&ecirc;n TOP cho từ kh&oacute;a <strong>Phantom keywords</strong> n&agrave;y.</span></span></span></p>\r\n\r\n<p style=\"margin-left:0cm; margin-right:0cm; text-align:justify\"><span style=\"font-family:Times New Roman,Times,serif\"><span style=\"color:#000000\"><span style=\"font-size:16px\">Khi bạn đ&atilde; thực hiện c&aacute;c bước như tr&ecirc;n, chậm nhất l&agrave; 48h khi google index b&agrave;i viết nội dung của bạn th&igrave; chắc chắn người t&igrave;m kiếm sẽ seach v&agrave; click v&agrave;o website bạn. Tự nhi&ecirc;n website của bạn c&oacute; 1 lượng traffic đ&aacute;ng kể đổ về. Điều n&agrave;y rất tốt phải kh&ocirc;ng?</span></span></span></p>\r\n\r\n<h2 style=\"text-align:justify\"><span style=\"font-family:Times New Roman,Times,serif\"><span style=\"color:#c0392b\"><span style=\"font-size:20px\"><strong><span style=\"background-color:white\">Lượng traffic sẽ kinh khủng v&agrave; bền vững như thế n&agrave;o nếu bạn viết nội dung cho Phantom&nbsp;keyword</span></strong></span></span></span></h2>\r\n\r\n<p style=\"margin-left:0cm; margin-right:0cm; text-align:justify\"><span style=\"font-family:Times New Roman,Times,serif\"><span style=\"color:#000000\"><span style=\"font-size:16px\">T&ocirc;i c&oacute; thể đưa ra một v&iacute; dụ đơn giản để bạn c&oacute; thể hiểu được từ kh&oacute;a <strong>phantom keyword </strong>c&oacute; lượng traffic sẽ kinh khủng v&agrave; bền vững như thế n&agrave;o đối với website của bạn nh&eacute;.</span></span></span></p>\r\n\r\n<p style=\"margin-left:0cm; margin-right:0cm; text-align:justify\"><span style=\"font-family:Times New Roman,Times,serif\"><span style=\"color:#000000\"><span style=\"font-size:16px\">V&iacute; dụ website của bạn c&oacute; nội dung về đề t&agrave;i nội thất với từ kh&oacute;a ch&iacute;nh &ldquo; Nội thất văn ph&ograve;ng&rdquo; chắc chắn l&agrave; c&oacute; lượng t&igrave;m kiếm rất cao từ ph&iacute;a người d&ugrave;ng. Tuy nhi&ecirc;n đ&acirc;y ch&iacute;nh l&agrave; từ kh&oacute;a c&oacute; mức cạnh tranh cực kỳ cao về vấn đế thời gian v&agrave; kinh ph&iacute;. Cơ hội l&ecirc;n TOP t&igrave;m kiếm của bạn về từ kh&oacute;a n&agrave;y để đưa l&ecirc;n TOP l&agrave; rất kh&oacute; v&agrave; thấp. Kh&oacute; c&oacute; thể cạnh tranh trực tiếp được c&aacute;c đối thủ đ&atilde; thực hiện tiến h&agrave;nh SEO từ trước.</span></span></span></p>\r\n\r\n<p style=\"margin-left:0cm; margin-right:0cm; text-align:justify\"><span style=\"font-family:Times New Roman,Times,serif\"><span style=\"color:#000000\"><span style=\"font-size:16px\">L&uacute;c n&agrave;y chắc chắn bạn đang suy nghĩ l&agrave;m sao để c&oacute; thể cạnh tranh với c&aacute;c đối thủ v&agrave; l&agrave;m thế n&agrave;o đưa được dịch vụ của bạn hướng đến được người t&igrave;m kiếm. L&uacute;c n&agrave;y, phương &aacute;n tiếp theo bạn cần phải tiếp cận v&agrave; thực hiện đ&oacute; ch&iacute;nh l&agrave; t&igrave;m đến <strong>từ kh&oacute;a b&oacute;ng ma&nbsp;</strong>m&agrave; c&oacute; lượng t&igrave;m kiếm nhưng đối thủ lại kh&ocirc;ng SEO. </span></span></span></p>\r\n\r\n<p style=\"margin-left:0cm; margin-right:0cm; text-align:center\"><span style=\"font-family:Times New Roman,Times,serif\"><span style=\"color:#000000\"><span style=\"font-size:16px\"><img alt=\"từ khóa bóng ma là gì\" height=\"418\" src=\"/image/images/phantom-keyword.png\" width=\"800\" /></span></span></span></p>\r\n\r\n<p style=\"margin-left:0cm; margin-right:0cm; text-align:center\"><span style=\"font-family:Times New Roman,Times,serif\"><em><span style=\"color:#000000\"><span style=\"font-size:16px\">T&igrave;m hiểu từ kh&oacute;a phantom keyword</span></span></em></span></p>\r\n\r\n<h3 style=\"margin-left:0cm; margin-right:0cm; text-align:justify\"><span style=\"font-family:Times New Roman,Times,serif\"><span style=\"color:#f39c12\"><span style=\"font-size:18px\"><strong>V&iacute; dụ về từ kh&oacute;a phantom keywords:</strong></span></span></span></h3>\r\n\r\n<p style=\"margin-left:0cm; margin-right:0cm; text-align:justify\"><span style=\"font-family:Times New Roman,Times,serif\"><span style=\"color:#000000\"><span style=\"font-size:16px\">V&iacute; dụ như bạn t&igrave;m được <strong>từ kh&oacute;a b&oacute;ng ma</strong>&nbsp;l&agrave; &ldquo; Nội thất văn ph&ograve;ng gi&aacute; rẻ nhất&rdquo; (C&aacute;i n&agrave;y t&ocirc;i chỉ&nbsp;v&iacute; dụ cho bạn để bạn dễ hi&ecirc;u th&ocirc;i nh&eacute; chứ thực tế để t&igrave;m ra được từ kh&oacute;a Phantom bạn cần trải qua nhiều bước v&agrave; t&ocirc;i sẽ giới thiệu bạn c&aacute;ch t&igrave;m từ kh&oacute;a phantom đơn giản v&agrave; hiệu quả nhất) với lượng seach l&agrave; 200, v&agrave; số b&agrave;i viết về từ kh&oacute;a n&agrave;y tr&ecirc;n google chỉ l&agrave; 10 b&agrave;i viết.</span></span></span></p>\r\n\r\n<p style=\"margin-left:0cm; margin-right:0cm; text-align:justify\"><span style=\"font-family:Times New Roman,Times,serif\"><span style=\"color:#000000\"><span style=\"font-size:16px\">Như vậy, đ&acirc;y được x&aacute;c định l&agrave; từ kh&oacute;a<strong> Phantom keywords</strong> bạn cần x&acirc;y dựng nội dung v&agrave; tối ưu cho b&agrave;i viết th&igrave; cơ hội đứng TOP của bạn sẽ chắc chắn nằm trong TOP 1 &ndash; 3. Khi đ&oacute; bạn c&oacute; thể t&igrave;m ra được đến 100 <strong>từ kh&oacute;a b&oacute;ng ma</strong> li&ecirc;n quan với nhau như vậy để tối ưu. </span></span></span></p>\r\n\r\n<p style=\"margin-left:0cm; margin-right:0cm; text-align:justify\"><span style=\"font-family:Times New Roman,Times,serif\"><span style=\"color:#000000\"><span style=\"font-size:16px\">Điều đ&oacute; với lượng<strong> từ kh&oacute;a b&oacute;ng ma</strong> v&agrave; lượng t&igrave;m kiếm như vậy th&igrave; bạn thử l&agrave;m 1 ph&eacute;p t&iacute;nh nhỏ th&ocirc;i c&oacute; thể t&iacute;nh được lượng traffic m&agrave; h&agrave;ng th&aacute;ng website của bạn được bao nhi&ecirc;u. </span></span></span></p>\r\n\r\n<p style=\"margin-left:0cm; margin-right:0cm; text-align:justify\"><span style=\"font-family:Times New Roman,Times,serif\"><span style=\"color:#000000\"><span style=\"font-size:16px\">Để t&ocirc;i thử t&iacute;nh nh&eacute;. 200 x 100 = 20.000 lượt truy cập. 1 con số thực sự kinh khủng đối với 1 website mới với thị trường cực cạnh tranh như thế n&agrave;y đ&uacute;ng kh&ocirc;ng?</span></span></span></p>\r\n\r\n<p style=\"margin-left:0cm; margin-right:0cm; text-align:justify\"><span style=\"font-family:Times New Roman,Times,serif\"><span style=\"color:#000000\"><span style=\"font-size:16px\">Khi đ&oacute; th&igrave; chắc chắn lượng traffic đổ về website bạn ch&iacute;nh l&agrave; điều kiện để trang của bạn ph&aacute;t triển, củng cố gia tăng sức mạnh để cải thiện thứ hạng cho c&aacute;c từ kh&oacute;a c&oacute; độ kh&oacute; cao hơn.</span></span></span></p>\r\n\r\n<h2 style=\"text-align:justify\"><span style=\"font-family:Times New Roman,Times,serif\"><span style=\"color:#c0392b\"><span style=\"font-size:20px\"><strong><span style=\"background-color:white\">L&agrave;m thế n&agrave;o để ph&acirc;n t&iacute;ch t&igrave;m được từ kh&oacute;a b&oacute;ng ma</span></strong></span></span></span></h2>\r\n\r\n<p style=\"text-align:justify\"><span style=\"font-family:Tahoma,Geneva,sans-serif\"><span style=\"font-size:36px\"><span style=\"color:#16a085\"><span style=\"background-color:white\"><strong>|</strong></span></span></span></span><span style=\"font-family:Times New Roman,Times,serif\"><span style=\"font-size:36px\"><span style=\"color:#16a085\"><span style=\"background-color:white\"><strong>&nbsp;</strong></span></span></span><span style=\"color:#000000\"><span style=\"font-size:16px\"><em><span style=\"background-color:white\">&quot;</span></em></span></span><span style=\"color:#000000\"><span style=\"font-size:16px\"><em><span style=\"background-color:white\">Để t&igrave;m hiểu được c&aacute;c c&aacute;ch ph&acirc;n t&iacute;ch t&igrave;m kiếm từ kh&oacute;a b&oacute;ng ma. Mời c&aacute;c bạn&nbsp;</span></em></span></span><span style=\"font-size:16px\"><em><span style=\"background-color:white\"><strong><span style=\"color:#8e44ad\"><a href=\"https://kinhdoanhinternet.com.vn/cach-tang-traffic-cho-website-hieu-qua\">XEM TH&Ecirc;M</a>&nbsp;</span></strong></span></em></span><span style=\"color:#000000\"><span style=\"font-size:16px\"><em><span style=\"background-color:white\">b&agrave;i viết bước 1 của t&ocirc;i nh&eacute;.&quot;</span></em></span></span></span></p>\r\n\r\n<p style=\"text-align:justify\"><span style=\"font-family:Times New Roman,Times,serif\"><span style=\"color:#000000\"><span style=\"font-size:16px\"><span style=\"background-color:white\">Cảm ơn bạn đ&atilde; d&agrave;nh thời gian đọc hết b&agrave;i viết chia sẻ n&agrave;y của t&ocirc;i. Mong rằng với những kiến thức về từ kh&oacute;a <strong>phantom keywords </strong>(<strong>từ kh&oacute;a b&oacute;ng ma</strong>)<strong>&nbsp;</strong>n&agrave;y của t&ocirc;i sẽ gi&uacute;p bạn cải thiện thứ hạng từ kh&oacute;a tr&ecirc;n website của m&igrave;nh.</span></span></span></span></p>\r\n', '', '', '', '', '', 0, 'tu-khoa-bong-ma-la-gi', 'Giải đáp từ A-Z về từ khóa bóng ma hay còn gọi là phantom keyword là gì', 'Bài viết phân tích chi tiết về từ khóa bóng ma, từ khóa phantom, phantom keyword là gì và những kiến thức xung quanh từ khóa bóng ma cần nắm chắc khi làm SEO.', 'phantom keyword, phantom keywords, phantom keyword là gì, phantom keywords là gì, từ khóa bóng ma, từ khóa bóng ma là gì, từ khóa phantom là gì'),
(16, 8, 'en', 'english version Từ khóa bóng ma hay còn gọi là phantom keyword là gì', 'english version ', 'english version <p style=\"margin-left:0cm; margin-right:0cm; text-align:justify\"><span style=\"color:#000000\"><span style=\"font-size:16px\"><span style=\"font-family:Times New Roman,Times,serif\"><span style=\"background-color:white\">Trong qu&aacute; tr&igrave;nh thực hiện l&agrave;m website v&agrave; đặc biệt l&agrave;m SEO th&igrave; chắc chắn bạn đ&atilde; từng nghe qua về c&aacute;c từ kh&oacute;a b&oacute;ng ma hay c&ograve;n gọi l&agrave; Phantom keywords rồi phải kh&ocirc;ng? V&agrave; cũng c&oacute; thể nhiều bạn c&ograve;n chưa biết đến dạng từ kh&oacute;a như thế n&agrave;y.</span></span></span></span></p>\r\n\r\n<p style=\"margin-left:0cm; margin-right:0cm; text-align:justify\"><span style=\"color:#000000\"><span style=\"font-size:16px\"><span style=\"font-family:Times New Roman,Times,serif\"><span style=\"background-color:white\">Trong b&agrave;i viết n&agrave;y, t&ocirc;i sẽ l&agrave;m r&otilde; c&aacute;c vấn đề sau về từ kh&oacute;a b&oacute;ng ma hay c&ograve;n gọi l&agrave; phantom keyword để bạn hiểu r&otilde; hơn những lợi &iacute;ch m&agrave; từ kh&oacute;a b&oacute;ng ma mang lại nh&eacute;.</span></span></span></span></p>\r\n\r\n<h2 style=\"text-align:justify\"><span style=\"color:#c0392b\"><span style=\"font-size:20px\"><span style=\"font-family:Times New Roman,Times,serif\"><strong>Phantom keywords l&agrave; g&igrave;</strong></span></span></span></h2>\r\n\r\n<p style=\"margin-left:0cm; margin-right:0cm; text-align:justify\"><span style=\"color:#000000\"><span style=\"font-size:16px\"><span style=\"font-family:Times New Roman,Times,serif\">Nếu như bạn l&agrave; một người trong ngh&agrave;nh SEO th&igrave; chắc chắn l&agrave; bạn kh&ocirc;ng c&ograve;n lạ lẫm g&igrave; với những cụm từ như từ kh&oacute;a ch&iacute;nh, từ kh&oacute;a phụ, từ kh&oacute;a ngh&aacute;ch,&hellip;. V&agrave; trong đ&oacute; từ kh&oacute;a Phantom keywords (Hay c&ograve;n được gọi l&agrave; từ kh&oacute;a b&oacute;ng ma) c&oacute; lẽ cũng kh&ocirc;ng phải l&agrave; kiến thức g&igrave; xa lạ với bạn nhưng lại rất mới với những kỹ thuật SEO trước đ&acirc;y.</span></span></span></p>\r\n\r\n<p style=\"margin-left:0cm; margin-right:0cm; text-align:justify\"><span style=\"color:#000000\"><span style=\"font-size:16px\"><span style=\"font-family:Times New Roman,Times,serif\">C&ograve;n nếu như bạn l&agrave; một newbie, một người t&igrave;m t&ograve;i về những kiến thức SEO th&igrave; chắc hẳn l&agrave; bạn sẽ c&oacute; rất &iacute;t cơ hội được biết đến nhũng loại từ kh&oacute;a phantom keywords n&agrave;y. Nếu như bạn biết c&aacute;ch tận dụng những lợi thế m&agrave; từ kh&oacute;a b&oacute;ng ma mang lại th&igrave; c&oacute; nghĩa bạn đ&atilde; t&igrave;m ra được một phương ph&aacute;p thực hiện SEO cho dự &aacute;n website của m&igrave;nh l&ecirc;n một bậc mới. </span></span></span></p>\r\n\r\n<p style=\"margin-left:0cm; margin-right:0cm; text-align:justify\"><span style=\"color:#000000\"><span style=\"font-size:16px\"><span style=\"font-family:Times New Roman,Times,serif\">V&agrave; đ&acirc;y l&agrave; những kinh nghiệm m&agrave; t&ocirc;i đ&atilde; đ&uacute;c kết trong thời gian t&ocirc;i đ&atilde; thực hiện. Bạn c&oacute; thể nh&igrave;n thấy tr&ecirc;n thực tế, c&oacute; rất nhiều c&aacute;c website nhỏ nhưng nhiều khi vẫn lấn &aacute;p được c&aacute;c &ocirc;ng lớn tr&ecirc;n thị trường google ch&iacute;nh l&agrave; nhờ 1 trong những tuyệt kỹ m&agrave; t&ocirc;i sẽ chia sẻ cho bạn.</span></span></span></p>\r\n\r\n<h3 style=\"margin-left:0cm; margin-right:0cm; text-align:justify\"><span style=\"color:#f39c12\"><span style=\"font-size:18px\"><span style=\"font-family:Times New Roman,Times,serif\"><strong>Vậy từ kh&oacute;a b&oacute;ng ma c&oacute; nghĩa l&agrave; g&igrave;</strong></span></span></span></h3>\r\n\r\n<p style=\"margin-left:0cm; margin-right:0cm; text-align:justify\"><span style=\"color:#000000\"><span style=\"font-size:16px\"><span style=\"font-family:Times New Roman,Times,serif\">Từ kh&oacute;a b&oacute;ng ma hay c&ograve;n được gọi l&agrave; Phantom keywords v&agrave; được mọi SEOer gọi với c&aacute;i t&ecirc;n từ kh&oacute;a bị l&atilde;ng qu&ecirc;n. Từ kh&oacute;a b&oacute;ng ma c&oacute; nhiều người t&igrave;m kiếm nhưng lại c&oacute; rất &iacute;t người hoặc l&agrave; chưa c&oacute; một người n&agrave;o SEO đến.</span></span></span></p>\r\n\r\n<p style=\"margin-left:0cm; margin-right:0cm; text-align:justify\"><span style=\"color:#000000\"><span style=\"font-size:16px\"><span style=\"font-family:Times New Roman,Times,serif\">Phantom keywords xuất hiện sẽ giải đ&aacute;p cho bạn 2 kh&uacute;c mắc lớn khi nghi&ecirc;n cứu v&agrave; t&igrave;m kiếm từ kh&oacute;a:</span></span></span></p>\r\n\r\n<p style=\"margin-left:0cm; margin-right:0cm; text-align:justify\"><span style=\"color:#000000\"><span style=\"font-size:16px\"><span style=\"font-family:Times New Roman,Times,serif\"><em>&ldquo;L&agrave;m sao c&oacute; bộ từ kh&oacute;a người d&ugrave;ng h&agrave;ng ng&agrave;y vẫn t&igrave;m kiếm nhưng c&aacute;c đối thủ lại kh&ocirc;ng SEO&rdquo;</em></span></span></span></p>\r\n\r\n<p style=\"margin-left:0cm; margin-right:0cm; text-align:justify\"><span style=\"color:#000000\"><span style=\"font-size:16px\"><span style=\"font-family:Times New Roman,Times,serif\"><em>&ldquo;Gi&aacute; như c&oacute; một bộ từ kh&oacute;a c&oacute; lượng seach cao nhưng &iacute;t cạnh tranh m&agrave; những đối thủ lại kh&ocirc;ng biết đến th&igrave; tốt biết mấy&rdquo;</em></span></span></span></p>\r\n\r\n<p style=\"margin-left:0cm; margin-right:0cm; text-align:justify\"><span style=\"color:#000000\"><span style=\"font-size:16px\"><span style=\"font-family:Times New Roman,Times,serif\">Đơn giản bởi đ&acirc;y l&agrave; từ kh&oacute;a b&oacute;ng ma n&ecirc;n bạn chỉ cần viết một b&agrave;i viết c&oacute; chứa từ kh&oacute;a phantom keywords n&agrave;y. Chờ google index (Cận thận hơn bạn chỉ cần đi cho n&oacute; một v&agrave;i backlink về b&agrave;i viết) th&igrave; b&agrave;i viết của bạn sẽ ngay lập tức sẽ đứng TOP.</span></span></span></p>\r\n\r\n<h2 style=\"text-align:justify\"><span style=\"color:#c0392b\"><span style=\"font-size:20px\"><span style=\"font-family:Times New Roman,Times,serif\"><strong><span style=\"background-color:white\">&Yacute; nghĩa của Phantom keywords, tại sao n&oacute; quan trọng</span></strong></span></span></span></h2>\r\n\r\n<p style=\"margin-left:0cm; margin-right:0cm; text-align:justify\"><span style=\"color:#000000\"><span style=\"font-size:16px\"><span style=\"font-family:Times New Roman,Times,serif\">Để biết được &yacute; nghĩa của từ kh&oacute;a phantom keywords, trước ti&ecirc;n ch&uacute;ng ta h&atilde;y cũng t&igrave;m hiểu qua 2 con số thống kế về lượng t&igrave;m kiếm của người d&ugrave;ng google:</span></span></span></p>\r\n\r\n<ul>\r\n	<li style=\"text-align:justify\"><span style=\"color:#000000\"><span style=\"font-size:16px\"><span style=\"font-family:Times New Roman,Times,serif\">Chỉ c&oacute; 20% người t&igrave;m kiếm tr&ecirc;n google seach từ kh&oacute;a thương mại.</span></span></span></li>\r\n	<li style=\"text-align:justify\"><span style=\"color:#000000\"><span style=\"font-size:16px\"><span style=\"font-family:Times New Roman,Times,serif\">Nhưng c&oacute; đến 80% c&ograve;n lại th&igrave; lại tập chung seach c&aacute;c từ kh&oacute;a m&agrave; họ muốn t&igrave;m kiếm th&ocirc;ng tin để giải quyết vấn đề.</span></span></span></li>\r\n</ul>\r\n\r\n<p style=\"margin-left:0cm; margin-right:0cm; text-align:justify\"><span style=\"color:#000000\"><span style=\"font-size:16px\"><span style=\"font-family:Times New Roman,Times,serif\">Hay ngo&agrave;i ra:</span></span></span></p>\r\n\r\n<ul>\r\n	<li style=\"text-align:justify\"><span style=\"color:#000000\"><span style=\"font-size:16px\"><span style=\"font-family:Times New Roman,Times,serif\">80% c&aacute;c lượng t&igrave;m kiếm tr&ecirc;n google sử dụng từ kh&oacute;a d&agrave;i để t&igrave;m kiếm</span></span></span></li>\r\n	<li style=\"text-align:justify\"><span style=\"color:#000000\"><span style=\"font-size:16px\"><span style=\"font-family:Times New Roman,Times,serif\">Nhưng lại chỉ c&oacute; khoảng 20% c&aacute;c lượng truy vấn t&igrave;m kiếm sử dụng từ kh&oacute;a ngắn.</span></span></span></li>\r\n</ul>\r\n\r\n<p style=\"margin-left:0cm; margin-right:0cm; text-align:justify\"><span style=\"color:#000000\"><span style=\"font-size:16px\"><span style=\"font-family:Times New Roman,Times,serif\">Cuộc sống lu&ocirc;n c&oacute; những điều ly kỳ để con người c&oacute; thể t&igrave;m hiểu v&agrave; kh&aacute;m ph&aacute;, nhu cầu t&igrave;m kiếm của người d&ugrave;ng cũng phong ph&uacute; v&agrave; đa dạng để đi t&igrave;m t&ograve;i những điều mới. Bạn sẽ kh&ocirc;ng thể n&agrave;o ngờ được mọi người t&igrave;m kiếm những th&ocirc;ng tin g&igrave; ở tr&ecirc;n google phong ph&uacute; như thế n&agrave;o đ&acirc;u.</span></span></span></p>\r\n\r\n<p style=\"margin-left:0cm; margin-right:0cm; text-align:justify\"><span style=\"color:#000000\"><span style=\"font-size:16px\"><span style=\"font-family:Times New Roman,Times,serif\">C&oacute; thể n&oacute;i gắn gọn dựa tr&ecirc;n 2 yếu tố chi tiết để bạn c&oacute; thể x&aacute;c định được từ kh&oacute;a phantom keywords:</span></span></span></p>\r\n\r\n<ul>\r\n	<li style=\"text-align:justify\"><span style=\"color:#000000\"><span style=\"font-size:16px\"><span style=\"font-family:Times New Roman,Times,serif\">Từ kh&oacute;a c&oacute; lượng seach cao</span></span></span></li>\r\n	<li style=\"text-align:justify\"><span style=\"color:#000000\"><span style=\"font-size:16px\"><span style=\"font-family:Times New Roman,Times,serif\">&Iacute;t người hoặc kh&ocirc;ng c&oacute; người SEO.</span></span></span></li>\r\n</ul>\r\n\r\n<h3 style=\"margin-left:0cm; margin-right:0cm; text-align:justify\"><span style=\"color:#f39c12\"><span style=\"font-size:18px\"><span style=\"font-family:Times New Roman,Times,serif\"><strong>Khi bạn đ&atilde; x&aacute;c định được từ kh&oacute;a b&oacute;ng ma th&igrave; tiếp theo bạn cần thực hiện gồm:</strong></span></span></span></h3>\r\n\r\n<ul>\r\n	<li style=\"text-align:justify\"><span style=\"color:#000000\"><span style=\"font-size:16px\"><span style=\"font-family:Times New Roman,Times,serif\">L&ecirc;n kế hoạch x&acirc;y dựng nội dung quanh từ kh&oacute;a phantom keywords</span></span></span></li>\r\n	<li style=\"text-align:justify\"><span style=\"color:#000000\"><span style=\"font-size:16px\"><span style=\"font-family:Times New Roman,Times,serif\">Tối ưu b&agrave;i viết chất lượng tốt hơn, độ d&agrave;i v&agrave; ph&acirc;n phổ từ kh&oacute;a thật tốt để đảm bảo những yếu tố b&agrave;i viết chuẩn SEO.</span></span></span></li>\r\n	<li style=\"text-align:justify\"><span style=\"color:#000000\"><span style=\"font-size:16px\"><span style=\"font-family:Times New Roman,Times,serif\">X&acirc;y dựng 1 hệ thống backlink để trỏ về b&agrave;i viết mục đ&iacute;ch ch&iacute;nh l&agrave; nhằm khả năng l&ecirc;n TOP cho từ kh&oacute;a Phantom keywords n&agrave;y.</span></span></span></li>\r\n</ul>\r\n\r\n<p style=\"margin-left:0cm; margin-right:0cm; text-align:justify\"><span style=\"color:#000000\"><span style=\"font-size:16px\"><span style=\"font-family:Times New Roman,Times,serif\">Khi bạn đ&atilde; thực hiện c&aacute;c bước như tr&ecirc;n, chậm nhất l&agrave; 48h khi google index b&agrave;i viết nội dung của bạn th&igrave; chắc chắn người t&igrave;m kiếm sẽ seach v&agrave; click v&agrave;o website bạn. Tự nhi&ecirc;n website của bạn c&oacute; 1 lượng traffic đ&aacute;ng kể đổ về. Điều n&agrave;y rất tốt phải kh&ocirc;ng?</span></span></span></p>\r\n\r\n<h2 style=\"text-align:justify\"><span style=\"color:#c0392b\"><span style=\"font-size:20px\"><span style=\"font-family:Times New Roman,Times,serif\"><strong><span style=\"background-color:white\">Lượng traffic sẽ kinh khủng v&agrave; bền vững như thế n&agrave;o nếu bạn viết nội dung cho Phanton keyword</span></strong></span></span></span></h2>\r\n\r\n<p style=\"margin-left:0cm; margin-right:0cm; text-align:justify\"><span style=\"color:#000000\"><span style=\"font-size:16px\"><span style=\"font-family:Times New Roman,Times,serif\">T&ocirc;i c&oacute; thể đưa ra một v&iacute; dụ đơn giản để bạn c&oacute; thể hiểu được về lượng traffic sẽ kinh khủng v&agrave; bền vững như thế n&agrave;o đối với website của bạn nh&eacute;.</span></span></span></p>\r\n\r\n<p style=\"margin-left:0cm; margin-right:0cm; text-align:justify\"><span style=\"color:#000000\"><span style=\"font-size:16px\"><span style=\"font-family:Times New Roman,Times,serif\">V&iacute; dụ website của bạn c&oacute; nội dung về đề t&agrave;i nội thất với từ kh&oacute;a ch&iacute;nh &ldquo; Nội thất văn ph&ograve;ng&rdquo; chắc chắn l&agrave; c&oacute; lượng t&igrave;m kiếm rất cao từ ph&iacute;a người d&ugrave;ng. Tuy nhi&ecirc;n đ&acirc;y ch&iacute;nh l&agrave; từ kh&oacute;a c&oacute; mức cạnh tranh cực kỳ cao về vấn đế thời gian v&agrave; kinh ph&iacute;. Cơ hội l&ecirc;n TOP t&igrave;m kiếm của bạn về từ kh&oacute;a n&agrave;y để đưa l&ecirc;n TOP l&agrave; rất kh&oacute; v&agrave; thấp. Kh&oacute; c&oacute; thể cạnh tranh trực tiếp được c&aacute;c đối thủ đ&atilde; thực hiện tiến h&agrave;nh SEO từ trước.</span></span></span></p>\r\n\r\n<p style=\"margin-left:0cm; margin-right:0cm; text-align:justify\"><span style=\"color:#000000\"><span style=\"font-size:16px\"><span style=\"font-family:Times New Roman,Times,serif\">L&uacute;c n&agrave;y chắc chắn bạn đang suy nghĩ l&agrave;m sao để c&oacute; thể cạnh tranh với c&aacute;c đối thủ v&agrave; l&agrave;m thế n&agrave;o đưa được dịch vụ của bạn hướng đến được người t&igrave;m kiếm. L&uacute;c n&agrave;y, phương &aacute;n tiếp theo bạn cần phải tiếp cận v&agrave; thực hiện đ&oacute; ch&iacute;nh l&agrave; t&igrave;m đến từ kh&oacute;a b&oacute;ng m&agrave; m&agrave; c&oacute; lượng t&igrave;m kiếm nhưng đối thủ lại kh&ocirc;ng SEO. </span></span></span></p>\r\n\r\n<h3 style=\"margin-left:0cm; margin-right:0cm; text-align:justify\"><span style=\"color:#f39c12\"><span style=\"font-size:18px\"><strong><span style=\"font-family:Times New Roman, Times, serif\">V&iacute; dụ về từ kh&oacute;a phantom keywords:</span></strong></span></span></h3>\r\n\r\n<p style=\"margin-left:0cm; margin-right:0cm; text-align:justify\"><span style=\"color:#000000\"><span style=\"font-size:16px\"><span style=\"font-family:Times New Roman,Times,serif\">V&iacute; dụ như bạn t&igrave;m được từ kh&oacute;a b&oacute;ng mang l&agrave; &ldquo; Nội thất văn ph&ograve;ng gi&aacute; rẻ nhất&rdquo; (C&aacute;i n&agrave;y t&ocirc;i chi v&iacute; dụ cho bạn để bạn dễ hi&ecirc;u th&ocirc;i nh&eacute; chứ thực tế để t&igrave;m ra được từ kh&oacute;a Phantom bạn cần trải qua nhiều bước v&agrave; t&ocirc;i sẽ giới thiệu bạn c&aacute;ch t&igrave;m từ kh&oacute;a phantom đơn giản v&agrave; hiệu quả nhất) với lượng seach l&agrave; 200, v&agrave; số b&agrave;i viết về từ kh&oacute;a n&agrave;y tr&ecirc;n google chỉ l&agrave; 10 b&agrave;i viết.</span></span></span></p>\r\n\r\n<p style=\"margin-left:0cm; margin-right:0cm; text-align:justify\"><span style=\"color:#000000\"><span style=\"font-size:16px\"><span style=\"font-family:Times New Roman,Times,serif\">Như vậy, đ&acirc;y được x&aacute;c định l&agrave; từ kh&oacute;a Phantom keywords bạn cần x&acirc;y dựng nội dung v&agrave; tối ưu cho b&agrave;i viết th&igrave; cơ hội đứng TOP của bạn sẽ chắc chắn nằm trong TOP 1 &ndash; 3. Khi đ&oacute; bạn c&oacute; thể t&igrave;m ra được đến 100 từ kh&oacute;a b&oacute;ng ma li&ecirc;n quan với nhau như vậy để tối ưu. Điều đ&oacute; với lượng từ kh&oacute;a b&oacute;ng ma v&agrave; lượng t&igrave;m kiếm như vậy th&igrave; bạn thử l&agrave;m 1 ph&eacute;p t&iacute;nh nhỏ th&ocirc;i c&oacute; thể t&iacute;nh được lượng traffic m&agrave; h&agrave;ng th&aacute;ng website của bạn được bao nhi&ecirc;u. Để t&ocirc;i thử t&iacute;nh nh&eacute;. 200 x 100 = 20.000 lượt truy cập. 1 con số thực sự kinh khủng đối với 1 website mới với thị trường cực cạnh tranh như thế n&agrave;y đ&uacute;ng kh&ocirc;ng?</span></span></span></p>\r\n\r\n<p style=\"margin-left:0cm; margin-right:0cm; text-align:justify\"><span style=\"color:#000000\"><span style=\"font-size:16px\"><span style=\"font-family:Times New Roman,Times,serif\">Khi đ&oacute; th&igrave; chắc chắn lượng traffic đổ về website bạn ch&iacute;nh l&agrave; điều kiện để trang của bạn ph&aacute;t triển, củng cố gia tăng sức mạnh để cải thiện thứ hạng cho c&aacute;c từ kh&oacute;a c&oacute; độ kh&oacute; cao hơn.</span></span></span></p>\r\n\r\n<h2 style=\"text-align:justify\"><span style=\"color:#c0392b\"><span style=\"font-size:20px\"><span style=\"font-family:Times New Roman,Times,serif\"><strong><span style=\"background-color:white\">L&agrave;m thế n&agrave;o để ph&acirc;n t&iacute;ch t&igrave;m được từ kh&oacute;a b&oacute;ng ma</span></strong></span></span></span></h2>\r\n\r\n<p style=\"text-align:justify\"><span style=\"color:#000000\"><span style=\"font-size:16px\"><span style=\"font-family:Times New Roman,Times,serif\"><em><span style=\"background-color:white\">Để t&igrave;m hiểu được c&aacute;c c&aacute;ch ph&acirc;n t&iacute;ch t&igrave;m kiếm từ kh&oacute;a b&oacute;ng ma. Mời c&aacute;c bạn tham khảo đọc bước 1 trong b&agrave;i viết n&agrave;y của t&ocirc;i nh&eacute;.</span></em></span></span></span></p>\r\n\r\n<p style=\"text-align:justify\"><span style=\"color:#000000\"><span style=\"font-size:16px\"><span style=\"font-family:Times New Roman,Times,serif\"><span style=\"background-color:white\">Cảm ơn bạn đ&atilde; d&agrave;nh thời gian đọc hết b&agrave;i viết chia sẻ n&agrave;y của t&ocirc;i. Mong rằng với những kiến thức về từ kh&oacute;a phantom keywords n&agrave;y của t&ocirc;i sẽ gi&uacute;p bạn cải thiện thứ hạng từ kh&oacute;a tr&ecirc;n website của m&igrave;nh.</span></span></span></span></p>\r\n', '', '', '', '', '', 0, 'en-tu-khoa-bong-ma-la-gi', 'Giải đáp từ A-Z về từ khóa bóng ma hay còn gọi là phantom keyword là gì', 'Bài viết phân tích chi tiết về từ khóa bóng ma, từ khóa phantom, phantom keyword là gì và những kiến thức xung quanh từ khóa bóng ma cần nắm chắc khi làm SEO.', 'phantom keyword, phantom keywords, phantom keyword là gì, phantom keywords là gì, từ khóa bóng ma, từ khóa bóng ma là gì, từ khóa phantom là gì');
INSERT INTO `news_languages` (`id`, `news_id`, `languages_code`, `lang_news_name`, `lang_news_des`, `lang_news_content`, `lang_news_sub_info1`, `lang_news_sub_info2`, `lang_news_sub_info3`, `lang_news_sub_info4`, `lang_news_sub_info5`, `edit_state`, `friendly_url`, `title_seo`, `des_seo`, `keyword`) VALUES
(17, 9, 'vn', 'Cách thêm quản trị viên trên fanpage đơn giản', 'Việc mở rộng các fanpage giúp bạn tiếp cận được nhiều khách hàng và quảng bá sản phẩm được nhiều hơn nhưng bên cạnh đó vấn đề quản trị cũng như cách thêm quản trị viên trên fanpage gây khó khăn cho bạn. Cùng theo dõi bài viết dưới đây để biết cách thêm đơn giản nhất.', '<p dir=\"ltr\" style=\"text-align:justify\"><span style=\"color:#000000\"><span style=\"font-size:16px\"><span style=\"font-family:Times New Roman,Times,serif\">Facebook đang l&agrave; mạng x&atilde; hội được nhiều người sử dụng v&agrave; truy cập mỗi ng&agrave;y. Ngo&agrave;i việc đăng ảnh th&ocirc;ng tin th&igrave; người d&ugrave;ng c&ograve;n c&oacute; thể kinh doanh tr&ecirc;n facebook th&ocirc;ng qua c&aacute;c fanpage của m&igrave;nh. Việc tạo v&agrave; quản trị c&aacute;c fanpage kh&ocirc;ng những c&oacute; th&ecirc;m nhiều kh&aacute;ch h&agrave;ng từ đ&oacute; mang lại nguồn lợi nhuận khổng lồ cho bạn. Nhưng l&agrave;m sao để quản trị được c&aacute;c fanpage v&agrave; <strong>c&aacute;ch th&ecirc;m quản trị vi&ecirc;n tr&ecirc;n fanpage</strong> như thế n&agrave;o?</span></span></span></p>\r\n\r\n<p dir=\"ltr\" style=\"text-align:center\"><span style=\"color:#000000\"><span style=\"font-size:16px\"><span style=\"font-family:Times New Roman,Times,serif\"><img alt=\"cách thêm quản trị viên trên fanpage\" height=\"400\" src=\"/image/images/cach-them-quan-tri-vien-tren-fanpage.jpg\" width=\"600\" /></span></span></span></p>\r\n\r\n<p dir=\"ltr\" style=\"text-align:center\"><em><span style=\"color:#000000\"><span style=\"font-size:16px\"><span style=\"font-family:Times New Roman,Times,serif\">c&aacute;ch th&ecirc;m quản trị vi&ecirc;n tr&ecirc;n fanpage </span></span></span></em></p>\r\n\r\n<h2 dir=\"ltr\" style=\"text-align:justify\"><span style=\"color:#c0392b\"><strong><span style=\"font-size:20px\"><span style=\"font-family:Times New Roman,Times,serif\">Quản trị vi&ecirc;n fanpage l&agrave; g&igrave;</span></span></strong></span></h2>\r\n\r\n<p dir=\"ltr\" style=\"text-align:justify\"><span style=\"color:#000000\"><span style=\"font-size:16px\"><span style=\"font-family:Times New Roman,Times,serif\">Đ&acirc;y l&agrave; người c&oacute; vai tr&ograve; cao nhất c&oacute; thể quản l&yacute; tất cả mọi mặt của page từ tin nhắn đến việc đăng, tạo quảng c&aacute;o cho page; xem quản trị vi&ecirc;n kh&aacute;c b&igrave;nh luận, tạo b&agrave;i viết, xem th&ocirc;ng tin v&agrave; th&ecirc;m quản trị vi&ecirc;n. ..Hiểu đơn giản quản trị vi&ecirc;n ngang với chức chủ tịch hội đồng quản trị trong một c&ocirc;ng ty.</span></span></span></p>\r\n\r\n<h2 dir=\"ltr\" style=\"text-align:justify\"><strong><span style=\"color:#c0392b\"><span style=\"font-size:20px\"><span style=\"font-family:Times New Roman,Times,serif\">Một số vai tr&ograve; của quản trị vi&ecirc;n tr&ecirc;n fanpage</span></span></span></strong></h2>\r\n\r\n<p dir=\"ltr\" style=\"text-align:justify\"><span style=\"color:#000000\"><span style=\"font-size:16px\"><span style=\"font-family:Times New Roman,Times,serif\">+ Bi&ecirc;n tập vi&ecirc;n: khi bạn th&ecirc;m quản trị vi&ecirc;n c&oacute; nhiệm vụ bi&ecirc;n tập vi&ecirc;n th&igrave; người n&agrave;y cũng c&oacute; quyền như quản trị vi&ecirc;n. Bi&ecirc;n tập c&oacute; tất cả quyền như quản trị vi&ecirc;n nhưng kh&ocirc;ng thể th&ecirc;m quản trị vi&ecirc;n kh&aacute;c v&agrave;o page hoặc x&oacute;a một người ra khỏi fanpage.</span></span></span></p>\r\n\r\n<p dir=\"ltr\" style=\"text-align:justify\"><span style=\"color:#000000\"><span style=\"font-size:16px\"><span style=\"font-family:Times New Roman,Times,serif\">+ Người kiểm duyệt: đ&acirc;y l&agrave; người c&oacute; quyền hạn thấp hơn bi&ecirc;n tập vi&ecirc;n, c&oacute; thể trả lời hoặc x&oacute;a c&aacute;c b&igrave;nh luận tr&ecirc;n page, gửi tin nhắn với tư c&aacute;ch l&agrave; page, xem quản trị vi&ecirc;n n&agrave;o tạo b&agrave;i viết, b&igrave;nh luận, tạo quảng c&aacute;o</span></span></span></p>\r\n\r\n<p dir=\"ltr\" style=\"text-align:justify\"><span style=\"color:#000000\"><span style=\"font-size:16px\"><span style=\"font-family:Times New Roman,Times,serif\">+ Nh&agrave; quảng c&aacute;o: c&oacute; thể tạo quảng c&aacute;o, xem th&ocirc;ng tin chi tiết, xem quản trị vi&ecirc;n n&agrave;o tạo b&agrave;i biết, b&igrave;nh luận</span></span></span></p>\r\n\r\n<p dir=\"ltr\" style=\"text-align:justify\"><span style=\"color:#000000\"><span style=\"font-size:16px\"><span style=\"font-family:Times New Roman,Times,serif\">+ Nh&agrave; ph&acirc;n t&iacute;ch: xem c&aacute;c th&ocirc;ng tin chi tiết cũng như xem được quản trị vi&ecirc;n n&agrave;o tạo b&agrave;i viết, b&igrave;nh luận</span></span></span></p>\r\n\r\n<h2 dir=\"ltr\" style=\"text-align:justify\"><span style=\"color:#c0392b\"><span style=\"font-size:20px\"><strong><span style=\"font-family:Times New Roman,Times,serif\">Ai c&oacute; thể th&ecirc;m quản trị vi&ecirc;n tr&ecirc;n fanpage</span></strong></span></span></h2>\r\n\r\n<p dir=\"ltr\" style=\"text-align:justify\"><span style=\"color:#000000\"><span style=\"font-size:16px\"><span style=\"font-family:Times New Roman,Times,serif\">Người c&oacute; thể thực hiện th&ecirc;m quản trị vi&ecirc;n tr&ecirc;n fanpage phải l&agrave; người được cấp quyền cao nhất đ&oacute; c&oacute; thể l&agrave; bạn- người tạo ra c&aacute;c fanpage hoặc quản trị fanpage được bạn ủy quyền.</span></span></span></p>\r\n\r\n<h2 dir=\"ltr\" style=\"text-align:justify\"><span style=\"color:#c0392b\"><strong><span style=\"font-size:20px\"><span style=\"font-family:Times New Roman,Times,serif\">C&aacute;ch th&ecirc;m quản trị vi&ecirc;n tr&ecirc;n fanpage</span></span></strong></span></h2>\r\n\r\n<p dir=\"ltr\" style=\"text-align:justify\"><span style=\"color:#000000\"><span style=\"font-size:16px\"><span style=\"font-family:Times New Roman,Times,serif\">Nếu bạn đang kinh doanh v&agrave; tạo c&aacute;c page th&igrave; n&ecirc;n biết đến <strong>c&aacute;ch th&ecirc;m quản trị vi&ecirc;n tr&ecirc;n fanpage </strong></span></span></span></p>\r\n\r\n<p dir=\"ltr\" style=\"text-align:justify\"><span style=\"color:#000000\"><span style=\"font-size:16px\"><span style=\"font-family:Times New Roman,Times,serif\">+ Th&ecirc;m quản trị vi&ecirc;n tr&ecirc;n fanpage bằng t&ecirc;n v&agrave; email</span></span></span></p>\r\n\r\n<p dir=\"ltr\" style=\"text-align:justify\"><span style=\"color:#000000\"><span style=\"font-size:16px\"><span style=\"font-family:Times New Roman,Times,serif\">Việc th&ecirc;m quản trị vi&ecirc;n tr&ecirc;n fanpage được thực hiện lần lượt theo c&aacute;c bước như sau: </span></span></span></p>\r\n\r\n<p dir=\"ltr\" style=\"text-align:justify\"><span style=\"color:#000000\"><span style=\"font-size:16px\"><span style=\"font-family:Times New Roman,Times,serif\">Bước 1: Bạn h&atilde;y truy cập v&agrave;o fanpage cần th&ecirc;m quản trị vi&ecirc;n</span></span></span></p>\r\n\r\n<p dir=\"ltr\" style=\"text-align:justify\"><span style=\"color:#000000\"><span style=\"font-size:16px\"><span style=\"font-family:Times New Roman,Times,serif\">Bước 2: Từ giao diện của fanpage k&iacute;ch v&agrave;o phần c&agrave;i đặt. C&aacute;c bạn lưu &yacute; l&agrave; chỉ c&aacute;c quản trị mới c&oacute; mục n&agrave;y.</span></span></span></p>\r\n\r\n<p dir=\"ltr\" style=\"text-align:center\"><span style=\"color:#000000\"><span style=\"font-size:16px\"><span style=\"font-family:Times New Roman,Times,serif\"><img alt=\"cách thêm quản trị viên trên fanpage\" height=\"400\" src=\"/image/images/cach-them-quan-tri-vien-tren-fanpage_-hieu-quapng.jpg\" width=\"600\" /></span></span></span></p>\r\n\r\n<p dir=\"ltr\" style=\"text-align:center\"><em><span style=\"color:#000000\"><span style=\"font-size:16px\"><span style=\"font-family:Times New Roman,Times,serif\">c&aacute;ch th&ecirc;m quản trị vi&ecirc;n tr&ecirc;n fanpage </span></span></span></em></p>\r\n\r\n<p dir=\"ltr\" style=\"text-align:justify\"><span style=\"color:#000000\"><span style=\"font-size:16px\"><span style=\"font-family:Times New Roman,Times,serif\">Bước 3: Trong phần c&agrave;i đặt chọn tab vai tr&ograve; tr&ecirc;n trang. Mục n&agrave;y cho ph&eacute;p bạn th&ecirc;m quản trị vi&ecirc;n v&agrave; cấp quyền cho họ.</span></span></span></p>\r\n\r\n<p dir=\"ltr\" style=\"text-align:justify\"><span style=\"color:#000000\"><span style=\"font-size:16px\"><span style=\"font-family:Times New Roman,Times,serif\">Bước 4: Điền đầy đủ c&aacute;c th&ocirc;ng tin y&ecirc;u cầu như t&ecirc;n, email của người m&agrave; bạn muốn th&ecirc;m. Tiếp theo bạn chọn quyền cho quản trị vi&ecirc;n mới. Sau khi thực hiện xong bạn h&atilde;y chọn th&ecirc;m facebook &nbsp;v&agrave; lưu. Facebook sẽ y&ecirc;u cầu nhập mật khẩu để x&aacute;c nhận.</span></span></span></p>\r\n\r\n<p style=\"text-align:center\"><span style=\"color:#000000\"><span style=\"font-size:16px\"><span style=\"font-family:Times New Roman,Times,serif\"><img alt=\"cách thêm quản trị viên trên fanpage\" height=\"379\" src=\"/image/images/huong-dan-cach-them-quan-tri-vien-tren-fanpage.jpg\" width=\"700\" /></span></span></span></p>\r\n\r\n<p style=\"text-align:center\"><em><span style=\"color:#000000\"><span style=\"font-size:16px\"><span style=\"font-family:Times New Roman,Times,serif\">c&aacute;ch th&ecirc;m quản trị vi&ecirc;n tr&ecirc;n fanpage </span></span></span></em></p>\r\n\r\n<p dir=\"ltr\" style=\"text-align:justify\"><span style=\"color:#000000\"><span style=\"font-size:16px\"><span style=\"font-family:Times New Roman,Times,serif\">Khi thực hiện<strong> c&aacute;ch th&ecirc;m quản trị vi&ecirc;n tr&ecirc;n fanpage</strong> bằng c&aacute;ch n&agrave;y bạn cần đảm bảo rằng t&ecirc;n v&agrave; email đăng nhập phải đ&uacute;ng với t&ecirc;n v&agrave; email đ&atilde; đăng k&iacute; tr&ecirc;n facebook của người đ&oacute;. T&ecirc;n của quản trị vi&ecirc;n mới phải l&agrave; bạn b&egrave; của quản trị hoặc người đ&oacute; phải ấn th&iacute;ch v&agrave;o page tương ứng.</span></span></span></p>\r\n\r\n<h2 dir=\"ltr\" style=\"text-align:justify\"><span style=\"color:#c0392b\"><strong><span style=\"font-size:20px\"><span style=\"font-family:Times New Roman,Times,serif\">C&aacute;ch thay đổi vai tr&ograve; của quản trị vi&ecirc;n tr&ecirc;n fanpage</span></span></strong></span></h2>\r\n\r\n<p dir=\"ltr\" style=\"text-align:justify\"><span style=\"color:#000000\"><span style=\"font-size:16px\"><span style=\"font-family:Times New Roman,Times,serif\">Khi đ&atilde; biết được c&ocirc;ng việc của c&aacute;c quản trị vi&ecirc;n v&agrave;<strong> c&aacute;ch th&ecirc;m quản trị vi&ecirc;n tr&ecirc;n fanpage </strong>th&igrave; với tư c&aacute;ch l&agrave; quản trị vi&ecirc;n c&oacute; quyền hạn cao nhất bạn cũng c&oacute; thể thay đổi hoặc x&oacute;a vai tr&ograve; của một người n&agrave;o đ&oacute; trong fanpage.</span></span></span></p>\r\n\r\n<p dir=\"ltr\" style=\"text-align:justify\"><span style=\"color:#000000\"><span style=\"font-size:16px\"><span style=\"font-family:Times New Roman,Times,serif\">Thực hiện như sau: </span></span></span></p>\r\n\r\n<p dir=\"ltr\" style=\"text-align:justify\"><span style=\"color:#000000\"><span style=\"font-size:16px\"><span style=\"font-family:Times New Roman,Times,serif\">Truy cập v&agrave;o page nhấn v&agrave;o phần c&agrave;i đặt ở ph&iacute;a đầu page. Tiếp theo ở cột b&ecirc;n tr&aacute;i v&agrave;o phần vai tr&ograve; trang. Tại đ&acirc;y bạn c&oacute; thể thực hiện chỉnh sửa hoặc x&oacute;a vai tr&ograve; của người kh&aacute;c. Nhấn v&agrave;o phần chỉnh sửa &nbsp;b&ecirc;n cạnh t&ecirc;n rồi chọn vai tr&ograve; mới. cuối c&ugrave;ng nhấn lưu v&agrave; nhập mật khẩu để x&aacute;c nhận.</span></span></span></p>\r\n\r\n<p dir=\"ltr\" style=\"text-align:justify\"><span style=\"color:#000000\"><span style=\"font-size:16px\"><span style=\"font-family:Times New Roman,Times,serif\">Để x&oacute;a vai tr&ograve; của người kh&aacute;c th&igrave; cũng thực hiện tương tự nhưng thay v&igrave; thay đổi th&igrave; bạn chọn x&oacute;a. Việc x&oacute;a hay thay đổi vai tr&ograve; của người kh&aacute;c sẽ được thực hiện sau 7 ng&agrave;y.</span></span></span></p>\r\n\r\n<p dir=\"ltr\" style=\"text-align:justify\"><span style=\"color:#000000\"><span style=\"font-size:16px\"><span style=\"font-family:Times New Roman,Times,serif\">Bạn cũng c&oacute; thế tự x&oacute;a m&igrave;nh ra khỏi page với điều kiện page c&oacute; một quản trị vi&ecirc;n kh&aacute;c.</span></span></span></p>\r\n\r\n<h2 dir=\"ltr\" style=\"text-align:justify\"><span style=\"color:#c0392b\"><strong><span style=\"font-size:20px\"><span style=\"font-family:Times New Roman,Times,serif\">C&aacute;c c&aacute;ch quản trị fanpage đạt hiệu quả tốt nhất</span></span></strong></span></h2>\r\n\r\n<p dir=\"ltr\" style=\"text-align:justify\"><span style=\"color:#000000\"><span style=\"font-size:16px\"><span style=\"font-family:Times New Roman,Times,serif\">+ Quản trị vi&ecirc;n n&ecirc;n đăng b&agrave;i thường xuy&ecirc;n v&agrave; để thu h&uacute;t được nhiều kh&aacute;ch h&agrave;ng th&igrave; y&ecirc;u cầu quản trị fanpage phải kiểm tra tần suất cũng như thời gian đăng b&agrave;i l&uacute;c n&agrave;o thu h&uacute;t được nhiều người nhất.</span></span></span></p>\r\n\r\n<p dir=\"ltr\" style=\"text-align:justify\"><span style=\"color:#000000\"><span style=\"font-size:16px\"><span style=\"font-family:Times New Roman,Times,serif\">+ Tạo c&aacute;c nội dung diễn ra định kỳ: những chương tr&igrave;nh, khuyến m&atilde;i diễn ra cuối tuần hoặc một ng&agrave;y n&agrave;o đ&oacute; sẽ tạo n&ecirc;n sự chờ đợi, th&iacute;ch th&uacute; của c&aacute;c fan</span></span></span></p>\r\n\r\n<p dir=\"ltr\" style=\"text-align:justify\"><span style=\"color:#000000\"><span style=\"font-size:16px\"><span style=\"font-family:Times New Roman,Times,serif\">+ Sử dụng h&igrave;nh ảnh đẹp: page c&oacute; h&igrave;nh ảnh l&ocirc;i cuốn kh&ocirc;ng chỉ gi&uacute;p quảng b&aacute; sản phẩm m&agrave; c&ograve;n khiến cho h&igrave;nh ảnh page hấp dẫn hơn.</span></span></span></p>\r\n\r\n<p dir=\"ltr\" style=\"text-align:justify\"><span style=\"color:#000000\"><span style=\"font-size:16px\"><span style=\"font-family:Times New Roman,Times,serif\">+ Tương t&aacute;c với kh&aacute;ch h&agrave;ng: bằng c&aacute;ch trả lời b&igrave;nh luận hoặc hướng dẫn &nbsp;kh&aacute;ch h&agrave;ng việc n&agrave;y gi&uacute;p fanpage cảm thấy gần gũi</span></span></span></p>\r\n\r\n<p dir=\"ltr\" style=\"text-align:justify\"><span style=\"color:#000000\"><span style=\"font-size:16px\"><span style=\"font-family:Times New Roman,Times,serif\">Hi vọng với th&ocirc;ng tin b&agrave;i viết n&ecirc;u tr&ecirc;n sẽ gi&uacute;p c&aacute;c bạn biết <strong>c&aacute;ch th&ecirc;m quản trị vi&ecirc;n tr&ecirc;n fanpage </strong>v&agrave; sử dụng fanpage đạt hiệu quả cao nhất</span></span></span></p>\r\n', '', '', '', '', '', 0, 'cach-them-quan-tri-vien-tren-fanpage-don-gian', 'Cách thêm quản trị viên trên fanpage đơn giản', 'Cách thêm quản trị viên trên fanpage như thế nào đơn giản và hiệu quả nhất. Hãy cùng tôi đi tìm kiếm cách thêm quản trị viên trên facebook đơn giản nhất nhé.', 'cách thêm quản trị viên trên fanpage '),
(18, 9, 'en', 'english version Cách thêm quản trị viên trên fanpage đơn giản', 'english version Việc mở rộng các fanpage giúp bạn tiếp cận được nhiều khách hàng và quảng bá sản phẩm được nhiều hơn nhưng bên cạnh đó vấn đề quản trị cũng như cách thêm quản trị viên trên fanpage gây khó khăn cho bạn. Cùng theo dõi bài viết dưới đây để biết cách thêm đơn giản nhất.', 'english version <p dir=\"ltr\" style=\"text-align:justify\"><span style=\"color:#000000\"><span style=\"font-size:16px\"><span style=\"font-family:Times New Roman,Times,serif\">Facebook đang l&agrave; mạng x&atilde; hội được nhiều người sử dụng v&agrave; truy cập mỗi ng&agrave;y. Ngo&agrave;i việc đăng ảnh th&ocirc;ng tin th&igrave; người d&ugrave;ng c&ograve;n c&oacute; thể kinh doanh tr&ecirc;n facebook th&ocirc;ng qua c&aacute;c fanpage của m&igrave;nh. Việc tạo v&agrave; quản trị c&aacute;c fanpage kh&ocirc;ng những c&oacute; th&ecirc;m nhiều kh&aacute;ch h&agrave;ng từ đ&oacute; mang lại nguồn lợi nhuận khổng lồ cho bạn. Nhưng l&agrave;m sao để quản trị được c&aacute;c fanpage v&agrave; c&aacute;ch th&ecirc;m quản trị vi&ecirc;n tr&ecirc;n fanpage như thế n&agrave;o?</span></span></span></p>\r\n\r\n<p dir=\"ltr\" style=\"text-align:center\"><span style=\"color:#000000\"><span style=\"font-size:16px\"><span style=\"font-family:Times New Roman,Times,serif\"><img alt=\"cách thêm quản trị viên trên fanpage\" height=\"400\" src=\"/image/images/cach-them-quan-tri-vien-tren-fanpage.jpg\" width=\"600\" /></span></span></span></p>\r\n\r\n<h2 dir=\"ltr\" style=\"text-align:justify\"><span style=\"color:#c0392b\"><strong><span style=\"font-size:20px\"><span style=\"font-family:Times New Roman,Times,serif\">Quản trị vi&ecirc;n fanpage l&agrave; g&igrave;</span></span></strong></span></h2>\r\n\r\n<p dir=\"ltr\" style=\"text-align:justify\"><span style=\"color:#000000\"><span style=\"font-size:16px\"><span style=\"font-family:Times New Roman,Times,serif\">Đ&acirc;y l&agrave; người c&oacute; vai tr&ograve; cao nhất c&oacute; thể quản l&yacute; tất cả mọi mặt của page từ tin nhắn đến việc đăng, tạo quảng c&aacute;o cho page; xem quản trị vi&ecirc;n kh&aacute;c b&igrave;nh luận, tạo b&agrave;i viết, xem th&ocirc;ng tin v&agrave; th&ecirc;m quản trị vi&ecirc;n. ..Hiểu đơn giản quản trị vi&ecirc;n ngang với chức chủ tịch hội đồng quản trị trong một c&ocirc;ng ty.</span></span></span></p>\r\n\r\n<h2 dir=\"ltr\" style=\"text-align:justify\"><strong><span style=\"color:#c0392b\"><span style=\"font-size:20px\"><span style=\"font-family:Times New Roman,Times,serif\">Một số vai tr&ograve; của quản trị vi&ecirc;n tr&ecirc;n fanpage</span></span></span></strong></h2>\r\n\r\n<p dir=\"ltr\" style=\"text-align:justify\"><span style=\"color:#000000\"><span style=\"font-size:16px\"><span style=\"font-family:Times New Roman,Times,serif\">+ Bi&ecirc;n tập vi&ecirc;n: khi bạn th&ecirc;m quản trị vi&ecirc;n c&oacute; nhiệm vụ bi&ecirc;n tập vi&ecirc;n th&igrave; người n&agrave;y cũng c&oacute; quyền như quản trị vi&ecirc;n. Bi&ecirc;n tập c&oacute; tất cả quyền như quản trị vi&ecirc;n nhưng kh&ocirc;ng thể th&ecirc;m quản trị vi&ecirc;n kh&aacute;c v&agrave;o page hoặc x&oacute;a một người ra khỏi fanpage.</span></span></span></p>\r\n\r\n<p dir=\"ltr\" style=\"text-align:justify\"><span style=\"color:#000000\"><span style=\"font-size:16px\"><span style=\"font-family:Times New Roman,Times,serif\">+ Người kiểm duyệt: đ&acirc;y l&agrave; người c&oacute; quyền hạn thấp hơn bi&ecirc;n tập vi&ecirc;n, c&oacute; thể trả lời hoặc x&oacute;a c&aacute;c b&igrave;nh luận tr&ecirc;n page, gửi tin nhắn với tư c&aacute;ch l&agrave; page, xem quản trị vi&ecirc;n n&agrave;o tạo b&agrave;i viết, b&igrave;nh luận, tạo quảng c&aacute;o</span></span></span></p>\r\n\r\n<p dir=\"ltr\" style=\"text-align:justify\"><span style=\"color:#000000\"><span style=\"font-size:16px\"><span style=\"font-family:Times New Roman,Times,serif\">+ Nh&agrave; quảng c&aacute;o: c&oacute; thể tạo quảng c&aacute;o, xem th&ocirc;ng tin chi tiết, xem quản trị vi&ecirc;n n&agrave;o tạo b&agrave;i biết, b&igrave;nh luận</span></span></span></p>\r\n\r\n<p dir=\"ltr\" style=\"text-align:justify\"><span style=\"color:#000000\"><span style=\"font-size:16px\"><span style=\"font-family:Times New Roman,Times,serif\">+ Nh&agrave; ph&acirc;n t&iacute;ch: xem c&aacute;c th&ocirc;ng tin chi tiết cũng như xem được quản trị vi&ecirc;n n&agrave;o tạo b&agrave;i viết, b&igrave;nh luận</span></span></span></p>\r\n\r\n<h2 dir=\"ltr\" style=\"text-align:justify\"><span style=\"color:#c0392b\"><span style=\"font-size:20px\"><strong><span style=\"font-family:Times New Roman,Times,serif\">Ai c&oacute; thể th&ecirc;m quản trị vi&ecirc;n tr&ecirc;n fanpage</span></strong></span></span></h2>\r\n\r\n<p dir=\"ltr\" style=\"text-align:justify\"><span style=\"color:#000000\"><span style=\"font-size:16px\"><span style=\"font-family:Times New Roman,Times,serif\">Người c&oacute; thể thực hiện th&ecirc;m quản trị vi&ecirc;n tr&ecirc;n fanpage phải l&agrave; người được cấp quyền cao nhất đ&oacute; c&oacute; thể l&agrave; bạn- người tạo ra c&aacute;c fanpage hoặc quản trị fanpage được bạn ủy quyền.</span></span></span></p>\r\n\r\n<h2 dir=\"ltr\" style=\"text-align:justify\"><span style=\"color:#c0392b\"><strong><span style=\"font-size:20px\"><span style=\"font-family:Times New Roman,Times,serif\">C&aacute;ch th&ecirc;m quản trị vi&ecirc;n tr&ecirc;n fanpage</span></span></strong></span></h2>\r\n\r\n<p dir=\"ltr\" style=\"text-align:justify\"><span style=\"color:#000000\"><span style=\"font-size:16px\"><span style=\"font-family:Times New Roman,Times,serif\">Nếu bạn đang kinh doanh v&agrave; tạo c&aacute;c page th&igrave; n&ecirc;n biết đến c&aacute;ch th&ecirc;m quản trị vi&ecirc;n tr&ecirc;n fanpage </span></span></span></p>\r\n\r\n<p dir=\"ltr\" style=\"text-align:justify\"><span style=\"color:#000000\"><span style=\"font-size:16px\"><span style=\"font-family:Times New Roman,Times,serif\">+ Th&ecirc;m quản trị vi&ecirc;n tr&ecirc;n fanpage bằng t&ecirc;n v&agrave; email</span></span></span></p>\r\n\r\n<p dir=\"ltr\" style=\"text-align:justify\"><span style=\"color:#000000\"><span style=\"font-size:16px\"><span style=\"font-family:Times New Roman,Times,serif\">Việc th&ecirc;m quản trị vi&ecirc;n tr&ecirc;n fanpage được thực hiện lần lượt theo c&aacute;c bước như sau: </span></span></span></p>\r\n\r\n<p dir=\"ltr\" style=\"text-align:justify\"><span style=\"color:#000000\"><span style=\"font-size:16px\"><span style=\"font-family:Times New Roman,Times,serif\">Bước 1: Bạn h&atilde;y truy cập v&agrave;o fanpage cần th&ecirc;m quản trị vi&ecirc;n</span></span></span></p>\r\n\r\n<p dir=\"ltr\" style=\"text-align:justify\"><span style=\"color:#000000\"><span style=\"font-size:16px\"><span style=\"font-family:Times New Roman,Times,serif\">Bước 2: Từ giao diện của fanpage k&iacute;ch v&agrave;o phần c&agrave;i đặt. C&aacute;c bạn lưu &yacute; l&agrave; chỉ c&aacute;c quản trị mới c&oacute; mục n&agrave;y.</span></span></span></p>\r\n\r\n<p dir=\"ltr\" style=\"text-align:center\"><span style=\"color:#000000\"><span style=\"font-size:16px\"><span style=\"font-family:Times New Roman,Times,serif\"><img alt=\"cách thêm quản trị viên trên fanpage\" height=\"400\" src=\"/image/images/cach-them-quan-tri-vien-tren-fanpage_-hieu-quapng.jpg\" width=\"600\" /></span></span></span></p>\r\n\r\n<p dir=\"ltr\" style=\"text-align:justify\"><span style=\"color:#000000\"><span style=\"font-size:16px\"><span style=\"font-family:Times New Roman,Times,serif\">Bước 3: Trong phần c&agrave;i đặt chọn tab vai tr&ograve; tr&ecirc;n trang. Mục n&agrave;y cho ph&eacute;p bạn th&ecirc;m quản trị vi&ecirc;n v&agrave; cấp quyền cho họ.</span></span></span></p>\r\n\r\n<p dir=\"ltr\" style=\"text-align:justify\"><span style=\"color:#000000\"><span style=\"font-size:16px\"><span style=\"font-family:Times New Roman,Times,serif\">Bước 4: Điền đầy đủ c&aacute;c th&ocirc;ng tin y&ecirc;u cầu như t&ecirc;n, email của người m&agrave; bạn muốn th&ecirc;m. Tiếp theo bạn chọn quyền cho quản trị vi&ecirc;n mới. Sau khi thực hiện xong bạn h&atilde;y chọn th&ecirc;m facebook &nbsp;v&agrave; lưu. Facebook sẽ y&ecirc;u cầu nhập mật khẩu để x&aacute;c nhận.</span></span></span></p>\r\n\r\n<p style=\"text-align:center\"><span style=\"color:#000000\"><span style=\"font-size:16px\"><span style=\"font-family:Times New Roman,Times,serif\"><img alt=\"cách thêm quản trị viên trên fanpage\" height=\"379\" src=\"/image/images/huong-dan-cach-them-quan-tri-vien-tren-fanpage.jpg\" width=\"700\" /></span></span></span></p>\r\n\r\n<p dir=\"ltr\" style=\"text-align:justify\"><span style=\"color:#000000\"><span style=\"font-size:16px\"><span style=\"font-family:Times New Roman,Times,serif\">Khi thực hiện c&aacute;ch th&ecirc;m quản trị vi&ecirc;n tr&ecirc;n fanpage bằng c&aacute;ch n&agrave;y bạn cần đảm bảo rằng t&ecirc;n v&agrave; email đăng nhập phải đ&uacute;ng với t&ecirc;n v&agrave; email đ&atilde; đăng k&iacute; tr&ecirc;n facebook của người đ&oacute;. T&ecirc;n của quản trị vi&ecirc;n mới phải l&agrave; bạn b&egrave; của quản trị hoặc người đ&oacute; phải ấn th&iacute;ch v&agrave;o page tương ứng.</span></span></span></p>\r\n\r\n<h2 dir=\"ltr\" style=\"text-align:justify\"><span style=\"color:#c0392b\"><strong><span style=\"font-size:20px\"><span style=\"font-family:Times New Roman,Times,serif\">C&aacute;ch thay đổi vai tr&ograve; của quản trị vi&ecirc;n tr&ecirc;n fanpage</span></span></strong></span></h2>\r\n\r\n<p dir=\"ltr\" style=\"text-align:justify\"><span style=\"color:#000000\"><span style=\"font-size:16px\"><span style=\"font-family:Times New Roman,Times,serif\">Khi đ&atilde; biết được c&ocirc;ng việc của c&aacute;c quản trị vi&ecirc;n v&agrave; c&aacute;ch th&ecirc;m quản trị vi&ecirc;n tr&ecirc;n fanpage th&igrave; với tư c&aacute;ch l&agrave; quản trị vi&ecirc;n c&oacute; quyền hạn cao nhất bạn cũng c&oacute; thể thay đổi hoặc x&oacute;a vai tr&ograve; của một người n&agrave;o đ&oacute; trong fanpage.</span></span></span></p>\r\n\r\n<p dir=\"ltr\" style=\"text-align:justify\"><span style=\"color:#000000\"><span style=\"font-size:16px\"><span style=\"font-family:Times New Roman,Times,serif\">Thực hiện như sau: </span></span></span></p>\r\n\r\n<p dir=\"ltr\" style=\"text-align:justify\"><span style=\"color:#000000\"><span style=\"font-size:16px\"><span style=\"font-family:Times New Roman,Times,serif\">Truy cập v&agrave;o page nhấn v&agrave;o phần c&agrave;i đặt ở ph&iacute;a đầu page. Tiếp theo ở cột b&ecirc;n tr&aacute;i v&agrave;o phần vai tr&ograve; trang. Tại đ&acirc;y bạn c&oacute; thể thực hiện chỉnh sửa hoặc x&oacute;a vai tr&ograve; của người kh&aacute;c. Nhấn v&agrave;o phần chỉnh sửa &nbsp;b&ecirc;n cạnh t&ecirc;n rồi chọn vai tr&ograve; mới. cuối c&ugrave;ng nhấn lưu v&agrave; nhập mật khẩu để x&aacute;c nhận.</span></span></span></p>\r\n\r\n<p dir=\"ltr\" style=\"text-align:justify\"><span style=\"color:#000000\"><span style=\"font-size:16px\"><span style=\"font-family:Times New Roman,Times,serif\">Để x&oacute;a vai tr&ograve; của người kh&aacute;c th&igrave; cũng thực hiện tương tự nhưng thay v&igrave; thay đổi th&igrave; bạn chọn x&oacute;a. Việc x&oacute;a hay thay đổi vai tr&ograve; của người kh&aacute;c sẽ được thực hiện sau 7 ng&agrave;y.</span></span></span></p>\r\n\r\n<p dir=\"ltr\" style=\"text-align:justify\"><span style=\"color:#000000\"><span style=\"font-size:16px\"><span style=\"font-family:Times New Roman,Times,serif\">Bạn cũng c&oacute; thế tự x&oacute;a m&igrave;nh ra khỏi page với điều kiện page c&oacute; một quản trị vi&ecirc;n kh&aacute;c.</span></span></span></p>\r\n\r\n<h2 dir=\"ltr\" style=\"text-align:justify\"><span style=\"color:#c0392b\"><strong><span style=\"font-size:20px\"><span style=\"font-family:Times New Roman,Times,serif\">C&aacute;c c&aacute;ch quản trị fanpage đạt hiệu quả tốt nhất</span></span></strong></span></h2>\r\n\r\n<p dir=\"ltr\" style=\"text-align:justify\"><span style=\"color:#000000\"><span style=\"font-size:16px\"><span style=\"font-family:Times New Roman,Times,serif\">+ Quản trị vi&ecirc;n n&ecirc;n đăng b&agrave;i thường xuy&ecirc;n v&agrave; để thu h&uacute;t được nhiều kh&aacute;ch h&agrave;ng th&igrave; y&ecirc;u cầu quản trị fanpage phải kiểm tra tần suất cũng như thời gian đăng b&agrave;i l&uacute;c n&agrave;o thu h&uacute;t được nhiều người nhất.</span></span></span></p>\r\n\r\n<p dir=\"ltr\" style=\"text-align:justify\"><span style=\"color:#000000\"><span style=\"font-size:16px\"><span style=\"font-family:Times New Roman,Times,serif\">+ Tạo c&aacute;c nội dung diễn ra định kỳ: những chương tr&igrave;nh, khuyến m&atilde;i diễn ra cuối tuần hoặc một ng&agrave;y n&agrave;o đ&oacute; sẽ tạo n&ecirc;n sự chờ đợi, th&iacute;ch th&uacute; của c&aacute;c fan</span></span></span></p>\r\n\r\n<p dir=\"ltr\" style=\"text-align:justify\"><span style=\"color:#000000\"><span style=\"font-size:16px\"><span style=\"font-family:Times New Roman,Times,serif\">+ Sử dụng h&igrave;nh ảnh đẹp: page c&oacute; h&igrave;nh ảnh l&ocirc;i cuốn kh&ocirc;ng chỉ gi&uacute;p quảng b&aacute; sản phẩm m&agrave; c&ograve;n khiến cho h&igrave;nh ảnh page hấp dẫn hơn.</span></span></span></p>\r\n\r\n<p dir=\"ltr\" style=\"text-align:justify\"><span style=\"color:#000000\"><span style=\"font-size:16px\"><span style=\"font-family:Times New Roman,Times,serif\">+ Tương t&aacute;c với kh&aacute;ch h&agrave;ng: bằng c&aacute;ch trả lời b&igrave;nh luận hoặc hướng dẫn &nbsp;kh&aacute;ch h&agrave;ng việc n&agrave;y gi&uacute;p fanpage cảm thấy gần gũi</span></span></span></p>\r\n\r\n<p dir=\"ltr\" style=\"text-align:justify\"><span style=\"color:#000000\"><span style=\"font-size:16px\"><span style=\"font-family:Times New Roman,Times,serif\">Hi vọng với th&ocirc;ng tin b&agrave;i viết n&ecirc;u tr&ecirc;n sẽ gi&uacute;p c&aacute;c bạn biết c&aacute;ch th&ecirc;m quản trị vi&ecirc;n tr&ecirc;n fanpage v&agrave; sử dụng fanpage đạt hiệu quả cao nhất</span></span></span></p>\r\n', '', '', '', '', '', 0, 'en-cach-them-quan-tri-vien-tren-fanpage-don-gian', 'Cách thêm quản trị viên trên fanpage đơn giản', '', 'cách thêm quản trị viên trên fanpage '),
(19, 10, 'vn', 'Tỷ lệ thoát trang là gì? Chỉ số này ảnh hướng đến SEO như thế nào', 'Tỷ lệ thoát trang hay bounce rate là một trong những yếu tố ảnh hưởng nhiều đến thứ hạng. Bài viết làm rõ tỷ lệ thoát trang là gì? và những vấn đề có liên quan', '<p style=\"margin-left:0cm; margin-right:0cm\"><span style=\"font-size:16px\"><span style=\"font-family:Times New Roman,Times,serif\"><strong>Tỷ lệ tho&aacute;t trang l&agrave; g&igrave;? </strong>hay<strong> tỷ lệ bounce rate l&agrave; g&igrave;?</strong> đ&acirc;y l&agrave; kh&aacute;i niệm m&agrave; người l&agrave;m SEO phải nắm chắc nếu bạn muốn SEO bền vững. V&agrave; người l&agrave;m SEO đều c&oacute; mong muốn cải thiện l&agrave;m đẹp chỉ số tỷ lệ tho&aacute;t trang n&agrave;y. V&igrave; sao? Google ng&agrave;y c&agrave;ng xem trọng nội dung chất lượng v&agrave; trải nghiệm người d&ugrave;ng ch&iacute;nh v&igrave; thế m&agrave; tỷ lệ tho&aacute;t c&oacute; ảnh hưởng lớn đến kết quả thứ hạng từ kh&oacute;a.</span></span></p>\r\n\r\n<div style=\"text-align:center\">\r\n<figure class=\"image\" style=\"display:inline-block\"><img alt=\"ty-le-thoat-trang-la-gi\" height=\"338\" src=\"/image/images/T%E1%BB%B7%20l%E1%BB%87%20tho%C3%A1t%20trang%20l%C3%A0%20g%C3%AC.jpg\" width=\"600\" />\r\n<figcaption>Tỷ lệ tho&aacute;t trang l&agrave; g&igrave;?</figcaption>\r\n</figure>\r\n</div>\r\n\r\n<p style=\"margin-left:0cm; margin-right:0cm\"><span style=\"font-size:20px\"><span style=\"font-family:Times New Roman,Times,serif\"><span style=\"color:#e74c3c\"><strong>Định nghĩa tỷ lệ tho&aacute;t trang l&agrave; g&igrave;?</strong></span></span></span></p>\r\n\r\n<p style=\"margin-left:0cm; margin-right:0cm\"><span style=\"font-size:16px\"><span style=\"font-family:Times New Roman,Times,serif\">C&oacute; nhiều c&aacute;ch diễn đạt để gi&uacute;p bạn hiểu <strong>tỷ lệ tho&aacute;t trang l&agrave; g&igrave;</strong>?</span></span></p>\r\n\r\n<p style=\"margin-left:0cm; margin-right:0cm\"><span style=\"font-size:16px\"><span style=\"font-family:Times New Roman,Times,serif\">- C&oacute; thể diễn đạt: <strong>Tỷ lệ tho&aacute;t trang </strong>hay<strong> tỷ lệ Bounce Rat</strong>e l&agrave; tỷ lệ số người truy cập v&agrave;o xem trang v&agrave; sau đ&oacute; tho&aacute;t ra m&agrave; kh&ocirc;ng click v&agrave;o xem tiếp c&aacute;c trang kh&aacute;c của website đ&oacute;</span></span></p>\r\n\r\n<p style=\"margin-left:0cm; margin-right:0cm\"><span style=\"font-size:16px\"><span style=\"font-family:Times New Roman,Times,serif\">- Hay c&oacute; thể hiểu: <strong>Tỷ lệ tho&aacute;t trang</strong> l&agrave; tỷ lệ số phi&ecirc;n truy cập người d&ugrave;ng (session) chỉ v&agrave;o một trang duy nhất của website v&agrave; kh&ocirc;ng c&oacute; tương t&aacute;c n&agrave;o tr&ecirc;n trang kh&aacute;c.</span></span></p>\r\n\r\n<p style=\"margin-left:0cm; margin-right:0cm\"><span style=\"font-size:16px\"><span style=\"font-family:Times New Roman,Times,serif\">- Hoặc c&oacute; thể n&oacute;i dễ hiểu hơn: <strong>Tỷ lệ tho&aacute;t trang l&agrave; g&igrave;?</strong> L&agrave; khi người d&ugrave;ng truy cập v&agrave;o web, họ chỉ xem một viết m&agrave; họ đ&atilde; click v&agrave;o v&agrave; sau đ&oacute; tho&aacute;t ra website, kh&ocirc;ng xem th&ecirc;m nội dung n&agrave;o kh&aacute;c.</span></span></p>\r\n\r\n<p style=\"margin-left:0cm; margin-right:0cm\"><span style=\"font-size:16px\"><span style=\"font-family:Times New Roman,Times,serif\">Từ c&aacute;c c&aacute;ch diễn đạt kh&aacute;i niệm <strong>tỷ lệ tho&aacute;t trang l&agrave; g&igrave; </strong>b&ecirc;n tr&ecirc;n cũng đủ để bạn thấy được rằng chỉ số <strong>bounce rate</strong>/ <strong>tỷ lệ tho&aacute;t trang</strong>/ <strong>tỷ lệ tho&aacute;t </strong>phản &aacute;nh rất r&otilde; chất lượng, mức độ hữu &iacute;ch website của bạn với người đọc.</span></span></p>\r\n\r\n<p style=\"margin-left:0cm; margin-right:0cm\"><span style=\"font-size:16px\"><span style=\"font-family:Times New Roman,Times,serif\">Website c&oacute; nội dung c&oacute; &iacute;ch cho người đọc; cấu tr&uacute;c website th&acirc;n thiện, dễ trải nghiệm; bạn kh&eacute;o l&eacute;o dẫn dắt người đọc th&igrave; hiển nhi&ecirc;n họ sẽ tiếp tục đọc những nội dung kh&aacute;c, t&igrave;m t&ograve;i tr&ecirc;n website những b&agrave;i viết của bạn để đọc tiếp. </span></span></p>\r\n\r\n<p style=\"margin-left:0cm; margin-right:0cm\"><span style=\"font-size:16px\"><span style=\"font-family:Times New Roman,Times,serif\">V&agrave; bạn biết đấy, Google ng&agrave;y c&agrave;ng th&ocirc;ng minh v&agrave; lu&ocirc;n hướng về người d&ugrave;ng. Để đ&aacute;nh gi&aacute; chất lượng c&aacute;c website với người d&ugrave;ng Google căn cứ v&agrave;o nhiều thuật to&aacute;n v&agrave; chỉ số, trong đ&oacute; <strong>tỷ lệ tho&aacute;t trang</strong> l&agrave; một trong những chỉ số rất quan trọng. <strong>Tỷ lệ tho&aacute;t trang</strong> c&agrave;ng thấp th&igrave; c&agrave;ng tốt, Google c&agrave;ng đ&aacute;nh gi&aacute; tốt website của bạn. Để c&oacute; được <strong>tỷ lệ tho&aacute;t trang</strong> thấp đ&acirc;y kh&ocirc;ng phải l&agrave; điều dễ d&agrave;ng. V&agrave; th&agrave;nh quả thứ hạng từ kh&oacute;a sẽ kh&ocirc;ng l&agrave;m bạn thất vọng nếu website của bạn c&oacute; <strong>tỷ lệ tho&aacute;t trang</strong> đẹp.</span></span></p>\r\n\r\n<div style=\"text-align:center\">\r\n<figure class=\"image\" style=\"display:inline-block\"><img alt=\"dinh-nghia-ty-le-thoat-trang-la-gi\" height=\"315\" src=\"/image/images/%C4%90%E1%BB%8Bnh%20ngh%C4%A9a%20t%E1%BB%B7%20l%E1%BB%87%20tho%C3%A1t%20trang%20l%C3%A0%20g%C3%AC.png\" width=\"600\" />\r\n<figcaption>Định nghĩa tỷ lệ tho&aacute;t trang l&agrave; g&igrave;?</figcaption>\r\n</figure>\r\n</div>\r\n\r\n<p style=\"margin-left:0cm; margin-right:0cm\"><span style=\"font-size:16px\"><span style=\"font-family:Times New Roman,Times,serif\">Sau đ&acirc;y t&ocirc;i sẽ ph&acirc;n t&iacute;ch kỹ hơn về vai tr&ograve; của <strong>tỷ lệ tho&aacute;t trang</strong>/ <strong>Bounce Rate</strong>&nbsp;trong SEO</span></span></p>\r\n\r\n<h2 style=\"margin-left:0cm; margin-right:0cm\"><span style=\"font-size:20px\"><span style=\"font-family:Times New Roman,Times,serif\"><strong><span style=\"color:#e74c3c\">Vai tr&ograve; của tỷ lệ tho&aacute;t trang hay bounce rate trong seo l&agrave; g&igrave;?</span></strong></span></span></h2>\r\n\r\n<p style=\"margin-left:0cm; margin-right:0cm\"><span style=\"font-size:16px\"><span style=\"font-family:Times New Roman,Times,serif\">SEO l&agrave; c&ocirc;ng việc tối ưu h&oacute;a c&ocirc;ng cụ t&igrave;m kiếm như Google,&hellip; để cải tiến thứ hạng từ kh&oacute;a của website trong kết quả trả về của c&ocirc;ng cụ t&igrave;m kiếm. Google cũng như c&aacute;c c&ocirc;ng cụ t&igrave;m kiếm kh&aacute;c, bằng c&aacute;c thuật to&aacute;n ng&agrave;y c&agrave;ng nhiều v&agrave; chặt chẽ của m&igrave;nh sẽ tiến h&agrave;nh ph&acirc;n t&iacute;ch rất nhiều trang nội dung với c&aacute;c chất lượng kh&aacute;c nhau đề cập tới từ kh&oacute;a đang t&igrave;m kiếm. Từ kết quả ph&acirc;n t&iacute;ch đ&oacute; c&ocirc;ng cụ t&igrave;m kiếm sẽ xếp hạng thứ hạng từ kh&oacute;a của c&aacute;c website. </span></span></p>\r\n\r\n<p style=\"margin-left:0cm; margin-right:0cm\"><span style=\"font-size:16px\"><span style=\"font-family:Times New Roman,Times,serif\">Đương nhi&ecirc;n c&aacute;c c&ocirc;ng cụ t&igrave;m kiếm đều hướng tới việc trả về kết quả t&igrave;m kiếm ch&iacute;nh x&aacute;c nhất, chất lượng nhất với mong muốn của người d&ugrave;ng. C&oacute; nhiều yếu tố quyết định tới thứ hạng từ kh&oacute;a của một website. Tuy nhi&ecirc;n chắc chắn, chất lượng nội dung v&agrave; chất lượng website l&agrave; một yếu tố ch&iacute;nh quyết định tới kết quả xếp hạng từ kh&oacute;a. Hay c&oacute; thể n&oacute;i yếu tố nội dung v&agrave; Onpage website rất quan trọng, v&agrave; c&oacute; vai tr&ograve; quyết định. Google đ&atilde; dần xếp hạng từ kh&oacute;a kh&ocirc;ng đ&aacute;nh gi&aacute; qu&aacute; nhiều v&agrave;o backlink hay c&aacute;c yếu tố offpage kh&aacute;c m&agrave; n&oacute; đang rất quan trọng xem x&eacute;t h&agrave;nh vi người d&ugrave;ng tr&ecirc;n website.</span></span></p>\r\n\r\n<p style=\"margin-left:0cm; margin-right:0cm\"><span style=\"font-size:16px\"><span style=\"font-family:Times New Roman,Times,serif\">V&agrave; h&agrave;nh vi người d&ugrave;ng như đ&atilde; đề cập b&ecirc;n tr&ecirc;n gắn liền với <strong>tỷ lệ tho&aacute;t trang</strong>. <strong>Tỷ lệ tho&aacute;t trang</strong> thấp c&oacute; nghĩa l&agrave; website đ&oacute; ph&ugrave; hợp với mong muốn t&igrave;m kiếm của người d&ugrave;ng. Với những website c&oacute; <strong>tỷ lệ tho&aacute;t trang</strong> cao, mặc d&ugrave; bạn c&oacute; SEO bằng nhiều c&aacute;ch, thủ thuật đi chăng nữa th&igrave; sớm hay muộn Google sẽ cho bạn tụt thứ hạng để nhường lại vị tr&iacute; thứ hạng tốt cho những website, những kết quả t&igrave;m kiếm c&oacute; &iacute;ch cho người d&ugrave;ng.</span></span></p>\r\n\r\n<p style=\"margin-left:0cm; margin-right:0cm\"><span style=\"font-size:16px\"><span style=\"font-family:Times New Roman,Times,serif\">Cho n&ecirc;n <strong>tỷ lệ tho&aacute;t trang</strong> c&oacute; &yacute; nghĩa rất quan trọng trong SEO. Do vậy người l&agrave;m SEO cần nắm vững kh&aacute;i niệm <strong>tỷ lệ tho&aacute;t trang l&agrave; g&igrave;?</strong> v&agrave; những vấn đề c&oacute; li&ecirc;n quan để cải thiện thật tốt tỷ lệ tho&aacute;t trang n&agrave;y cho website.</span></span></p>\r\n\r\n<p style=\"margin-left:0cm; margin-right:0cm\"><span style=\"font-size:20px\"><span style=\"font-family:Times New Roman,Times,serif\"><strong><span style=\"color:#e74c3c\">Xem tỷ lệ tho&aacute;t trang bằng c&ocirc;ng cụ n&agrave;o?</span></strong></span></span></p>\r\n\r\n<p style=\"margin-left:0cm; margin-right:0cm\"><span style=\"font-size:16px\"><span style=\"font-family:Times New Roman,Times,serif\">C&ocirc;ng cụ ch&iacute;nh x&aacute;c nhất v&agrave; cũng l&agrave; c&ocirc;ng cụ tốt nhất l&agrave; d&ugrave;ng <a href=\"https://analytics.google.com/analytics/web\">Google Analytics</a>.<br />\r\n<strong>Tỷ lệ tho&aacute;t trong google analytics</strong> bạn c&oacute; thể xem như dưới h&igrave;nh dưới. Tại đ&acirc;y bạn c&oacute; thể xem được c&aacute;c chỉ số như: Số lượt truy cập website, Thời gian tr&ecirc;n mỗi phi&ecirc;n, Tỉ lệ tho&aacute;t trang&hellip;</span></span></p>\r\n\r\n<div style=\"text-align:center\">\r\n<figure class=\"image\" style=\"display:inline-block\"><img alt=\"ty-le-thoat-trang-trong-google-analytics\" height=\"237\" src=\"/image/images/T%E1%BB%B7%20l%E1%BB%87%20tho%C3%A1t%20trong%20google%20analytics.jpg\" width=\"600\" />\r\n<figcaption>Tỷ lệ tho&aacute;t trong google analytics</figcaption>\r\n</figure>\r\n</div>\r\n\r\n<p style=\"margin-left:0cm; margin-right:0cm\"><span style=\"font-size:16px\"><span style=\"font-family:Times New Roman,Times,serif\">Trong đ&oacute;:</span></span></p>\r\n\r\n<p style=\"margin-left:0cm; margin-right:0cm\"><span style=\"font-size:16px\"><span style=\"font-family:Times New Roman,Times,serif\">1. Số lượt truy cập website: L&agrave; số người d&ugrave;ng&nbsp; v&agrave;o website bằng những c&aacute;ch thức kh&aacute;c nhau như: truy cập trực tiếp, truy cập qua mạng x&atilde; hội, truy cập qua quảng c&aacute;o&hellip;</span></span></p>\r\n\r\n<p style=\"margin-left:0cm; margin-right:0cm\"><span style=\"font-size:16px\"><span style=\"font-family:Times New Roman,Times,serif\">2. Thời gian tr&ecirc;n mỗi phi&ecirc;n: L&agrave; thời gian người đọc truy cập trang v&agrave; t&igrave;m kiếm c&aacute;c th&ocirc;ng tin tr&ecirc;n trang đấy v&agrave; c&aacute;c trang kh&aacute;c của website.</span></span></p>\r\n\r\n<p style=\"margin-left:0cm; margin-right:0cm\"><span style=\"font-size:16px\"><span style=\"font-family:Times New Roman,Times,serif\">3. Tỉ lệ tho&aacute;t trang: T&ocirc;i đ&atilde; định nghĩa b&ecirc;n tr&ecirc;n tỷ lệ tho&aacute;t trang l&agrave; g&igrave;? Dưới đ&acirc;y l&agrave; c&ocirc;ng thức t&iacute;nh.</span></span></p>\r\n\r\n<p style=\"margin-left:0cm; margin-right:0cm\"><strong><span style=\"color:#e74c3c\"><span style=\"font-size:20px\"><span style=\"font-family:Times New Roman,Times,serif\">Tỷ lệ tho&aacute;t trang được t&iacute;nh như thế n&agrave;o?</span></span></span></strong></p>\r\n\r\n<p style=\"margin-left:0cm; margin-right:0cm\"><strong><span style=\"font-size:16px\"><span style=\"font-family:Times New Roman,Times,serif\">Tỷ lệ tho&aacute;t trang = Tổng số lần truy cập chỉ xem 1 trang / Tổng số lượt truy cập website</span></span></strong></p>\r\n\r\n<div style=\"text-align:center\">\r\n<figure class=\"image\" style=\"display:inline-block\"><img alt=\"cong-thuc-tinh-ty-le-thoat-trang\" height=\"268\" src=\"/image/images/C%C3%B4ng%20th%E1%BB%A9c%20t%C3%ADnh%20t%E1%BB%B7%20l%E1%BB%87%20tho%C3%A1t%20trang.png\" width=\"600\" />\r\n<figcaption>C&ocirc;ng thức t&iacute;nh tỷ lệ tho&aacute;t trang</figcaption>\r\n</figure>\r\n</div>\r\n\r\n<h2 style=\"margin-left:0cm; margin-right:0cm\"><strong><span style=\"color:#e74c3c\"><span style=\"font-size:20px\"><span style=\"font-family:Times New Roman,Times,serif\">Tỷ lệ tho&aacute;t trang cao l&agrave; do đ&acirc;u?</span></span></span></strong></h2>\r\n\r\n<p style=\"margin-left:0cm; margin-right:0cm\"><span style=\"font-size:16px\"><span style=\"font-family:Times New Roman,Times,serif\"><strong>Tỷ lệ tho&aacute;t trang</strong> cao hay thấp l&agrave; phần lớn l&agrave; do chất lượng nội dung tr&ecirc;n website, tổ chức website kh&ocirc;ng khoa học, đẹp mắt; cũng như người viết chưa cho chiến thuật trong việc dẫn dắt người đọc kh&eacute;o l&eacute;o đi từ nội dung n&agrave;y đến nội dung kh&aacute;c tr&ecirc;n website.&nbsp; Hoặc c&oacute; thể do một số nguy&ecirc;n nh&acirc;n kh&aacute;c như website tải chậm, người d&ugrave;ng click v&agrave;o c&aacute;c link quảng c&aacute;o hoặc link out tr&ecirc;n b&agrave;i viết&hellip;</span></span></p>\r\n\r\n<div style=\"text-align:center\">\r\n<figure class=\"image\" style=\"display:inline-block\"><img alt=\"ty-le-thoat-trang-cao-la-do-dau\" height=\"306\" src=\"/image/images/T%E1%BB%B7%20l%E1%BB%87%20tho%C3%A1t%20trang%20cao%20l%C3%A0%20do%20%C4%91%C3%A2u.png\" width=\"600\" />\r\n<figcaption>Tỷ lệ tho&aacute;t trang cao l&agrave; do đ&acirc;u</figcaption>\r\n</figure>\r\n</div>\r\n\r\n<p style=\"margin-left:0cm; margin-right:0cm\"><span style=\"font-size:16px\"><span style=\"font-family:Times New Roman,Times,serif\">Vậy, <strong>Tỷ lệ tho&aacute;t trang/tỷ lệ bounce rate bao nhi&ecirc;u l&agrave; được?</strong> v&agrave; bằng c&aacute;ch n&agrave;o để giảm tỷ lệ tho&aacute;t trang xuống. Mời c&aacute;c bạn đọc tiếp b&agrave;i viết n&agrave;y của t&ocirc;i.</span></span></p>\r\n\r\n<p style=\"margin-left:0cm; margin-right:0cm\"><span style=\"font-size:16px\"><span style=\"font-family:Times New Roman,Times,serif\">Hoặc nếu bạn kh&ocirc;ng c&oacute; thời gian để l&agrave;m cho nội dung v&agrave; website tốt l&ecirc;n, bạn c&oacute; thể tham khảo <a href=\"https://kinhdoanhinternet.com.vn/dich-vu-nhan-viet-bai-chuan-seo-thue\">dịch vụ viết b&agrave;i chuẩn SEO</a> của ch&uacute;ng t&ocirc;i. Với dịch vụ viết nội dung n&agrave;y ch&uacute;ng t&ocirc;i sẽ ph&acirc;n t&iacute;ch từ kh&oacute;a, chiến thuật li&ecirc;n kết nội bộ giữa c&aacute;c nội dung sẽ viết để gi&uacute;p nội dung tr&ecirc;n website của bạn được đầu tư khoa học v&agrave; c&oacute; hiệu quả.</span></span></p>\r\n\r\n<p style=\"margin-left:0cm; margin-right:0cm\"><span style=\"font-size:16px\"><span style=\"font-family:Times New Roman,Times,serif\">Trong b&agrave;i viết n&agrave;y t&ocirc;i chỉ trọng t&acirc;m l&agrave;m r&otilde; <strong>tỷ lệ tho&aacute;t trang l&agrave; g&igrave;? </strong>v&agrave; một số vấn đề c&oacute; li&ecirc;n quan đến kh&aacute;i niệm n&agrave;y. Cảm ơn c&aacute;c bạn đ&atilde; đọc b&agrave;i viết của t&ocirc;i.</span></span></p>\r\n\r\n<p style=\"margin-left:0cm; margin-right:0cm\">&nbsp;</p>\r\n', '', '', '', '', '', 0, 'ty-le-thoat-trang-la-gi-chi-so-nay-anh-huong-den-seo-nhu-the-nao', 'Tỷ lệ thoát trang là gì? Chỉ số này ảnh hướng đến SEO như thế nào', 'Tỷ lệ thoát trang hay bounce rate là một trong những yếu tố ảnh hưởng nhiều đến thứ hạng. Bài viết làm rõ tỷ lệ thoát trang là gì? và những vấn đề có liên quan', 'bounce rate là gì, tỷ lệ thoát trang là gì, tỷ lệ thoát trong google analytics, tỷ lệ thoát là gì, bounce rate la gi, tỷ lệ thoát trang, chỉ số bounce rate là gì, tỉ lệ bounce rate là gì, tỷ lệ thoát, bounce rate nghĩa là gì, bounce rate google analytics là gì, xem tỷ lệ thoát trang, tỷ lệ bounce rate là gì, bounce rate trong seo là gì');
INSERT INTO `news_languages` (`id`, `news_id`, `languages_code`, `lang_news_name`, `lang_news_des`, `lang_news_content`, `lang_news_sub_info1`, `lang_news_sub_info2`, `lang_news_sub_info3`, `lang_news_sub_info4`, `lang_news_sub_info5`, `edit_state`, `friendly_url`, `title_seo`, `des_seo`, `keyword`) VALUES
(20, 10, 'en', 'english version Tỷ lệ thoát trang là gì? Chỉ số này ảnh hướng đến SEO như thế nào', 'english version ', 'english version <p style=\"margin-left:0cm; margin-right:0cm\"><span style=\"font-size:16px\"><span style=\"font-family:Times New Roman,Times,serif\"><strong>Tỷ lệ tho&aacute;t trang l&agrave; g&igrave;? </strong>hay<strong> tỷ lệ bounce rate l&agrave; g&igrave;?</strong> đ&acirc;y l&agrave; kh&aacute;i niệm m&agrave; người l&agrave;m SEO phải nắm chắc nếu bạn muốn SEO bền vững. V&agrave; người l&agrave;m SEO đều c&oacute; mong muốn cải thiện l&agrave;m đẹp chỉ số tỷ lệ tho&aacute;t trang n&agrave;y. V&igrave; sao? Google ng&agrave;y c&agrave;ng xem trọng nội dung chất lượng v&agrave; trải nghiệm người d&ugrave;ng ch&iacute;nh v&igrave; thế m&agrave; tỷ lệ tho&aacute;t c&oacute; ảnh hưởng lớn đến kết quả thứ hạng từ kh&oacute;a.</span></span></p>\r\n\r\n<p style=\"margin-left:0cm; margin-right:0cm; text-align:center\"><span style=\"font-size:16px\"><span style=\"font-family:Times New Roman,Times,serif\">H&igrave;nh 1</span></span></p>\r\n\r\n<p style=\"margin-left:0cm; margin-right:0cm\"><span style=\"font-size:20px\"><span style=\"font-family:Times New Roman,Times,serif\"><span style=\"color:#e74c3c\"><strong>Định nghĩa tỷ lệ tho&aacute;t trang l&agrave; g&igrave;?</strong></span></span></span></p>\r\n\r\n<p style=\"margin-left:0cm; margin-right:0cm\"><span style=\"font-size:16px\"><span style=\"font-family:Times New Roman,Times,serif\">C&oacute; nhiều c&aacute;ch diễn đạt để gi&uacute;p bạn hiểu <strong>tỷ lệ tho&aacute;t trang l&agrave; g&igrave;</strong>?</span></span></p>\r\n\r\n<p style=\"margin-left:0cm; margin-right:0cm\"><span style=\"font-size:16px\"><span style=\"font-family:Times New Roman,Times,serif\">-&nbsp;&nbsp;&nbsp;&nbsp;&nbsp;&nbsp;&nbsp;&nbsp;&nbsp;&nbsp; C&oacute; thể diễn đạt: <strong>Tỷ lệ tho&aacute;t trang </strong>hay<strong> tỷ lệ Bounce Rat</strong>e l&agrave; tỷ lệ số người truy cập v&agrave;o xem trang v&agrave; sau đ&oacute; tho&aacute;t ra m&agrave; kh&ocirc;ng click v&agrave;o xem tiếp c&aacute;c trang kh&aacute;c của website đ&oacute;</span></span></p>\r\n\r\n<p style=\"margin-left:0cm; margin-right:0cm\"><span style=\"font-size:16px\"><span style=\"font-family:Times New Roman,Times,serif\">-&nbsp;&nbsp;&nbsp;&nbsp;&nbsp;&nbsp;&nbsp;&nbsp;&nbsp;&nbsp; Hay c&oacute; thể hiểu: <strong>Tỷ lệ tho&aacute;t trang</strong> l&agrave; tỷ lệ số phi&ecirc;n truy cập người d&ugrave;ng (session) chỉ v&agrave;o một trang duy nhất của website v&agrave; kh&ocirc;ng c&oacute; tương t&aacute;c n&agrave;o tr&ecirc;n trang kh&aacute;c.</span></span></p>\r\n\r\n<p style=\"margin-left:0cm; margin-right:0cm\"><span style=\"font-size:16px\"><span style=\"font-family:Times New Roman,Times,serif\">-&nbsp;&nbsp;&nbsp;&nbsp;&nbsp;&nbsp;&nbsp;&nbsp;&nbsp;&nbsp; Hoặc c&oacute; thể n&oacute;i dễ hiểu hơn: <strong>Tỷ lệ tho&aacute;t trang l&agrave; g&igrave;?</strong> L&agrave; khi người d&ugrave;ng truy cập v&agrave;o web, họ chỉ xem một viết m&agrave; họ đ&atilde; click v&agrave;o v&agrave; sau đ&oacute; tho&aacute;t ra website, kh&ocirc;ng xem th&ecirc;m nội dung n&agrave;o kh&aacute;c.</span></span></p>\r\n\r\n<p style=\"margin-left:0cm; margin-right:0cm\"><span style=\"font-size:16px\"><span style=\"font-family:Times New Roman,Times,serif\">Từ c&aacute;c c&aacute;ch diễn đạt kh&aacute;i niệm <strong>tỷ lệ tho&aacute;t trang l&agrave; g&igrave; </strong>b&ecirc;n tr&ecirc;n cũng đủ để bạn thấy được rằng chỉ số <strong>bounce rate</strong>/ <strong>tỷ lệ tho&aacute;t trang</strong>/ <strong>tỷ lệ tho&aacute;t </strong>phản &aacute;nh rất r&otilde; chất lượng, mức độ hữu &iacute;ch website của bạn với người đọc.</span></span></p>\r\n\r\n<p style=\"margin-left:0cm; margin-right:0cm\"><span style=\"font-size:16px\"><span style=\"font-family:Times New Roman,Times,serif\">Website c&oacute; nội dung c&oacute; &iacute;ch cho người đọc; cấu tr&uacute;c website th&acirc;n thiện, dễ trải nghiệm; bạn kh&eacute;o l&eacute;o dẫn dắt người đọc th&igrave; hiển nhi&ecirc;n họ sẽ tiếp tục đọc những nội dung kh&aacute;c, t&igrave;m t&ograve;i tr&ecirc;n website những b&agrave;i viết của bạn để đọc tiếp. </span></span></p>\r\n\r\n<p style=\"margin-left:0cm; margin-right:0cm\"><span style=\"font-size:16px\"><span style=\"font-family:Times New Roman,Times,serif\">V&agrave; bạn biết đấy, Google ng&agrave;y c&agrave;ng th&ocirc;ng minh v&agrave; lu&ocirc;n hướng về người d&ugrave;ng. Để đ&aacute;nh gi&aacute; chất lượng c&aacute;c website với người d&ugrave;ng Google căn cứ v&agrave;o nhiều thuật to&aacute;n v&agrave; chỉ số, trong đ&oacute; <strong>tỷ lệ tho&aacute;t trang</strong> l&agrave; một trong những chỉ số rất quan trọng. <strong>Tỷ lệ tho&aacute;t trang</strong> c&agrave;ng thấp th&igrave; c&agrave;ng tốt, Google c&agrave;ng đ&aacute;nh gi&aacute; tốt website của bạn. Để c&oacute; được <strong>tỷ lệ tho&aacute;t trang</strong> thấp đ&acirc;y kh&ocirc;ng phải l&agrave; điều dễ d&agrave;ng. V&agrave; th&agrave;nh quả thứ hạng từ kh&oacute;a sẽ kh&ocirc;ng l&agrave;m bạn thất vọng nếu website của bạn c&oacute; <strong>tỷ lệ tho&aacute;t trang</strong> đẹp.</span></span></p>\r\n\r\n<p style=\"margin-left:0cm; margin-right:0cm; text-align:center\"><span style=\"font-size:16px\"><span style=\"font-family:Times New Roman,Times,serif\">H&igrave;nh 7</span></span></p>\r\n\r\n<p style=\"margin-left:0cm; margin-right:0cm\"><span style=\"font-size:16px\"><span style=\"font-family:Times New Roman,Times,serif\">Sau đ&acirc;y t&ocirc;i sẽ ph&acirc;n t&iacute;ch kỹ hơn về vai tr&ograve; của <strong>tỷ lệ tho&aacute;t trang</strong>/ <strong>Bounce Rate</strong>&nbsp;trong SEO</span></span></p>\r\n\r\n<h2 style=\"margin-left:0cm; margin-right:0cm\"><span style=\"font-size:20px\"><span style=\"font-family:Times New Roman,Times,serif\"><strong><span style=\"color:#e74c3c\">Vai tr&ograve; của tỷ lệ tho&aacute;t trang hay bounce rate trong seo l&agrave; g&igrave;?</span></strong></span></span></h2>\r\n\r\n<p style=\"margin-left:0cm; margin-right:0cm\"><span style=\"font-size:16px\"><span style=\"font-family:Times New Roman,Times,serif\">SEO l&agrave; c&ocirc;ng việc tối ưu h&oacute;a c&ocirc;ng cụ t&igrave;m kiếm như Google,&hellip; để cải tiến thứ hạng từ kh&oacute;a của website trong kết quả trả về của c&ocirc;ng cụ t&igrave;m kiếm. Google cũng như c&aacute;c c&ocirc;ng cụ t&igrave;m kiếm kh&aacute;c, bằng c&aacute;c thuật to&aacute;n ng&agrave;y c&agrave;ng nhiều v&agrave; chặt chẽ của m&igrave;nh sẽ tiến h&agrave;nh ph&acirc;n t&iacute;ch rất nhiều trang nội dung với c&aacute;c chất lượng kh&aacute;c nhau đề cập tới từ kh&oacute;a đang t&igrave;m kiếm. Từ kết quả ph&acirc;n t&iacute;ch đ&oacute; c&ocirc;ng cụ t&igrave;m kiếm sẽ xếp hạng thứ hạng từ kh&oacute;a của c&aacute;c website. </span></span></p>\r\n\r\n<p style=\"margin-left:0cm; margin-right:0cm\"><span style=\"font-size:16px\"><span style=\"font-family:Times New Roman,Times,serif\">Đương nhi&ecirc;n c&aacute;c c&ocirc;ng cụ t&igrave;m kiếm đều hướng tới việc trả về kết quả t&igrave;m kiếm ch&iacute;nh x&aacute;c nhất, chất lượng nhất với mong muốn của người d&ugrave;ng. C&oacute; nhiều yếu tố quyết định tới thứ hạng từ kh&oacute;a của một website. Tuy nhi&ecirc;n chắc chắn, chất lượng nội dung v&agrave; chất lượng website l&agrave; một yếu tố ch&iacute;nh quyết định tới kết quả xếp hạng từ kh&oacute;a. Hay c&oacute; thể n&oacute;i yếu tố nội dung v&agrave; Onpage website rất quan trọng, v&agrave; c&oacute; vai tr&ograve; quyết định. Google đ&atilde; dần xếp hạng từ kh&oacute;a kh&ocirc;ng đ&aacute;nh gi&aacute; qu&aacute; nhiều v&agrave;o backlink hay c&aacute;c yếu tố offpage kh&aacute;c m&agrave; n&oacute; đang rất quan trọng xem x&eacute;t h&agrave;nh vi người d&ugrave;ng tr&ecirc;n website.</span></span></p>\r\n\r\n<p style=\"margin-left:0cm; margin-right:0cm\"><span style=\"font-size:16px\"><span style=\"font-family:Times New Roman,Times,serif\">V&agrave; h&agrave;nh vi người d&ugrave;ng như đ&atilde; đề cập b&ecirc;n tr&ecirc;n gắn liền với <strong>tỷ lệ tho&aacute;t trang</strong>. <strong>Tỷ lệ tho&aacute;t trang</strong> thấp c&oacute; nghĩa l&agrave; website đ&oacute; ph&ugrave; hợp với mong muốn t&igrave;m kiếm của người d&ugrave;ng. Với những website c&oacute; <strong>tỷ lệ tho&aacute;t trang</strong> cao, mặc d&ugrave; bạn c&oacute; SEO bằng nhiều c&aacute;ch, thủ thuật đi chăng nữa th&igrave; sớm hay muộn Google sẽ cho bạn tụt thứ hạng để nhường lại vị tr&iacute; thứ hạng tốt cho những website, những kết quả t&igrave;m kiếm c&oacute; &iacute;ch cho người d&ugrave;ng.</span></span></p>\r\n\r\n<p style=\"margin-left:0cm; margin-right:0cm\"><span style=\"font-size:16px\"><span style=\"font-family:Times New Roman,Times,serif\">Cho n&ecirc;n <strong>tỷ lệ tho&aacute;t trang</strong> c&oacute; &yacute; nghĩa rất quan trọng trong SEO. Do vậy người l&agrave;m SEO cần nắm vững kh&aacute;i niệm <strong>tỷ lệ tho&aacute;t trang l&agrave; g&igrave;?</strong> v&agrave; những vấn đề c&oacute; li&ecirc;n quan để cải thiện thật tốt tỷ lệ tho&aacute;t trang n&agrave;y cho website.</span></span></p>\r\n\r\n<p style=\"margin-left:0cm; margin-right:0cm\"><span style=\"font-size:20px\"><span style=\"font-family:Times New Roman,Times,serif\"><strong><span style=\"color:#e74c3c\">Xem tỷ lệ tho&aacute;t trang bằng c&ocirc;ng cụ n&agrave;o?</span></strong></span></span></p>\r\n\r\n<p style=\"margin-left:0cm; margin-right:0cm\"><span style=\"font-size:16px\"><span style=\"font-family:Times New Roman,Times,serif\">C&ocirc;ng cụ ch&iacute;nh x&aacute;c nhất v&agrave; cũng l&agrave; c&ocirc;ng cụ tốt nhất l&agrave; d&ugrave;ng <a href=\"https://analytics.google.com/analytics/web\">Google Analytics</a>.<br />\r\n<strong>Tỷ lệ tho&aacute;t trong google analytics</strong> bạn c&oacute; thể xem như dưới h&igrave;nh dưới. Tại đ&acirc;y bạn c&oacute; thể xem được c&aacute;c chỉ số như: Số lượt truy cập website, Thời gian tr&ecirc;n mỗi phi&ecirc;n, Tỉ lệ tho&aacute;t trang&hellip;</span></span></p>\r\n\r\n<p style=\"margin-left:0cm; margin-right:0cm; text-align:center\"><span style=\"font-size:16px\"><span style=\"font-family:Times New Roman,Times,serif\">H&igrave;nh 4</span></span></p>\r\n\r\n<p style=\"margin-left:0cm; margin-right:0cm\"><span style=\"font-size:16px\"><span style=\"font-family:Times New Roman,Times,serif\">Trong đ&oacute;:</span></span></p>\r\n\r\n<p style=\"margin-left:0cm; margin-right:0cm\"><span style=\"font-size:16px\"><span style=\"font-family:Times New Roman,Times,serif\">1.&nbsp;&nbsp;&nbsp;&nbsp;&nbsp;&nbsp;&nbsp;&nbsp; Số lượt truy cập website: L&agrave; số người d&ugrave;ng&nbsp; v&agrave;o website bằng những c&aacute;ch thức kh&aacute;c nhau như: truy cập trực tiếp, truy cập qua mạng x&atilde; hội, truy cập qua quảng c&aacute;o&hellip;</span></span></p>\r\n\r\n<p style=\"margin-left:0cm; margin-right:0cm\"><span style=\"font-size:16px\"><span style=\"font-family:Times New Roman,Times,serif\">2.&nbsp;&nbsp;&nbsp;&nbsp;&nbsp;&nbsp;&nbsp;&nbsp; Thời gian tr&ecirc;n mỗi phi&ecirc;n: L&agrave; thời gian người đọc truy cập trang v&agrave; t&igrave;m kiếm c&aacute;c th&ocirc;ng tin tr&ecirc;n trang đấy v&agrave; c&aacute;c trang kh&aacute;c của website.</span></span></p>\r\n\r\n<p style=\"margin-left:0cm; margin-right:0cm\"><span style=\"font-size:16px\"><span style=\"font-family:Times New Roman,Times,serif\">3.&nbsp;&nbsp;&nbsp;&nbsp;&nbsp;&nbsp;&nbsp;&nbsp; Tỉ lệ tho&aacute;t trang: T&ocirc;i đ&atilde; định nghĩa b&ecirc;n tr&ecirc;n tỷ lệ tho&aacute;t trang l&agrave; g&igrave;? Dưới đ&acirc;y l&agrave; c&ocirc;ng thức t&iacute;nh.</span></span></p>\r\n\r\n<p style=\"margin-left:0cm; margin-right:0cm\"><strong><span style=\"color:#e74c3c\"><span style=\"font-size:20px\"><span style=\"font-family:Times New Roman,Times,serif\">Tỷ lệ tho&aacute;t trang được t&iacute;nh như thế n&agrave;o?</span></span></span></strong></p>\r\n\r\n<p style=\"margin-left:0cm; margin-right:0cm\"><strong><span style=\"font-size:16px\"><span style=\"font-family:Times New Roman,Times,serif\">Tỷ lệ tho&aacute;t trang = Tổng số lần truy cập chỉ xem 1 trang / Tổng số lượt truy cập website</span></span></strong></p>\r\n\r\n<p style=\"margin-left:0cm; margin-right:0cm; text-align:center\"><span style=\"font-size:16px\"><span style=\"font-family:Times New Roman,Times,serif\">H&igrave;nh 6</span></span></p>\r\n\r\n<h2 style=\"margin-left:0cm; margin-right:0cm\"><strong><span style=\"color:#e74c3c\"><span style=\"font-size:20px\"><span style=\"font-family:Times New Roman,Times,serif\">Tỷ lệ tho&aacute;t trang cao l&agrave; do đ&acirc;u?</span></span></span></strong></h2>\r\n\r\n<p style=\"margin-left:0cm; margin-right:0cm\"><span style=\"font-size:16px\"><span style=\"font-family:Times New Roman,Times,serif\"><strong>Tỷ lệ tho&aacute;t trang</strong> cao hay thấp l&agrave; phần lớn l&agrave; do chất lượng nội dung tr&ecirc;n website, tổ chức website kh&ocirc;ng khoa học, đẹp mắt; cũng như người viết chưa cho chiến thuật trong việc dẫn dắt người đọc kh&eacute;o l&eacute;o đi từ nội dung n&agrave;y đến nội dung kh&aacute;c tr&ecirc;n website.&nbsp; Hoặc c&oacute; thể do một số nguy&ecirc;n nh&acirc;n kh&aacute;c như website tải chậm, người d&ugrave;ng click v&agrave;o c&aacute;c link quảng c&aacute;o hoặc link out tr&ecirc;n b&agrave;i viết&hellip;</span></span></p>\r\n\r\n<p style=\"margin-left:0cm; margin-right:0cm; text-align:center\"><span style=\"font-size:16px\"><span style=\"font-family:Times New Roman,Times,serif\">H&igrave;nh 5</span></span></p>\r\n\r\n<p style=\"margin-left:0cm; margin-right:0cm\"><span style=\"font-size:16px\"><span style=\"font-family:Times New Roman,Times,serif\">Vậy, <strong>Tỷ lệ tho&aacute;t trang/tỷ lệ bounce rate bao nhi&ecirc;u l&agrave; được?</strong> v&agrave; bằng c&aacute;ch n&agrave;o để giảm tỷ lệ tho&aacute;t trang xuống. Mời c&aacute;c bạn đọc tiếp b&agrave;i viết n&agrave;y của t&ocirc;i.</span></span></p>\r\n\r\n<p style=\"margin-left:0cm; margin-right:0cm\"><span style=\"font-size:16px\"><span style=\"font-family:Times New Roman,Times,serif\">Hoặc nếu bạn kh&ocirc;ng c&oacute; thời gian để l&agrave;m cho nội dung v&agrave; website tốt l&ecirc;n, bạn c&oacute; thể tham khảo <a href=\"https://kinhdoanhinternet.com.vn/dich-vu-nhan-viet-bai-chuan-seo-thue\">dịch vụ viết b&agrave;i chuẩn SEO</a> của ch&uacute;ng t&ocirc;i. Với dịch vụ viết nội dung n&agrave;y ch&uacute;ng t&ocirc;i sẽ ph&acirc;n t&iacute;ch từ kh&oacute;a, chiến thuật li&ecirc;n kết nội bộ giữa c&aacute;c nội dung sẽ viết để gi&uacute;p nội dung tr&ecirc;n website của bạn được đầu tư khoa học v&agrave; c&oacute; hiệu quả.</span></span></p>\r\n\r\n<p style=\"margin-left:0cm; margin-right:0cm\"><span style=\"font-size:16px\"><span style=\"font-family:Times New Roman,Times,serif\">Trong b&agrave;i viết n&agrave;y t&ocirc;i chỉ trọng t&acirc;m l&agrave;m r&otilde; <strong>tỷ lệ tho&aacute;t trang l&agrave; g&igrave;? </strong>v&agrave; một số vấn đề c&oacute; li&ecirc;n quan đến kh&aacute;i niệm n&agrave;y. Cảm ơn c&aacute;c bạn đ&atilde; đọc b&agrave;i viết của t&ocirc;i.</span></span></p>\r\n\r\n<p style=\"margin-left:0cm; margin-right:0cm\">&nbsp;</p>\r\n', '', '', '', '', '', 0, 'en-ty-le-thoat-trang-la-gi-chi-so-nay-anh-huong-den-seo-nhu-the-nao', 'Tỷ lệ thoát trang là gì? Chỉ số này ảnh hướng đến SEO như thế nào', 'Tỷ lệ thoát trang hay bounce rate là một trong những yếu tố ảnh hưởng nhiều đến thứ hạng. Bài viết làm rõ tỷ lệ thoát trang là gì? và những vấn đề có liên quan', 'bounce rate là gì, tỷ lệ thoát trang là gì, tỷ lệ thoát trong google analytics, tỷ lệ thoát là gì, bounce rate la gi, tỷ lệ thoát trang, chỉ số bounce rate là gì, tỉ lệ bounce rate là gì, tỷ lệ thoát, bounce rate nghĩa là gì, bounce rate google analytics là gì, xem tỷ lệ thoát trang, tỷ lệ bounce rate là gì, bounce rate trong seo là gì');

-- --------------------------------------------------------

--
-- Table structure for table `optionsQ1`
--

CREATE TABLE `optionsQ1` (
  `optionsQ1_id` int(11) NOT NULL,
  `optionsQ1_value` varchar(255) COLLATE utf8_unicode_ci DEFAULT NULL
) ENGINE=InnoDB DEFAULT CHARSET=utf8 COLLATE=utf8_unicode_ci;

--
-- Dumping data for table `optionsQ1`
--

INSERT INTO `optionsQ1` (`optionsQ1_id`, `optionsQ1_value`) VALUES
(1, 'Đau rát'),
(2, 'Chảy máu khi đi vệ sinh'),
(3, 'Ngứa ngáy, khó chịu, ẩm ướt có mùi khó chịu'),
(4, 'Búi trĩ sa ra ngoài (nhìn hoặc sờ)'),
(5, 'Không có biểu hiện nào như trên');

-- --------------------------------------------------------

--
-- Table structure for table `optionsQ2`
--

CREATE TABLE `optionsQ2` (
  `optionsQ2_id` int(11) NOT NULL,
  `optionsQ2_value` varchar(255) COLLATE utf8_unicode_ci DEFAULT NULL
) ENGINE=InnoDB DEFAULT CHARSET=utf8 COLLATE=utf8_unicode_ci;

--
-- Dumping data for table `optionsQ2`
--

INSERT INTO `optionsQ2` (`optionsQ2_id`, `optionsQ2_value`) VALUES
(1, 'Có'),
(2, 'Không');

-- --------------------------------------------------------

--
-- Table structure for table `optionsQ3`
--

CREATE TABLE `optionsQ3` (
  `optionsQ3_id` int(11) NOT NULL,
  `optionsQ3_value` varchar(255) COLLATE utf8_unicode_ci DEFAULT NULL
) ENGINE=InnoDB DEFAULT CHARSET=utf8 COLLATE=utf8_unicode_ci;

--
-- Dumping data for table `optionsQ3`
--

INSERT INTO `optionsQ3` (`optionsQ3_id`, `optionsQ3_value`) VALUES
(1, 'Mới (đang bị)'),
(2, 'Lâu, tái đi tái lại'),
(3, 'Lâu, nhưng giờ đang bình thường');

-- --------------------------------------------------------

--
-- Table structure for table `optionsQ4`
--

CREATE TABLE `optionsQ4` (
  `optionsQ4_id` int(11) NOT NULL,
  `optionsQ4_value` varchar(255) COLLATE utf8_unicode_ci DEFAULT NULL
) ENGINE=InnoDB DEFAULT CHARSET=utf8 COLLATE=utf8_unicode_ci;

--
-- Dumping data for table `optionsQ4`
--

INSERT INTO `optionsQ4` (`optionsQ4_id`, `optionsQ4_value`) VALUES
(1, 'Máu dính trên giấy vệ sinh'),
(2, 'Máu dính trên phân hoặc nhỏ giọt'),
(3, 'Máu chảy thành tia'),
(4, 'Không thấy máu');

-- --------------------------------------------------------

--
-- Table structure for table `optionsQ5`
--

CREATE TABLE `optionsQ5` (
  `optionsQ5_id` int(11) NOT NULL,
  `optionsQ5_value` varchar(255) COLLATE utf8_unicode_ci DEFAULT NULL
) ENGINE=InnoDB DEFAULT CHARSET=utf8 COLLATE=utf8_unicode_ci;

--
-- Dumping data for table `optionsQ5`
--

INSERT INTO `optionsQ5` (`optionsQ5_id`, `optionsQ5_value`) VALUES
(1, 'Hơi đau, tức hậu môn, khó chịu'),
(2, 'Đau nhiều, rát. đỡ khi nằm'),
(3, 'Rất đau rát, đứng ngồi, nằm không yên'),
(4, 'Không đau, bình thường');

-- --------------------------------------------------------

--
-- Table structure for table `optionsQ6`
--

CREATE TABLE `optionsQ6` (
  `optionsQ6_id` int(11) NOT NULL,
  `optionsQ6_value` varchar(255) COLLATE utf8_unicode_ci DEFAULT NULL
) ENGINE=InnoDB DEFAULT CHARSET=utf8 COLLATE=utf8_unicode_ci;

--
-- Dumping data for table `optionsQ6`
--

INSERT INTO `optionsQ6` (`optionsQ6_id`, `optionsQ6_value`) VALUES
(1, 'Ít, lồi ra như hạt ngô'),
(2, 'Nhiều, lồi ra bằng 1/3 đốt ngón tay'),
(3, 'Rất nhiều, dài >2.5cm'),
(4, 'Không sa, bình thường');

-- --------------------------------------------------------

--
-- Table structure for table `optionsQ7`
--

CREATE TABLE `optionsQ7` (
  `optionsQ7_id` int(11) NOT NULL,
  `optionsQ7_value` varchar(255) COLLATE utf8_unicode_ci DEFAULT NULL
) ENGINE=InnoDB DEFAULT CHARSET=utf8 COLLATE=utf8_unicode_ci;

--
-- Dumping data for table `optionsQ7`
--

INSERT INTO `optionsQ7` (`optionsQ7_id`, `optionsQ7_value`) VALUES
(1, 'Không tự co vào được, ấn vào lại sa ra, hoặc rặn nhẹ là sa ra'),
(2, 'Tự co lên được sau khi ấn vào nhẹ');

-- --------------------------------------------------------

--
-- Table structure for table `optionsQ8`
--

CREATE TABLE `optionsQ8` (
  `optionsQ8_id` int(11) NOT NULL,
  `optionsQ8_value` varchar(255) COLLATE utf8_unicode_ci DEFAULT NULL
) ENGINE=InnoDB DEFAULT CHARSET=utf8 COLLATE=utf8_unicode_ci;

--
-- Dumping data for table `optionsQ8`
--

INSERT INTO `optionsQ8` (`optionsQ8_id`, `optionsQ8_value`) VALUES
(1, 'Khô, thoáng bình thường, không có dịch'),
(2, 'Hơi ẩm, ít mùi'),
(3, 'Ướt, có dịch vào đồ lót, mùi khó chịu');

-- --------------------------------------------------------

--
-- Table structure for table `optionsQ9`
--

CREATE TABLE `optionsQ9` (
  `optionsQ9_id` int(11) NOT NULL,
  `optionsQ9_value` varchar(255) COLLATE utf8_unicode_ci DEFAULT NULL
) ENGINE=InnoDB DEFAULT CHARSET=utf8 COLLATE=utf8_unicode_ci;

--
-- Dumping data for table `optionsQ9`
--

INSERT INTO `optionsQ9` (`optionsQ9_id`, `optionsQ9_value`) VALUES
(1, 'Có'),
(2, 'Không'),
(3, 'Có nhưng mức độ 3-4h/ngày');

-- --------------------------------------------------------

--
-- Table structure for table `orders`
--

CREATE TABLE `orders` (
  `orders_id` int(11) NOT NULL,
  `users_id` int(11) DEFAULT NULL,
  `session_id` varchar(255) COLLATE utf8_unicode_ci DEFAULT NULL,
  `orders_receiver_name` text COLLATE utf8_unicode_ci,
  `orders_receiver_email` text COLLATE utf8_unicode_ci,
  `orders_receiver_phone` text COLLATE utf8_unicode_ci,
  `orders_receiver_address` text COLLATE utf8_unicode_ci,
  `orders_receiver_note` text COLLATE utf8_unicode_ci,
  `orders_total_price` float DEFAULT NULL,
  `currency_id` int(11) DEFAULT NULL,
  `orders_created_date` datetime DEFAULT NULL,
  `orders_state` int(11) NOT NULL DEFAULT '1'
) ENGINE=InnoDB DEFAULT CHARSET=utf8 COLLATE=utf8_unicode_ci;

-- --------------------------------------------------------

--
-- Table structure for table `order_detail`
--

CREATE TABLE `order_detail` (
  `order_detail_id` int(11) NOT NULL,
  `order_id` int(11) DEFAULT NULL,
  `session_id` varchar(255) COLLATE utf8_unicode_ci DEFAULT NULL,
  `product_id` int(11) DEFAULT NULL,
  `order_detail_quantity` int(11) DEFAULT NULL,
  `order_detail_price` double DEFAULT NULL,
  `order_detail_note` text COLLATE utf8_unicode_ci,
  `state` int(11) NOT NULL DEFAULT '0',
  `product_name` text COLLATE utf8_unicode_ci,
  `currency_id` int(11) DEFAULT NULL
) ENGINE=InnoDB DEFAULT CHARSET=utf8 COLLATE=utf8_unicode_ci;

-- --------------------------------------------------------

--
-- Table structure for table `order_state`
--

CREATE TABLE `order_state` (
  `order_state_id` int(11) NOT NULL,
  `order_state_name` text COLLATE utf8_unicode_ci,
  `state` int(11) NOT NULL
) ENGINE=InnoDB DEFAULT CHARSET=utf8 COLLATE=utf8_unicode_ci;

--
-- Dumping data for table `order_state`
--

INSERT INTO `order_state` (`order_state_id`, `order_state_name`, `state`) VALUES
(1, 'Chờ xác nhận', 0),
(2, 'Đã xác nhận', 0),
(3, 'Chờ thanh toán', 0),
(4, 'Đã thanh toán', 0),
(5, 'Chờ gửi hàng', 0),
(6, '	\r\nHủy đơn hàng', 0),
(7, '	\r\nĐã chuyển hàng', 0);

-- --------------------------------------------------------

--
-- Table structure for table `page`
--

CREATE TABLE `page` (
  `page_id` int(11) NOT NULL,
  `page_name` text COLLATE utf8_unicode_ci,
  `page_des` text COLLATE utf8_unicode_ci,
  `page_content` longtext COLLATE utf8_unicode_ci,
  `page_img` text COLLATE utf8_unicode_ci,
  `page_created_date` datetime DEFAULT NULL,
  `page_update_date` datetime DEFAULT NULL,
  `state` int(11) NOT NULL DEFAULT '0',
  `page_sub_info1` longtext COLLATE utf8_unicode_ci,
  `page_sub_info2` longtext COLLATE utf8_unicode_ci,
  `page_sub_info3` longtext COLLATE utf8_unicode_ci,
  `page_sub_info4` longtext COLLATE utf8_unicode_ci,
  `page_sub_info5` longtext COLLATE utf8_unicode_ci,
  `keyword` text COLLATE utf8_unicode_ci,
  `title_seo` text COLLATE utf8_unicode_ci,
  `des_seo` text COLLATE utf8_unicode_ci,
  `friendly_url` text COLLATE utf8_unicode_ci,
  `created_id` int(11) DEFAULT NULL
) ENGINE=InnoDB DEFAULT CHARSET=utf8 COLLATE=utf8_unicode_ci;

--
-- Dumping data for table `page`
--

INSERT INTO `page` (`page_id`, `page_name`, `page_des`, `page_content`, `page_img`, `page_created_date`, `page_update_date`, `state`, `page_sub_info1`, `page_sub_info2`, `page_sub_info3`, `page_sub_info4`, `page_sub_info5`, `keyword`, `title_seo`, `des_seo`, `friendly_url`, `created_id`) VALUES
(35, 'Giới thiệu về chúng tôi', 'Chúng tôi là công ty chuyên cung cấp các dịch vụ Digital Marketing Online tổng thể. Tư vấn giải pháp Marketing online giúp tăng hiệu quả kinh doanh internet cho các doanh nghiệp trong thời đại công nghệ 4.0. Với đội ngũ được đào tạo phát triển bài bản, phong cách làm việc chuyên nghiệp, đơn vị chúng tôi được hiểu như Phòng Marketing Online thuê ngoài của nhiều công ty, cá nhân cần kinh doanh online nhưng không đủ tài chính và kỹ thuật để tổ chức và quản lý đội ngũ marketing riêng cho mình. Do vậy Thuê Marketing Online bên ngoài được xem là một giải pháp an toàn về đầu tư, hiệu quả về kỹ thuật, tiết kiệm chi phí và thời gian rất lớn cho các doanh nghiệp. Việc cần làm là hợp đồng, chúng tôi cam kết hiệu quả kinh doanh với bạn.', '<h2 style=\"text-align:justify\"><span style=\"color:#000000\"><span style=\"font-size:16px\"><span style=\"font-family:Times New Roman,Times,serif\">Bản sắc ri&ecirc;ng, dấu ấn ri&ecirc;ng, đ&oacute; ch&iacute;nh l&agrave; nền tảng vững chắc để&nbsp;<strong>kinhdoanhinternet.com.vn</strong>&nbsp;tạo dựng sự kh&aacute;c biệt, x&acirc;y dựng thương hiệu v&agrave; uy t&iacute;n tr&ecirc;n thị trường, trở th&agrave;nh đối t&aacute;c đ&aacute;ng tin cậy của mọi kh&aacute;ch h&agrave;ng, mọi doanh nghiệp.</span></span></span></h2>\r\n\r\n<h2 style=\"text-align:justify\"><span style=\"color:#c0392b\"><span style=\"font-size:18px\"><span style=\"font-family:Times New Roman,Times,serif\"><strong>Qu&aacute; tr&igrave;nh x&acirc;y dựng v&agrave; ph&aacute;t triển thương hiệu kinhdoanhinternet.com.vn</strong></span></span></span></h2>\r\n\r\n<p style=\"text-align:justify\"><span style=\"color:#000000\"><span style=\"font-size:16px\"><span style=\"font-family:Times New Roman,Times,serif\"><strong>kinhdoanhinternet.com.vn&nbsp;</strong>với sự nỗ lực của tập thể c&aacute;n bộ, nh&acirc;n vi&ecirc;n trong c&ocirc;ng ty c&ugrave;ng đường lối ph&aacute;t triển đ&uacute;ng đắn v&agrave; hợp l&yacute;, <strong>kinhdoanhinternet.com.vn&nbsp;</strong>đ&atilde; dần đạt được nhiều th&agrave;nh tựu đ&aacute;ng tự h&agrave;o, l&agrave; đơn vị truyền th&ocirc;ng v&agrave; c&ocirc;ng nghệ c&oacute; uy t&iacute;n, được nhiều kh&aacute;ch h&agrave;ng, doanh nghiệp tr&ecirc;n khắp cả nước tin tưởng hợp t&aacute;c.</span></span></span></p>\r\n\r\n<h2 style=\"text-align:justify\"><span style=\"color:#c0392b\"><span style=\"font-size:18px\"><span style=\"font-family:Times New Roman,Times,serif\"><strong>Lĩnh vực hoạt động kinh doanh của kinhdoanhinternet.com.vn</strong></span></span></span></h2>\r\n\r\n<p style=\"text-align:justify\"><span style=\"color:#000000\"><span style=\"font-size:16px\"><span style=\"font-family:Times New Roman,Times,serif\">Nhận thức được tầm quan trọng của c&aacute;c dịch vụ truyền th&ocirc;ng v&agrave; c&ocirc;ng nghệ trong sự ph&aacute;t triển của nền kinh tế n&oacute;i chung, của c&aacute;c doanh nghiệp n&oacute;i ri&ecirc;ng,&nbsp;<strong>kinhdoanhinternet.com.vn</strong>&nbsp;cung cấp c&aacute;c dịch vụ hỗ trợ truyền th&ocirc;ng &ndash; c&ocirc;ng nghệ gần gũi đến với kh&aacute;ch h&agrave;ng như:</span></span></span></p>\r\n\r\n<p style=\"text-align:justify\"><span style=\"color:#000000\"><span style=\"font-size:16px\"><span style=\"font-family:Times New Roman,Times,serif\">&minus;&nbsp;&nbsp;&nbsp;&nbsp; Marketing online to&agrave;n diện &ndash; quảng c&aacute;o</span></span></span></p>\r\n\r\n<p style=\"text-align:justify\"><span style=\"color:#000000\"><span style=\"font-size:16px\"><span style=\"font-family:Times New Roman,Times,serif\">&minus;&nbsp;&nbsp;&nbsp;&nbsp; SEO</span></span></span></p>\r\n\r\n<p style=\"text-align:justify\"><span style=\"color:#000000\"><span style=\"font-size:16px\"><span style=\"font-family:Times New Roman,Times,serif\">&minus;&nbsp;&nbsp;&nbsp;&nbsp; Thiết kế website</span></span></span></p>\r\n\r\n<p style=\"text-align:justify\"><span style=\"color:#000000\"><span style=\"font-size:16px\"><span style=\"font-family:Times New Roman,Times,serif\">&minus;&nbsp;&nbsp;&nbsp;&nbsp; Thiết kế email marketing</span></span></span></p>\r\n\r\n<p style=\"text-align:justify\"><span style=\"color:#000000\"><span style=\"font-size:16px\"><span style=\"font-family:Times New Roman,Times,serif\">&minus;&nbsp;&nbsp;&nbsp;&nbsp; Thiết kế đồ họa</span></span></span></p>\r\n\r\n<p style=\"text-align:justify\"><span style=\"color:#000000\"><span style=\"font-size:16px\"><span style=\"font-family:Times New Roman,Times,serif\">&minus;&nbsp;&nbsp;&nbsp;&nbsp; Quản trị mạng x&atilde; hội</span></span></span></p>\r\n\r\n<p style=\"text-align:justify\"><span style=\"color:#000000\"><span style=\"font-size:16px\"><span style=\"font-family:Times New Roman,Times,serif\">&minus;&nbsp;&nbsp;&nbsp;&nbsp; Quản trị website;&hellip;</span></span></span></p>\r\n\r\n<p style=\"text-align:justify\"><span style=\"color:#000000\"><span style=\"font-size:16px\"><span style=\"font-family:Times New Roman,Times,serif\">C&aacute;c dịch vụ m&agrave;&nbsp;<strong>kinhdoanhinternet.com.vn</strong>&nbsp;kinh doanh kh&ocirc;ng hẳn l&agrave; những lĩnh vực qu&aacute; mới mẻ tại Việt Nam, tuy nhi&ecirc;n hầu hết doanh nghiệp vừa v&agrave; nhỏ&nbsp;chưa thực sự đầu từ b&agrave;i b&agrave;n, chưa đầu tư xứng đ&aacute;ng với&nbsp;tầm quan trọng của c&aacute;c dịch vụ truyền th&ocirc;ng v&agrave; c&ocirc;ng nghệ n&agrave;y. </span></span></span></p>\r\n\r\n<p style=\"text-align:justify\"><span style=\"color:#000000\"><span style=\"font-size:16px\"><span style=\"font-family:Times New Roman,Times,serif\">Với tư c&aacute;ch của một doanh nghiệp trẻ, ch&uacute;ng t&ocirc;i hiểu r&otilde; hơn hết sức mạnh của truyền th&ocirc;ng, của c&ocirc;ng nghệ, của c&aacute;c dịch vụ hỗ trợ đầy tiện &iacute;ch n&agrave;y đối với sự ph&aacute;t triển của từng doanh nghiệp, đối với khả năng th&agrave;nh c&ocirc;ng của mỗi kh&aacute;ch h&agrave;ng.</span></span></span></p>\r\n\r\n<p style=\"text-align:justify\"><span style=\"color:#000000\"><span style=\"font-size:16px\"><span style=\"font-family:Times New Roman,Times,serif\">Ch&iacute;nh từ sự nhận thức ấy,&nbsp;<strong>kinhdoanhinternet.com.vn</strong>&nbsp;lu&ocirc;n biết c&aacute;ch mang đến cho kh&aacute;ch h&agrave;ng, cho doanh nghiệp những dịch vụ với chất lượng tốt nhất, chinh phục đối t&aacute;c của m&igrave;nh bởi hiệu quả c&ocirc;ng việc, bởi v&ocirc; số lợi &iacute;ch kh&aacute;ch h&agrave;ng được hưởng khi sử dụng dịch vụ của&nbsp;<strong>kinhdoanhinternet.com.vn</strong>.</span></span></span></p>\r\n\r\n<h2 style=\"text-align:justify\"><span style=\"color:#c0392b\"><span style=\"font-size:18px\"><span style=\"font-family:Times New Roman,Times,serif\"><strong>Tầm nh&igrave;n v&agrave; xứ mệnh của kinhdoanhinternet.com.vn</strong></span></span></span></h2>\r\n\r\n<p style=\"text-align:justify\"><span style=\"color:#000000\"><span style=\"font-size:16px\"><span style=\"font-family:Times New Roman,Times,serif\">Truyền th&ocirc;ng v&agrave; c&ocirc;ng nghệ lu&ocirc;n c&oacute; sự biến đổi kh&ocirc;ng ngừng, c&aacute;c lĩnh vực n&agrave;y đang dần trở th&agrave;nh một phần kh&ocirc;ng thể thiếu của cuộc sống thường ng&agrave;y, của tiến bộ văn minh nh&acirc;n loại. </span></span></span></p>\r\n\r\n<p style=\"text-align:justify\"><span style=\"color:#000000\"><span style=\"font-size:16px\"><span style=\"font-family:Times New Roman,Times,serif\">Sự đổi mới li&ecirc;n tục của c&ocirc;ng nghệ, của truyền th&ocirc;ng đ&ograve;i hỏi bất cứ doanh nghiệp n&agrave;o kinh doanh trong lĩnh vực n&agrave;y cũng đều phải vận động, nỗ lực kh&ocirc;ng ngừng nghỉ. <strong>kinhdoanhinternet.com.vn</strong> &yacute; thức r&otilde; điều n&agrave;y.</span></span></span></p>\r\n\r\n<p style=\"text-align:justify\"><span style=\"color:#000000\"><span style=\"font-size:16px\"><span style=\"font-family:Times New Roman,Times,serif\">Ch&iacute;nh v&igrave; vậy, ch&uacute;ng t&ocirc;i lu&ocirc;n kh&ocirc;ng ngừng nỗ lực, cải thiện hơn nữa chất lượng dịch vụ, ứng dụng c&aacute;c c&ocirc;ng nghệ mới hiệu quả hơn cho c&ocirc;ng việc, l&agrave;m h&agrave;i l&ograve;ng kh&aacute;ch h&agrave;ng bởi những dịch vụ với chất lượng tốt nhất.</span></span></span></p>\r\n\r\n<p style=\"text-align:center\"><span style=\"color:#000000\"><span style=\"font-size:16px\"><span style=\"font-family:Times New Roman,Times,serif\">Mang đến những dịch vụ truyền th&ocirc;ng, c&ocirc;ng nghệ chất lượng nhất phục vụ nhu cầu của kh&aacute;ch h&agrave;ng, đ&aacute;p ứng nhu cầu ng&agrave;y c&agrave;ng cao của kh&aacute;ch h&agrave;ng trong thời kỳ c&ocirc;ng nghệ hiện địa như hiện nay ch&iacute;nh l&agrave; sứ mệnh, l&agrave; mục ti&ecirc;u m&agrave; <strong>kinhdoanhinternet.com.vn</strong> lu&ocirc;n hướng đến. </span></span></span></p>\r\n\r\n<p style=\"text-align:justify\"><span style=\"color:#000000\"><span style=\"font-size:16px\"><span style=\"font-family:Times New Roman,Times,serif\">Sự h&agrave;i l&ograve;ng, phản hồi t&iacute;ch cực từ ph&iacute;a kh&aacute;ch h&agrave;ng, doanh nghiệp sau khi sử dụng dịch vụ của&nbsp;<strong>kinhdoanhinternet.com.vn</strong>&nbsp;ch&iacute;nh l&agrave; th&agrave;nh c&ocirc;ng v&agrave; l&agrave; niềm hạnh ph&uacute;c lớn nhất của ch&uacute;ng t&ocirc;i.</span></span></span></p>\r\n\r\n<h2 style=\"text-align:justify\"><span style=\"color:#c0392b\"><span style=\"font-size:18px\"><span style=\"font-family:Times New Roman,Times,serif\"><strong>Bảo đảm quyền lợi tối đa cho kh&aacute;ch h&agrave;ng v&agrave; đối t&aacute;c kinh doanh</strong></span></span></span></h2>\r\n\r\n<p style=\"text-align:justify\"><span style=\"color:#000000\"><span style=\"font-size:16px\"><span style=\"font-family:Times New Roman,Times,serif\">Sự tin tưởng, phối hợp hiệu quả với nhau ch&iacute;nh l&agrave; ch&igrave;a kh&oacute;a quan trọng nhất đưa đến th&agrave;nh c&ocirc;ng cho mọi qu&aacute; tr&igrave;nh hợp t&aacute;c kinh doanh. <strong>kinhdoanhinternet.com.vn</strong> lu&ocirc;n d&agrave;nh sự t&ocirc;n trọng cao nhất cho mọi đối t&aacute;c của m&igrave;nh.</span></span></span></p>\r\n\r\n<p style=\"text-align:justify\"><span style=\"color:#000000\"><span style=\"font-size:16px\"><span style=\"font-family:Times New Roman,Times,serif\"><strong>kinhdoanhinternet.com.vn&nbsp; </strong>tu&acirc;n thủ cam kết, hợp đồng kinh doanh, ho&agrave;n th&agrave;nh tốt nhất mọi nghĩa vụ của m&igrave;nh, hợp t&aacute;c thiện ch&iacute;, hỗ trợ đối t&aacute;c, kh&aacute;ch h&agrave;ng ho&agrave;n thiện hợp đồng kinh doanh.</span></span></span></p>\r\n\r\n<p style=\"text-align:justify\"><span style=\"color:#000000\"><span style=\"font-size:16px\"><span style=\"font-family:Times New Roman,Times,serif\"><strong>kinhdoanhinternet.com.vn</strong>&nbsp;lu&ocirc;n đặt lợi &iacute;ch của kh&aacute;ch h&agrave;ng l&ecirc;n h&agrave;ng đầu, tr&ecirc;n cả nguồn lợi nhuận m&agrave; c&ocirc;ng ty đạt được, bởi ch&uacute;ng t&ocirc;i hiểu r&otilde;, chỉ khi kh&aacute;ch h&agrave;ng an t&acirc;m, h&agrave;i l&ograve;ng khi sử dụng dịch vụ của c&ocirc;ng ty,&nbsp;<strong>kinhdoanhinternet.com.vn</strong>&nbsp;mới thực sự c&oacute; được cơ hội để tiếp tục ph&aacute;t triển, tiếp tục gặt h&aacute;i được th&agrave;nh c&ocirc;ng.</span></span></span></p>\r\n\r\n<p style=\"text-align:justify\"><span style=\"color:#000000\"><span style=\"font-size:16px\"><span style=\"font-family:Times New Roman,Times,serif\">Với dịch vụ hỗ trợ marketing, trong khi đại đa số c&ocirc;ng ty kinh doanh dịch vụ n&agrave;y chỉ t&igrave;m c&aacute;ch ho&agrave;n th&agrave;nh c&ocirc;ng việc trong hợp đồng, rồi sau đ&oacute; kh&ocirc;ng cần quan t&acirc;m g&igrave; th&ecirc;m đến doanh nghiệp đối t&aacute;c của m&igrave;nh th&igrave; <strong>kinhdoanhinternet.com.vn</strong> lu&ocirc;n l&agrave;m điều ngược lại.</span></span></span></p>\r\n\r\n<p style=\"text-align:justify\"><span style=\"color:#000000\"><span style=\"font-size:16px\"><span style=\"font-family:Times New Roman,Times,serif\">Ch&uacute;ng t&ocirc;i lu&ocirc;n đưa ra những hướng dẫn, tư vấn, chia sẻ tỉ mỉ nhất để kh&aacute;ch h&agrave;ng c&oacute; thể tự kiểm so&aacute;t, tự thực hiện c&ocirc;ng việc marketing cho m&igrave;nh, bảo đảm kể cả khi hợp đồng với&nbsp;<strong>Kinh Doanh Internet</strong>&nbsp;đ&atilde; kết th&uacute;c, kh&aacute;ch h&agrave;ng vẫn sẽ tự thực hiện tốt c&ocirc;ng việc kinh doanh của m&igrave;nh.</span></span></span></p>\r\n\r\n<h2 style=\"text-align:justify\"><span style=\"color:#c0392b\"><span style=\"font-size:18px\"><span style=\"font-family:Times New Roman,Times,serif\"><strong>Thế mạnh từ đội ngũ nh&acirc;n vi&ecirc;n trẻ, gi&agrave;u nhiệt huyết v&agrave; đam m&ecirc;</strong></span></span></span></h2>\r\n\r\n<p style=\"text-align:justify\"><span style=\"color:#000000\"><span style=\"font-size:16px\"><span style=\"font-family:Times New Roman,Times,serif\"><strong>kinhdoanhinternet.com.vn</strong>&nbsp;sở hữu đội ngũ nh&acirc;n vi&ecirc;n trẻ trung, nhiệt huyết, đam m&ecirc; với c&ocirc;ng việc, chuy&ecirc;n m&ocirc;n được đ&agrave;o tạo b&agrave;i bản, đ&aacute;p ứng một c&aacute;ch tối đa y&ecirc;u cầu c&ocirc;ng việc được giao, mang đến những dịch vụ với chất lượng tốt nhất phục vụ kh&aacute;ch h&agrave;ng.</span></span></span></p>\r\n\r\n<p style=\"text-align:center\"><span style=\"color:#000000\"><span style=\"font-size:16px\"><span style=\"font-family:Times New Roman,Times,serif\"><img alt=\"gioi-thieu-kinh-doanh-internet\" height=\"550\" src=\"/image/images/gioi-thieu-cong-ty-kinh-doanh-internet.JPG\" width=\"900\" /></span></span></span></p>\r\n\r\n<p style=\"text-align:center\"><span style=\"color:#000000\"><span style=\"font-size:16px\"><span style=\"font-family:Times New Roman,Times,serif\"><em>Đội ngũ nh&acirc;n vi&ecirc;n trẻ trung, nhiệt huyết, đam m&ecirc; với c&ocirc;ng việc của&nbsp;</em><strong>kinhdoanhinternet.com.vn</strong></span></span></span></p>\r\n\r\n<p style=\"text-align:justify\"><span style=\"color:#000000\"><span style=\"font-size:16px\"><span style=\"font-family:Times New Roman,Times,serif\">Phong c&aacute;ch l&agrave;m việc chuy&ecirc;n nghiệp, tr&aacute;ch nhiệm cao, sự đo&agrave;n kết, thống nhất lu&ocirc;n l&agrave; ưu ti&ecirc;n được <strong>kinhdoanhinternet.com.vn&nbsp;</strong>hướng đến h&agrave;ng đầu. </span></span></span></p>\r\n\r\n<p style=\"text-align:justify\"><span style=\"color:#000000\"><span style=\"font-size:16px\"><span style=\"font-family:Times New Roman,Times,serif\">Sự đo&agrave;n kết c&ugrave;ng hướng về ph&iacute;a trước của tập thể chuy&ecirc;n vi&ecirc;n, nh&acirc;n vi&ecirc;n trong c&ocirc;ng ty để đi đến th&agrave;nh c&ocirc;ng, kiến tạo gi&aacute; trị vững bền của c&ocirc;ng ty ch&iacute;nh l&agrave; mục ti&ecirc;u m&agrave; <strong>kinhdoanhinternet.com.vn</strong> hướng tới đ&uacute;ng như h&igrave;nh ảnh logo m&agrave; ch&uacute;ng t&ocirc;i đ&atilde; x&acirc;y dựng.</span></span></span></p>\r\n\r\n<p style=\"text-align:justify\"><span style=\"color:#000000\"><span style=\"font-size:16px\"><span style=\"font-family:Times New Roman,Times,serif\">C&ugrave;ng với đ&oacute;,&nbsp;<strong>kinhdoanhinternet.com.vn</strong>&nbsp;lu&ocirc;n hướng đến việc x&acirc;y dựng bản sắc ri&ecirc;ng cho c&ocirc;ng ty, đ&acirc;y ch&iacute;nh l&agrave; sự kh&aacute;c biệt, l&agrave; dấu ấn ri&ecirc;ng m&agrave; mọi kh&aacute;ch h&agrave;ng, mọi đối t&aacute;c sẽ lu&ocirc;n nhớ đến khi hợp t&aacute;c c&ugrave;ng&nbsp;<strong>kinhdoanhinternet.com.vn</strong>. </span></span></span></p>\r\n\r\n<p style=\"text-align:justify\"><span style=\"color:#000000\"><span style=\"font-size:16px\"><span style=\"font-family:Times New Roman,Times,serif\">Th&agrave;nh c&ocirc;ng bởi sự kh&aacute;c biệt &ndash; đ&oacute; vừa l&agrave; slogan của c&ocirc;ng ty, vừa l&agrave; mục ti&ecirc;u phấn đấu, l&agrave; động lực để tập thể c&aacute;n bộ, nh&acirc;n vi&ecirc;n trong c&ocirc;ng ty tiếp tục cố gắng, nỗ lực hơn nữa, mang lại thật nhiều sự h&agrave;i l&ograve;ng cho kh&aacute;ch h&agrave;ng, đối t&aacute;c.</span></span></span></p>\r\n\r\n<h3 style=\"text-align:center\"><span style=\"font-size:18px\"><span style=\"color:#000000\"><span style=\"font-family:Times New Roman,Times,serif\"><strong>TH&Ocirc;NG TIN LI&Ecirc;N HỆ:</strong></span></span></span></h3>\r\n\r\n<p style=\"text-align:center\"><span style=\"color:#c0392b\"><span style=\"font-size:18px\"><span style=\"font-family:Times New Roman,Times,serif\"><strong>Hotline</strong></span></span><span style=\"font-size:16px\"><span style=\"font-family:Times New Roman,Times,serif\"><strong>:</strong></span></span></span><span style=\"color:#000000\"><span style=\"font-size:16px\"><span style=\"font-family:Times New Roman,Times,serif\">&nbsp;<em>097.337.8669</em></span></span></span></p>\r\n\r\n<p style=\"text-align:center\"><span style=\"font-size:18px\"><span style=\"color:#c0392b\"><span style=\"font-family:Times New Roman,Times,serif\"><strong>Email</strong></span></span></span><span style=\"color:#000000\"><span style=\"font-size:16px\"><span style=\"font-family:Times New Roman,Times,serif\">: kinhdoanhinternetvn@gmail.com</span></span></span></p>\r\n\r\n<p style=\"text-align:center\"><span style=\"color:#000000\"><span style=\"font-size:16px\"><span style=\"font-family:Times New Roman,Times,serif\"><strong><img alt=\"\" height=\"20\" src=\"/image/images/gps.png\" width=\"20\" />&nbsp;</strong></span></span><span style=\"font-size:18px\"><span style=\"font-family:Times New Roman,Times,serif\"><strong>Địa chỉ:</strong></span></span><span style=\"font-size:16px\"><span style=\"font-family:Times New Roman,Times,serif\">&nbsp; Số 11, Ngh&aacute;ch 249, Ng&otilde; 211 Khương Trung, Khương Đ&igrave;nh, Thanh Xu&acirc;n, H&agrave; Nội.</span></span></span></p>\r\n\r\n<p style=\"text-align:center\"><span style=\"color:#000000; font-family:Times New Roman,Times,serif\"><span style=\"font-size:16px\"><strong><img alt=\"\" height=\"20\" src=\"/image/images/gps.png\" width=\"20\" /></strong></span></span></p>\r\n', 'gioi-thieu-cong-ty-truyen-thong-kinh-doanh-internet.JPG', '2017-05-11 16:05:22', '2019-03-21 17:03:56', 1, '', '', '', '', '', 'kinhdoanhinternet.com.vn', 'Về chúng tôi', 'Chúng tôi chuyên tư vấn giải pháp Digital Marketing Online tổng thể - quảng cáo, seo, thiết kế website, email marketing, thiết kế đồ họa, quản trị mạng xã hội, quản trị website,…', 'gioi-thieu', 1),
(36, '“Không đùa được” với viên sủi uống trắng da Newglow C', '', '<p style=\"margin-left:0cm; margin-right:0cm\"><span style=\"font-size:12pt\"><span style=\"font-family:&quot;Times New Roman&quot;,serif\"><span style=\"font-size:14.0pt\">Ch&agrave;o c&aacute;c bạn! Dạo n&agrave;y m&igrave;nh kh&aacute; bận n&ecirc;n kh&ocirc;ng c&oacute; thời gian viết b&agrave;i chia sẻ cho mọi người. H&ocirc;m nay m&igrave;nh d&agrave;nh một tối để viết b&agrave;i chia sẻ thật chi tiết cho c&aacute;c chị em vế c&aacute;ch l&agrave;m trắng da an to&agrave;n m&agrave; hiệu quả. Kh&ocirc;ng phải ngẫu nhi&ecirc;n h&ocirc;m nay m&igrave;nh viết chủ đề n&agrave;y, v&igrave; th&aacute;ng vừa rồi m&igrave;nh d&ugrave;ng 1 sản phẩm l&agrave;m trắng da Newglow C th&iacute;ch qu&aacute; n&ecirc;n muốn chia sẻ để c&aacute;c chị em m&igrave;nh y&ecirc;n t&acirc;m khi d&ugrave;ng sản phẩm n&agrave;y. Về độ nổi tiếng th&igrave; kh&ocirc;ng phải b&agrave;n với Newglow C rồi nh&eacute; c&aacute;c chị em. Từ từ c&aacute;c chị em sẽ được kh&aacute;m ph&aacute; trong b&agrave;i viết n&agrave;y của m&igrave;nh.</span></span></span></p>\r\n\r\n<p style=\"margin-left:0cm; margin-right:0cm\">&nbsp;</p>\r\n\r\n<p style=\"margin-left:0cm; margin-right:0cm\"><span style=\"font-size:12pt\"><span style=\"font-family:&quot;Times New Roman&quot;,serif\"><span style=\"font-size:14.0pt\">Để l&agrave;m trắng da, c&aacute;c chị em c&oacute; nhiều c&aacute;ch l&agrave;m. C&aacute;c chị em ở tầm độ tuổi 30 như m&igrave;nh, khi <span style=\"background-color:white\">nếp nhăn bắt đầu xuất hiện tr&ecirc;n khu&ocirc;n mặt, da mất dần độ đ&agrave;n hồi</span> th&igrave; c&aacute;c chị em cũng bắt đầu t&igrave;m hiểu kỹ hơn để chăm s&oacute;c l&agrave;m da cho m&igrave;nh. Ở độ tuổi từ 20 trở đi, chị em đ&atilde; phải n&ecirc;n nghĩ đến việc d&ugrave;ng những sản phẩm ngo&agrave;i t&aacute;c dụng l&agrave;m trắng da c&ograve;n phải c&oacute; t&aacute;c d&ugrave;ng ngăn ngừa v&agrave; l&agrave;m chậm qu&aacute; tr&igrave;nh l&atilde;o h&oacute;a da. M&igrave;nh đ&atilde; thử gần như tất cả mọi thứ: c&aacute;c loại kem, mặt nạ, sữa dưỡng - từ loại đắt tiền nhất đến những loại cơ bản hay b&agrave;y b&aacute;n trong si&ecirc;u thị nh&igrave;n chung l&agrave; c&oacute; t&aacute;c dụng nhưng cũng kh&ocirc;ng cảm thấy kh&aacute;c biệt g&igrave; nhiều. Sau đ&oacute;, m&igrave;nh t&igrave;m đến c&aacute;c chuy&ecirc;n gia Spa, thẩm mỹ viện...</span> Sau nhiều giờ l&agrave;m massage, lột da chết, ti&ecirc;m, m&igrave;nh thấy c&oacute; ch&uacute;t t&aacute;c dụng đấy. Nhưng nhờ đi l&agrave;m đẹp như vậy, m&igrave;nh nhận ra như thế n&agrave;y m&igrave;nh sẽ m&atilde;i m&atilde;i phụ thuộc v&agrave;o c&aacute;c phương ph&aacute;p điều trị, đ&oacute; kh&ocirc;ng phải l&agrave; giải ph&aacute;p l&acirc;u d&agrave;i. Hơn nữa, bản chất c&aacute;c thẩm mỹ viện họ hướng đến thu nhập của họ, chứ t&acirc;m điểm kh&ocirc;ng phải kh&aacute;ch h&agrave;ng.</span></span></p>\r\n\r\n<p style=\"margin-left:0cm; margin-right:0cm\">&nbsp;</p>\r\n\r\n<p style=\"margin-left:0cm; margin-right:0cm; text-align:justify\"><span style=\"font-size:12pt\"><span style=\"background-color:white\"><span style=\"font-family:&quot;Times New Roman&quot;,serif\"><span style=\"font-size:14.0pt\">Để ngăn l&atilde;o h&oacute;a da sớm v&agrave; duy tr&igrave; n&eacute;t tươi tươi trẻ, chị em cần c&oacute; giải ph&aacute;p can thiệp từ gốc rễ v&agrave; tr&uacute;ng đ&iacute;ch.&nbsp;<a href=\"http://neuglowc-vn.fastbuy.biz/?click_id=5cb84de241195300415fd18f&amp;aff_sub1=&amp;aff_sub2=&amp;aff_sub3=&amp;aff_sub4=&amp;aff_sub5=&amp;fb_pixel_id=&amp;opid=GovCtIrLQ-BmlHfmIa87bs-OHaNVkxDQY9hzUZbBFLU\" style=\"color:blue; text-decoration:underline\">Sau nhiều nghi&ecirc;n cứu, c&aacute;c nh&agrave; khoa học đ&atilde; nhận định rằng Glutathione l&agrave; yếu tố quan trọng v&agrave; kh&ocirc;ng thể thiếu cho da</a>&nbsp;bởi Glutathione l&agrave; chất oxy h&oacute;a quan trọng gi&uacute;p tế b&agrave;o melanocytes tổng hợp tạo ra sắc tố melanin trắng, thay cho việc tạo th&agrave;nh sắc tố melanin đen, bảo vệ da trước t&aacute;c hại của tia bức xa UV khi tiếp x&uacute;c với &aacute;nh nắng mặt trời. Từ đ&oacute;, gi&uacute;p da trắng s&aacute;ng v&agrave; đều m&agrave;u, chống lại những t&aacute;c nh&acirc;n xấu từ m&ocirc;i trường.</span></span></span></span></p>\r\n\r\n<p style=\"margin-left:0cm; margin-right:0cm; text-align:justify\"><span style=\"font-size:12pt\"><span style=\"background-color:white\"><span style=\"font-family:&quot;Times New Roman&quot;,serif\"><span style=\"font-size:14.0pt\">B&ecirc;n cạnh đ&oacute;, Glutathione c&ograve;n c&oacute; thể loại bỏ c&aacute;c gốc tự do, bảo vệ ty thể v&agrave; m&agrave;ng tế b&agrave;o, thanh lọc độc tố v&agrave; kim loại nặng hấp thụ mỗi ng&agrave;y, gi&uacute;p da khỏe mạnh, loại bỏ c&aacute;c v&ugrave;ng th&ocirc; r&aacute;p. Nhờ đ&oacute;, l&agrave;n da dần lấy lại vẻ mềm mịn, căng s&aacute;ng.</span></span></span></span></p>\r\n\r\n<p style=\"margin-left:0cm; margin-right:0cm; text-align:justify\"><span style=\"font-size:12pt\"><span style=\"background-color:white\"><span style=\"font-family:&quot;Times New Roman&quot;,serif\"><span style=\"font-size:14.0pt\">Trước t&aacute;c động nội v&agrave; ngoại sinh, cơ thể kh&ocirc;ng sản sinh đủ lượng Glutathione cần thiết. Do đ&oacute;, cần c&oacute; phương ph&aacute;p bổ sung Glutathione. Tuy nhi&ecirc;n, bổ sung bằng c&aacute;ch n&agrave;o để đem lại hiệu quả cho l&agrave;n da l&agrave; băn khoăn của nhiều chị em.&nbsp;<a href=\"http://neuglowc-vn.fastbuy.biz/?click_id=5cb84de241195300415fd18f&amp;aff_sub1=&amp;aff_sub2=&amp;aff_sub3=&amp;aff_sub4=&amp;aff_sub5=&amp;fb_pixel_id=&amp;opid=GovCtIrLQ-BmlHfmIa87bs-OHaNVkxDQY9hzUZbBFLU\" style=\"color:blue; text-decoration:underline\">Nhiều chuy&ecirc;n gia gợi &yacute; ph&aacute;i đẹp sử dụng L-Glutathione dạng sủi - hấp thụ qua đường ruột, cho hiệu quả nhanh, lại an to&agrave;n tuyệt đối.</a></span></span></span></span></p>\r\n\r\n<p style=\"margin-left:0cm; margin-right:0cm\">&nbsp;</p>\r\n\r\n<p style=\"margin-left:0cm; margin-right:0cm; text-align:justify\"><span style=\"font-size:12pt\"><span style=\"background-color:white\"><span style=\"font-family:&quot;Times New Roman&quot;,serif\"><span style=\"font-size:14.0pt\">Tr&ecirc;n cơ sở nghi&ecirc;n cứu tr&ecirc;n, vi&ecirc;n uống dạng sủi&nbsp;<strong><a href=\"http://neuglowc-vn.fastbuy.biz/?click_id=5cb84de241195300415fd18f&amp;aff_sub1=&amp;aff_sub2=&amp;aff_sub3=&amp;aff_sub4=&amp;aff_sub5=&amp;fb_pixel_id=&amp;opid=GovCtIrLQ-BmlHfmIa87bs-OHaNVkxDQY9hzUZbBFLU\" style=\"color:blue; text-decoration:underline\">Neuglow C</a></strong>&nbsp;ra đời với sự kết hợp L-Glutathione v&agrave; vitamin C c&oacute; t&aacute;c dụng tạo hiệu ứng sinh l&yacute; gi&uacute;p da trắng s&aacute;ng, l&agrave;m chậm qu&aacute; tr&igrave;nh l&atilde;o ho&aacute;. Vitamin C gi&uacute;p Glutathione c&oacute; t&aacute;c dụng l&acirc;u d&agrave;i, tăng khả năng v&ocirc; hiệu h&oacute;a c&aacute;c gốc tự do g&acirc;y hại. Giải ph&aacute;p n&agrave;y c&ograve;n hỗ trợ tăng cường hệ miễn dịch của cơ thể, đem đến l&agrave;n da mới s&aacute;ng dần từ b&ecirc;n trong.</span></span></span></span></p>\r\n\r\n<p style=\"margin-left:0cm; margin-right:0cm; text-align:justify\"><span style=\"font-size:12pt\"><span style=\"background-color:white\"><span style=\"font-family:&quot;Times New Roman&quot;,serif\"><span style=\"font-size:14.0pt\">Ngo&agrave;i ra, để duy tr&igrave; l&agrave;n da trắng s&aacute;ng, mịn m&agrave;ng l&acirc;u d&agrave;i, bạn cần uống nhiều nước, ăn nhiều rau xanh v&agrave; tr&aacute;i c&acirc;y, hạn chế c&aacute;c chất ngọt, b&eacute;o; tr&aacute;nh stress, thức khuya; bảo vệ l&agrave;n da khi ra nắng...</span></span></span></span></p>\r\n\r\n<p style=\"margin-left:0cm; margin-right:0cm; text-align:justify\"><span style=\"font-size:12pt\"><span style=\"background-color:white\"><span style=\"font-family:&quot;Times New Roman&quot;,serif\"><span style=\"font-size:14.0pt\">M&igrave;nh đ&atilde; uống <a href=\"http://neuglowc-vn.fastbuy.biz/?click_id=5cb84de241195300415fd18f&amp;aff_sub1=&amp;aff_sub2=&amp;aff_sub3=&amp;aff_sub4=&amp;aff_sub5=&amp;fb_pixel_id=&amp;opid=GovCtIrLQ-BmlHfmIa87bs-OHaNVkxDQY9hzUZbBFLU\" style=\"color:blue; text-decoration:underline\">Neuglow C</a> 1 th&aacute;ng nay v&agrave; thấy rất hiệu quả vừa tiết kiệm, nhanh gọn v&agrave; an to&agrave;n. N&oacute;i về độ nổi tiếng v&agrave; uy t&iacute;n của <a href=\"http://neuglowc-vn.fastbuy.biz/?click_id=5cb84de241195300415fd18f&amp;aff_sub1=&amp;aff_sub2=&amp;aff_sub3=&amp;aff_sub4=&amp;aff_sub5=&amp;fb_pixel_id=&amp;opid=GovCtIrLQ-BmlHfmIa87bs-OHaNVkxDQY9hzUZbBFLU\" style=\"color:blue; text-decoration:underline\">Neuglow C</a> th&igrave; kh&ocirc;ng phải b&agrave;n. <a href=\"http://neuglowc-vn.fastbuy.biz/?click_id=5cb84de241195300415fd18f&amp;aff_sub1=&amp;aff_sub2=&amp;aff_sub3=&amp;aff_sub4=&amp;aff_sub5=&amp;fb_pixel_id=&amp;opid=GovCtIrLQ-BmlHfmIa87bs-OHaNVkxDQY9hzUZbBFLU\" style=\"color:blue; text-decoration:underline\">Neuglow C</a> đ&acirc;y l&agrave; vi&ecirc;n sủi trắng da h&agrave;ng đầu Anh Quốc.<strong> </strong><span style=\"background-color:white\">Đ&acirc;y thực sự l&agrave; th&agrave;nh quả nằm ngo&agrave;i sự kỳ vọng của đội ngũ gi&aacute;o sư b&aacute;c sĩ chuy&ecirc;n gia h&agrave;ng đầu thế giới, họ đ&atilde; phải ng&agrave;y đ&ecirc;m miệt m&agrave;i nghi&ecirc;n cứu v&agrave; tiến h&agrave;nh h&agrave;ng trăm cuộc thử nghiệm quy m&ocirc; lớn nhỏ.</span></span></span></span></span></p>\r\n\r\n<p style=\"margin-left:0cm; margin-right:0cm; text-align:justify\"><span style=\"font-size:12pt\"><span style=\"background-color:white\"><span style=\"font-family:&quot;Times New Roman&quot;,serif\"><span style=\"font-size:14.0pt\"><span style=\"background-color:white\">V&igrave; l&agrave; một sản phẩm an to&agrave;n v&agrave; l&agrave;m đẹp s&acirc;u b&ecirc;n trong n&ecirc;n <span style=\"color:#222222\"><a href=\"http://neuglowc-vn.fastbuy.biz/?click_id=5cb84dd141195300415fd0d3&amp;aff_sub1=&amp;aff_sub2=&amp;aff_sub3=&amp;aff_sub4=&amp;aff_sub5=&amp;fb_pixel_id=&amp;opid=GovCtIrLQ-BmlHfmIa87bs-OHaNVkxDQY9hzUZbBFLU\" style=\"color:blue; text-decoration:underline\"><span style=\"color:#0198bd\">điểm yếu lớn nhất của c&aacute;c sản phẩm l&agrave;m đẹp hiện nay ch&iacute;nh l&agrave; kh&oacute; bảo quản v&agrave; mất rất nhiều thời gian t&aacute;c dụng l&ecirc;n da.</span></a></span><span style=\"color:#222222\">&nbsp;Tr&aacute;i ngược với điều n&agrave;y, qu&aacute; tr&igrave;nh l&agrave;m trắng của&nbsp;<a href=\"http://neuglowc-vn.fastbuy.biz/?click_id=5cb84dd141195300415fd0d3&amp;aff_sub1=&amp;aff_sub2=&amp;aff_sub3=&amp;aff_sub4=&amp;aff_sub5=&amp;fb_pixel_id=&amp;opid=GovCtIrLQ-BmlHfmIa87bs-OHaNVkxDQY9hzUZbBFLU\" style=\"box-sizing:border-box; cursor:pointer; transition:all 0.5s ease-in-out 0s; color:blue; text-decoration:underline\"><span style=\"color:#0198bd\">NeuglowC</span></a>&nbsp;sẽ chỉ tốn một ch&uacute;t thời gian đủ l&acirc;u để kh&ocirc;ng khiến người d&ugrave;ng ch&aacute;n nản v&igrave; chờ đợi.&nbsp;<a href=\"http://neuglowc-vn.fastbuy.biz/?click_id=5cb84dd141195300415fd0d3&amp;aff_sub1=&amp;aff_sub2=&amp;aff_sub3=&amp;aff_sub4=&amp;aff_sub5=&amp;fb_pixel_id=&amp;opid=GovCtIrLQ-BmlHfmIa87bs-OHaNVkxDQY9hzUZbBFLU\" style=\"box-sizing:border-box; cursor:pointer; transition:all 0.5s ease-in-out 0s; color:blue; text-decoration:underline\"><span style=\"color:#0198bd\">NeuglowC</span></a>&nbsp;sẽ gi&uacute;p l&agrave;m trắng da từ s&acirc;u b&ecirc;n trong v&agrave; to&agrave;n th&acirc;n chứ kh&ocirc;ng phải chỉ một bộ phận nhỏ tr&ecirc;n cơ thể, rồi bỏ qua những bộ phận kh&oacute; nh&igrave;n thấy như: n&aacute;ch, lưng, đầu gối, khửu tay,... </span></span></span><span style=\"font-size:14.0pt\"><span style=\"color:#222222\">Ngo&agrave;i ra, kh&ocirc;ng giống như bất kỳ thuốc l&agrave;m trắng da kh&aacute;c,&nbsp;<a href=\"http://neuglowc-vn.fastbuy.biz/?click_id=5cb84dd141195300415fd0d3&amp;aff_sub1=&amp;aff_sub2=&amp;aff_sub3=&amp;aff_sub4=&amp;aff_sub5=&amp;fb_pixel_id=&amp;opid=GovCtIrLQ-BmlHfmIa87bs-OHaNVkxDQY9hzUZbBFLU\" style=\"box-sizing:border-box; cursor:pointer; transition:all 0.5s ease-in-out 0s; color:blue; text-decoration:underline\"><span style=\"color:#0198bd\">NeuglowC</span></a>&nbsp;kh&ocirc;ng chỉ tập trung v&agrave;o l&agrave;m trắng da, m&agrave; c&ograve;n l&agrave; một &ldquo;vũ kh&iacute;&rdquo; chống l&atilde;o h&oacute;a gi&uacute;p cơ thể khỏe mạnh v&agrave; giảm stress. B&ecirc;n cạnh đ&oacute;, bổ sung Glutathione qua đường uống cũng được c&aacute;c nh&agrave; khoa học đ&aacute;nh gi&aacute; l&agrave; an to&agrave;n cho sức khỏe hơn hẳn việc ti&ecirc;m.</span></span></span></span></span></p>\r\n\r\n<p style=\"margin-left:0cm; margin-right:0cm; text-align:justify\"><span style=\"font-size:12pt\"><span style=\"background-color:white\"><span style=\"font-family:&quot;Times New Roman&quot;,serif\"><span style=\"font-size:14.0pt\"><a href=\"http://neuglowc-vn.fastbuy.biz/?click_id=5cb84de241195300415fd18f&amp;aff_sub1=&amp;aff_sub2=&amp;aff_sub3=&amp;aff_sub4=&amp;aff_sub5=&amp;fb_pixel_id=&amp;opid=GovCtIrLQ-BmlHfmIa87bs-OHaNVkxDQY9hzUZbBFLU\" style=\"color:blue; text-decoration:underline\">Neuglow C</a> được nhiều sao tr&ecirc;n thế giới đặc biệt l&agrave; c&aacute;c sao &Aacute; Đ&ocirc;ng sử dụng. Ở Việt Nam, </span><span style=\"font-size:14.0pt\"><span style=\"background-color:white\">NeuGlow C l&agrave; vi&ecirc;n sủi trắng da ĐẦU TI&Ecirc;N, dạng sủi gi&uacute;p hấp thu Glutathione nhanh hơn, tốt hơn, đạt hiệu quả tối ưu hơn gấp 5 lần dạng n&eacute;n</span></span><span style=\"font-size:14.0pt\">. Chị em c&oacute; thể tham khảo một số chia sẻ của c&aacute;c sao nổi tiếng, v&agrave; cũng c&oacute; nhiều trang b&aacute;o nổi tiếng n&oacute;i về vi&ecirc;n sủi <a href=\"http://neuglowc-vn.fastbuy.biz/?click_id=5cb84de241195300415fd18f&amp;aff_sub1=&amp;aff_sub2=&amp;aff_sub3=&amp;aff_sub4=&amp;aff_sub5=&amp;fb_pixel_id=&amp;opid=GovCtIrLQ-BmlHfmIa87bs-OHaNVkxDQY9hzUZbBFLU\" style=\"color:blue; text-decoration:underline\">Neuglow C</a> n&agrave;y.</span></span></span></span></p>\r\n\r\n<p style=\"margin-left:0cm; margin-right:0cm; text-align:justify\"><span style=\"font-size:12pt\"><span style=\"background-color:white\"><span style=\"font-family:&quot;Times New Roman&quot;,serif\"><span style=\"font-size:14.0pt\"><a href=\"http://neuglowc-vn.fastbuy.biz/?click_id=5cb84de241195300415fd18f&amp;aff_sub1=&amp;aff_sub2=&amp;aff_sub3=&amp;aff_sub4=&amp;aff_sub5=&amp;fb_pixel_id=&amp;opid=GovCtIrLQ-BmlHfmIa87bs-OHaNVkxDQY9hzUZbBFLU\" style=\"color:blue; text-decoration:underline\">Neuglow C</a> c&oacute; giấy ph&eacute;p chứng nhận</span></span></span></span></p>\r\n\r\n<p style=\"margin-left:0cm; margin-right:0cm; text-align:justify\"><span style=\"font-size:12pt\"><span style=\"background-color:white\"><span style=\"font-family:&quot;Times New Roman&quot;,serif\"><span style=\"font-size:14.0pt\">V&igrave; sản phẩm n&agrave;y so hot v&igrave; mức độ hiệu quả v&agrave; an to&agrave;n của n&oacute;, m&agrave; khi l&agrave; người đang t&igrave;m mua sản phẩm n&agrave;y, chị em phải lưu &yacute; kh&ocirc;ng được tham rẻ v&agrave; đặt mua ở những nơi kh&ocirc;ng đủ tin cậy. M&igrave;nh giới thiệu cho chị em đặt h&agrave;ng ch&iacute;nh h&atilde;ng tại website ch&iacute;nh thức của sản phẩm. H&agrave;ng xịn, đ&uacute;ng gi&aacute;, lại c&oacute; khuyến m&atilde;i chuẩn theo chương tr&igrave;nh của nh&agrave; sản xuất.</span></span></span></span></p>\r\n', '', '2019-04-18 22:04:55', NULL, 1, '', '', '', '', '', '', '“Không đùa được” với viên sủi uống trắng da Newglow C', '', 'vien-sui-uong-trang-da-newglow-c', 1);

-- --------------------------------------------------------

--
-- Table structure for table `page_languages`
--

CREATE TABLE `page_languages` (
  `id` bigint(20) NOT NULL,
  `page_id` int(11) DEFAULT NULL,
  `languages_code` varchar(255) COLLATE utf8_unicode_ci DEFAULT NULL,
  `lang_page_name` text COLLATE utf8_unicode_ci,
  `lang_page_des` text COLLATE utf8_unicode_ci,
  `lang_page_content` longtext COLLATE utf8_unicode_ci,
  `lang_page_sub_info1` longtext COLLATE utf8_unicode_ci,
  `lang_page_sub_info2` longtext COLLATE utf8_unicode_ci,
  `lang_page_sub_info3` longtext COLLATE utf8_unicode_ci,
  `lang_page_sub_info4` longtext COLLATE utf8_unicode_ci,
  `lang_page_sub_info5` longtext COLLATE utf8_unicode_ci,
  `edit_state` int(11) NOT NULL DEFAULT '0',
  `friendly_url` varchar(255) COLLATE utf8_unicode_ci DEFAULT NULL,
  `title_seo` varchar(255) COLLATE utf8_unicode_ci DEFAULT NULL,
  `keyword` text COLLATE utf8_unicode_ci,
  `des_seo` text COLLATE utf8_unicode_ci
) ENGINE=InnoDB DEFAULT CHARSET=utf8 COLLATE=utf8_unicode_ci;

--
-- Dumping data for table `page_languages`
--

INSERT INTO `page_languages` (`id`, `page_id`, `languages_code`, `lang_page_name`, `lang_page_des`, `lang_page_content`, `lang_page_sub_info1`, `lang_page_sub_info2`, `lang_page_sub_info3`, `lang_page_sub_info4`, `lang_page_sub_info5`, `edit_state`, `friendly_url`, `title_seo`, `keyword`, `des_seo`) VALUES
(35, 35, 'vn', 'Giới thiệu về chúng tôi', 'Chúng tôi là công ty chuyên cung cấp các dịch vụ Digital Marketing Online tổng thể. Tư vấn giải pháp Marketing online giúp tăng hiệu quả kinh doanh internet cho các doanh nghiệp trong thời đại công nghệ 4.0. Với đội ngũ được đào tạo phát triển bài bản, phong cách làm việc chuyên nghiệp, đơn vị chúng tôi được hiểu như Phòng Marketing Online thuê ngoài của nhiều công ty, cá nhân cần kinh doanh online nhưng không đủ tài chính và kỹ thuật để tổ chức và quản lý đội ngũ marketing riêng cho mình. Do vậy Thuê Marketing Online bên ngoài được xem là một giải pháp an toàn về đầu tư, hiệu quả về kỹ thuật, tiết kiệm chi phí và thời gian rất lớn cho các doanh nghiệp. Việc cần làm là hợp đồng, chúng tôi cam kết hiệu quả kinh doanh với bạn.', '<h2 style=\"text-align:justify\"><span style=\"color:#000000\"><span style=\"font-size:16px\"><span style=\"font-family:Times New Roman,Times,serif\">Bản sắc ri&ecirc;ng, dấu ấn ri&ecirc;ng, đ&oacute; ch&iacute;nh l&agrave; nền tảng vững chắc để&nbsp;<strong>kinhdoanhinternet.com.vn</strong>&nbsp;tạo dựng sự kh&aacute;c biệt, x&acirc;y dựng thương hiệu v&agrave; uy t&iacute;n tr&ecirc;n thị trường, trở th&agrave;nh đối t&aacute;c đ&aacute;ng tin cậy của mọi kh&aacute;ch h&agrave;ng, mọi doanh nghiệp.</span></span></span></h2>\r\n\r\n<h2 style=\"text-align:justify\"><span style=\"color:#c0392b\"><span style=\"font-size:18px\"><span style=\"font-family:Times New Roman,Times,serif\"><strong>Qu&aacute; tr&igrave;nh x&acirc;y dựng v&agrave; ph&aacute;t triển thương hiệu kinhdoanhinternet.com.vn</strong></span></span></span></h2>\r\n\r\n<p style=\"text-align:justify\"><span style=\"color:#000000\"><span style=\"font-size:16px\"><span style=\"font-family:Times New Roman,Times,serif\"><strong>kinhdoanhinternet.com.vn&nbsp;</strong>với sự nỗ lực của tập thể c&aacute;n bộ, nh&acirc;n vi&ecirc;n trong c&ocirc;ng ty c&ugrave;ng đường lối ph&aacute;t triển đ&uacute;ng đắn v&agrave; hợp l&yacute;, <strong>kinhdoanhinternet.com.vn&nbsp;</strong>đ&atilde; dần đạt được nhiều th&agrave;nh tựu đ&aacute;ng tự h&agrave;o, l&agrave; đơn vị truyền th&ocirc;ng v&agrave; c&ocirc;ng nghệ c&oacute; uy t&iacute;n, được nhiều kh&aacute;ch h&agrave;ng, doanh nghiệp tr&ecirc;n khắp cả nước tin tưởng hợp t&aacute;c.</span></span></span></p>\r\n\r\n<h2 style=\"text-align:justify\"><span style=\"color:#c0392b\"><span style=\"font-size:18px\"><span style=\"font-family:Times New Roman,Times,serif\"><strong>Lĩnh vực hoạt động kinh doanh của kinhdoanhinternet.com.vn</strong></span></span></span></h2>\r\n\r\n<p style=\"text-align:justify\"><span style=\"color:#000000\"><span style=\"font-size:16px\"><span style=\"font-family:Times New Roman,Times,serif\">Nhận thức được tầm quan trọng của c&aacute;c dịch vụ truyền th&ocirc;ng v&agrave; c&ocirc;ng nghệ trong sự ph&aacute;t triển của nền kinh tế n&oacute;i chung, của c&aacute;c doanh nghiệp n&oacute;i ri&ecirc;ng,&nbsp;<strong>kinhdoanhinternet.com.vn</strong>&nbsp;cung cấp c&aacute;c dịch vụ hỗ trợ truyền th&ocirc;ng &ndash; c&ocirc;ng nghệ gần gũi đến với kh&aacute;ch h&agrave;ng như:</span></span></span></p>\r\n\r\n<p style=\"text-align:justify\"><span style=\"color:#000000\"><span style=\"font-size:16px\"><span style=\"font-family:Times New Roman,Times,serif\">&minus;&nbsp;&nbsp;&nbsp;&nbsp; Marketing online to&agrave;n diện &ndash; quảng c&aacute;o</span></span></span></p>\r\n\r\n<p style=\"text-align:justify\"><span style=\"color:#000000\"><span style=\"font-size:16px\"><span style=\"font-family:Times New Roman,Times,serif\">&minus;&nbsp;&nbsp;&nbsp;&nbsp; SEO</span></span></span></p>\r\n\r\n<p style=\"text-align:justify\"><span style=\"color:#000000\"><span style=\"font-size:16px\"><span style=\"font-family:Times New Roman,Times,serif\">&minus;&nbsp;&nbsp;&nbsp;&nbsp; Thiết kế website</span></span></span></p>\r\n\r\n<p style=\"text-align:justify\"><span style=\"color:#000000\"><span style=\"font-size:16px\"><span style=\"font-family:Times New Roman,Times,serif\">&minus;&nbsp;&nbsp;&nbsp;&nbsp; Thiết kế email marketing</span></span></span></p>\r\n\r\n<p style=\"text-align:justify\"><span style=\"color:#000000\"><span style=\"font-size:16px\"><span style=\"font-family:Times New Roman,Times,serif\">&minus;&nbsp;&nbsp;&nbsp;&nbsp; Thiết kế đồ họa</span></span></span></p>\r\n\r\n<p style=\"text-align:justify\"><span style=\"color:#000000\"><span style=\"font-size:16px\"><span style=\"font-family:Times New Roman,Times,serif\">&minus;&nbsp;&nbsp;&nbsp;&nbsp; Quản trị mạng x&atilde; hội</span></span></span></p>\r\n\r\n<p style=\"text-align:justify\"><span style=\"color:#000000\"><span style=\"font-size:16px\"><span style=\"font-family:Times New Roman,Times,serif\">&minus;&nbsp;&nbsp;&nbsp;&nbsp; Quản trị website;&hellip;</span></span></span></p>\r\n\r\n<p style=\"text-align:justify\"><span style=\"color:#000000\"><span style=\"font-size:16px\"><span style=\"font-family:Times New Roman,Times,serif\">C&aacute;c dịch vụ m&agrave;&nbsp;<strong>kinhdoanhinternet.com.vn</strong>&nbsp;kinh doanh kh&ocirc;ng hẳn l&agrave; những lĩnh vực qu&aacute; mới mẻ tại Việt Nam, tuy nhi&ecirc;n hầu hết doanh nghiệp vừa v&agrave; nhỏ&nbsp;chưa thực sự đầu từ b&agrave;i b&agrave;n, chưa đầu tư xứng đ&aacute;ng với&nbsp;tầm quan trọng của c&aacute;c dịch vụ truyền th&ocirc;ng v&agrave; c&ocirc;ng nghệ n&agrave;y. </span></span></span></p>\r\n\r\n<p style=\"text-align:justify\"><span style=\"color:#000000\"><span style=\"font-size:16px\"><span style=\"font-family:Times New Roman,Times,serif\">Với tư c&aacute;ch của một doanh nghiệp trẻ, ch&uacute;ng t&ocirc;i hiểu r&otilde; hơn hết sức mạnh của truyền th&ocirc;ng, của c&ocirc;ng nghệ, của c&aacute;c dịch vụ hỗ trợ đầy tiện &iacute;ch n&agrave;y đối với sự ph&aacute;t triển của từng doanh nghiệp, đối với khả năng th&agrave;nh c&ocirc;ng của mỗi kh&aacute;ch h&agrave;ng.</span></span></span></p>\r\n\r\n<p style=\"text-align:justify\"><span style=\"color:#000000\"><span style=\"font-size:16px\"><span style=\"font-family:Times New Roman,Times,serif\">Ch&iacute;nh từ sự nhận thức ấy,&nbsp;<strong>kinhdoanhinternet.com.vn</strong>&nbsp;lu&ocirc;n biết c&aacute;ch mang đến cho kh&aacute;ch h&agrave;ng, cho doanh nghiệp những dịch vụ với chất lượng tốt nhất, chinh phục đối t&aacute;c của m&igrave;nh bởi hiệu quả c&ocirc;ng việc, bởi v&ocirc; số lợi &iacute;ch kh&aacute;ch h&agrave;ng được hưởng khi sử dụng dịch vụ của&nbsp;<strong>kinhdoanhinternet.com.vn</strong>.</span></span></span></p>\r\n\r\n<h2 style=\"text-align:justify\"><span style=\"color:#c0392b\"><span style=\"font-size:18px\"><span style=\"font-family:Times New Roman,Times,serif\"><strong>Tầm nh&igrave;n v&agrave; xứ mệnh của kinhdoanhinternet.com.vn</strong></span></span></span></h2>\r\n\r\n<p style=\"text-align:justify\"><span style=\"color:#000000\"><span style=\"font-size:16px\"><span style=\"font-family:Times New Roman,Times,serif\">Truyền th&ocirc;ng v&agrave; c&ocirc;ng nghệ lu&ocirc;n c&oacute; sự biến đổi kh&ocirc;ng ngừng, c&aacute;c lĩnh vực n&agrave;y đang dần trở th&agrave;nh một phần kh&ocirc;ng thể thiếu của cuộc sống thường ng&agrave;y, của tiến bộ văn minh nh&acirc;n loại. </span></span></span></p>\r\n\r\n<p style=\"text-align:justify\"><span style=\"color:#000000\"><span style=\"font-size:16px\"><span style=\"font-family:Times New Roman,Times,serif\">Sự đổi mới li&ecirc;n tục của c&ocirc;ng nghệ, của truyền th&ocirc;ng đ&ograve;i hỏi bất cứ doanh nghiệp n&agrave;o kinh doanh trong lĩnh vực n&agrave;y cũng đều phải vận động, nỗ lực kh&ocirc;ng ngừng nghỉ. <strong>kinhdoanhinternet.com.vn</strong> &yacute; thức r&otilde; điều n&agrave;y.</span></span></span></p>\r\n\r\n<p style=\"text-align:justify\"><span style=\"color:#000000\"><span style=\"font-size:16px\"><span style=\"font-family:Times New Roman,Times,serif\">Ch&iacute;nh v&igrave; vậy, ch&uacute;ng t&ocirc;i lu&ocirc;n kh&ocirc;ng ngừng nỗ lực, cải thiện hơn nữa chất lượng dịch vụ, ứng dụng c&aacute;c c&ocirc;ng nghệ mới hiệu quả hơn cho c&ocirc;ng việc, l&agrave;m h&agrave;i l&ograve;ng kh&aacute;ch h&agrave;ng bởi những dịch vụ với chất lượng tốt nhất.</span></span></span></p>\r\n\r\n<p style=\"text-align:center\"><span style=\"color:#000000\"><span style=\"font-size:16px\"><span style=\"font-family:Times New Roman,Times,serif\">Mang đến những dịch vụ truyền th&ocirc;ng, c&ocirc;ng nghệ chất lượng nhất phục vụ nhu cầu của kh&aacute;ch h&agrave;ng, đ&aacute;p ứng nhu cầu ng&agrave;y c&agrave;ng cao của kh&aacute;ch h&agrave;ng trong thời kỳ c&ocirc;ng nghệ hiện địa như hiện nay ch&iacute;nh l&agrave; sứ mệnh, l&agrave; mục ti&ecirc;u m&agrave; <strong>kinhdoanhinternet.com.vn</strong> lu&ocirc;n hướng đến. </span></span></span></p>\r\n\r\n<p style=\"text-align:justify\"><span style=\"color:#000000\"><span style=\"font-size:16px\"><span style=\"font-family:Times New Roman,Times,serif\">Sự h&agrave;i l&ograve;ng, phản hồi t&iacute;ch cực từ ph&iacute;a kh&aacute;ch h&agrave;ng, doanh nghiệp sau khi sử dụng dịch vụ của&nbsp;<strong>kinhdoanhinternet.com.vn</strong>&nbsp;ch&iacute;nh l&agrave; th&agrave;nh c&ocirc;ng v&agrave; l&agrave; niềm hạnh ph&uacute;c lớn nhất của ch&uacute;ng t&ocirc;i.</span></span></span></p>\r\n\r\n<h2 style=\"text-align:justify\"><span style=\"color:#c0392b\"><span style=\"font-size:18px\"><span style=\"font-family:Times New Roman,Times,serif\"><strong>Bảo đảm quyền lợi tối đa cho kh&aacute;ch h&agrave;ng v&agrave; đối t&aacute;c kinh doanh</strong></span></span></span></h2>\r\n\r\n<p style=\"text-align:justify\"><span style=\"color:#000000\"><span style=\"font-size:16px\"><span style=\"font-family:Times New Roman,Times,serif\">Sự tin tưởng, phối hợp hiệu quả với nhau ch&iacute;nh l&agrave; ch&igrave;a kh&oacute;a quan trọng nhất đưa đến th&agrave;nh c&ocirc;ng cho mọi qu&aacute; tr&igrave;nh hợp t&aacute;c kinh doanh. <strong>kinhdoanhinternet.com.vn</strong> lu&ocirc;n d&agrave;nh sự t&ocirc;n trọng cao nhất cho mọi đối t&aacute;c của m&igrave;nh.</span></span></span></p>\r\n\r\n<p style=\"text-align:justify\"><span style=\"color:#000000\"><span style=\"font-size:16px\"><span style=\"font-family:Times New Roman,Times,serif\"><strong>kinhdoanhinternet.com.vn&nbsp; </strong>tu&acirc;n thủ cam kết, hợp đồng kinh doanh, ho&agrave;n th&agrave;nh tốt nhất mọi nghĩa vụ của m&igrave;nh, hợp t&aacute;c thiện ch&iacute;, hỗ trợ đối t&aacute;c, kh&aacute;ch h&agrave;ng ho&agrave;n thiện hợp đồng kinh doanh.</span></span></span></p>\r\n\r\n<p style=\"text-align:justify\"><span style=\"color:#000000\"><span style=\"font-size:16px\"><span style=\"font-family:Times New Roman,Times,serif\"><strong>kinhdoanhinternet.com.vn</strong>&nbsp;lu&ocirc;n đặt lợi &iacute;ch của kh&aacute;ch h&agrave;ng l&ecirc;n h&agrave;ng đầu, tr&ecirc;n cả nguồn lợi nhuận m&agrave; c&ocirc;ng ty đạt được, bởi ch&uacute;ng t&ocirc;i hiểu r&otilde;, chỉ khi kh&aacute;ch h&agrave;ng an t&acirc;m, h&agrave;i l&ograve;ng khi sử dụng dịch vụ của c&ocirc;ng ty,&nbsp;<strong>kinhdoanhinternet.com.vn</strong>&nbsp;mới thực sự c&oacute; được cơ hội để tiếp tục ph&aacute;t triển, tiếp tục gặt h&aacute;i được th&agrave;nh c&ocirc;ng.</span></span></span></p>\r\n\r\n<p style=\"text-align:justify\"><span style=\"color:#000000\"><span style=\"font-size:16px\"><span style=\"font-family:Times New Roman,Times,serif\">Với dịch vụ hỗ trợ marketing, trong khi đại đa số c&ocirc;ng ty kinh doanh dịch vụ n&agrave;y chỉ t&igrave;m c&aacute;ch ho&agrave;n th&agrave;nh c&ocirc;ng việc trong hợp đồng, rồi sau đ&oacute; kh&ocirc;ng cần quan t&acirc;m g&igrave; th&ecirc;m đến doanh nghiệp đối t&aacute;c của m&igrave;nh th&igrave; <strong>kinhdoanhinternet.com.vn</strong> lu&ocirc;n l&agrave;m điều ngược lại.</span></span></span></p>\r\n\r\n<p style=\"text-align:justify\"><span style=\"color:#000000\"><span style=\"font-size:16px\"><span style=\"font-family:Times New Roman,Times,serif\">Ch&uacute;ng t&ocirc;i lu&ocirc;n đưa ra những hướng dẫn, tư vấn, chia sẻ tỉ mỉ nhất để kh&aacute;ch h&agrave;ng c&oacute; thể tự kiểm so&aacute;t, tự thực hiện c&ocirc;ng việc marketing cho m&igrave;nh, bảo đảm kể cả khi hợp đồng với&nbsp;<strong>Kinh Doanh Internet</strong>&nbsp;đ&atilde; kết th&uacute;c, kh&aacute;ch h&agrave;ng vẫn sẽ tự thực hiện tốt c&ocirc;ng việc kinh doanh của m&igrave;nh.</span></span></span></p>\r\n\r\n<h2 style=\"text-align:justify\"><span style=\"color:#c0392b\"><span style=\"font-size:18px\"><span style=\"font-family:Times New Roman,Times,serif\"><strong>Thế mạnh từ đội ngũ nh&acirc;n vi&ecirc;n trẻ, gi&agrave;u nhiệt huyết v&agrave; đam m&ecirc;</strong></span></span></span></h2>\r\n\r\n<p style=\"text-align:justify\"><span style=\"color:#000000\"><span style=\"font-size:16px\"><span style=\"font-family:Times New Roman,Times,serif\"><strong>kinhdoanhinternet.com.vn</strong>&nbsp;sở hữu đội ngũ nh&acirc;n vi&ecirc;n trẻ trung, nhiệt huyết, đam m&ecirc; với c&ocirc;ng việc, chuy&ecirc;n m&ocirc;n được đ&agrave;o tạo b&agrave;i bản, đ&aacute;p ứng một c&aacute;ch tối đa y&ecirc;u cầu c&ocirc;ng việc được giao, mang đến những dịch vụ với chất lượng tốt nhất phục vụ kh&aacute;ch h&agrave;ng.</span></span></span></p>\r\n\r\n<p style=\"text-align:center\"><span style=\"color:#000000\"><span style=\"font-size:16px\"><span style=\"font-family:Times New Roman,Times,serif\"><img alt=\"gioi-thieu-kinh-doanh-internet\" height=\"550\" src=\"/image/images/gioi-thieu-cong-ty-kinh-doanh-internet.JPG\" width=\"900\" /></span></span></span></p>\r\n\r\n<p style=\"text-align:center\"><span style=\"color:#000000\"><span style=\"font-size:16px\"><span style=\"font-family:Times New Roman,Times,serif\"><em>Đội ngũ nh&acirc;n vi&ecirc;n trẻ trung, nhiệt huyết, đam m&ecirc; với c&ocirc;ng việc của&nbsp;</em><strong>kinhdoanhinternet.com.vn</strong></span></span></span></p>\r\n\r\n<p style=\"text-align:justify\"><span style=\"color:#000000\"><span style=\"font-size:16px\"><span style=\"font-family:Times New Roman,Times,serif\">Phong c&aacute;ch l&agrave;m việc chuy&ecirc;n nghiệp, tr&aacute;ch nhiệm cao, sự đo&agrave;n kết, thống nhất lu&ocirc;n l&agrave; ưu ti&ecirc;n được <strong>kinhdoanhinternet.com.vn&nbsp;</strong>hướng đến h&agrave;ng đầu. </span></span></span></p>\r\n\r\n<p style=\"text-align:justify\"><span style=\"color:#000000\"><span style=\"font-size:16px\"><span style=\"font-family:Times New Roman,Times,serif\">Sự đo&agrave;n kết c&ugrave;ng hướng về ph&iacute;a trước của tập thể chuy&ecirc;n vi&ecirc;n, nh&acirc;n vi&ecirc;n trong c&ocirc;ng ty để đi đến th&agrave;nh c&ocirc;ng, kiến tạo gi&aacute; trị vững bền của c&ocirc;ng ty ch&iacute;nh l&agrave; mục ti&ecirc;u m&agrave; <strong>kinhdoanhinternet.com.vn</strong> hướng tới đ&uacute;ng như h&igrave;nh ảnh logo m&agrave; ch&uacute;ng t&ocirc;i đ&atilde; x&acirc;y dựng.</span></span></span></p>\r\n\r\n<p style=\"text-align:justify\"><span style=\"color:#000000\"><span style=\"font-size:16px\"><span style=\"font-family:Times New Roman,Times,serif\">C&ugrave;ng với đ&oacute;,&nbsp;<strong>kinhdoanhinternet.com.vn</strong>&nbsp;lu&ocirc;n hướng đến việc x&acirc;y dựng bản sắc ri&ecirc;ng cho c&ocirc;ng ty, đ&acirc;y ch&iacute;nh l&agrave; sự kh&aacute;c biệt, l&agrave; dấu ấn ri&ecirc;ng m&agrave; mọi kh&aacute;ch h&agrave;ng, mọi đối t&aacute;c sẽ lu&ocirc;n nhớ đến khi hợp t&aacute;c c&ugrave;ng&nbsp;<strong>kinhdoanhinternet.com.vn</strong>. </span></span></span></p>\r\n\r\n<p style=\"text-align:justify\"><span style=\"color:#000000\"><span style=\"font-size:16px\"><span style=\"font-family:Times New Roman,Times,serif\">Th&agrave;nh c&ocirc;ng bởi sự kh&aacute;c biệt &ndash; đ&oacute; vừa l&agrave; slogan của c&ocirc;ng ty, vừa l&agrave; mục ti&ecirc;u phấn đấu, l&agrave; động lực để tập thể c&aacute;n bộ, nh&acirc;n vi&ecirc;n trong c&ocirc;ng ty tiếp tục cố gắng, nỗ lực hơn nữa, mang lại thật nhiều sự h&agrave;i l&ograve;ng cho kh&aacute;ch h&agrave;ng, đối t&aacute;c.</span></span></span></p>\r\n\r\n<h3 style=\"text-align:center\"><span style=\"font-size:18px\"><span style=\"color:#000000\"><span style=\"font-family:Times New Roman,Times,serif\"><strong>TH&Ocirc;NG TIN LI&Ecirc;N HỆ:</strong></span></span></span></h3>\r\n\r\n<p style=\"text-align:center\"><span style=\"color:#c0392b\"><span style=\"font-size:18px\"><span style=\"font-family:Times New Roman,Times,serif\"><strong>Hotline</strong></span></span><span style=\"font-size:16px\"><span style=\"font-family:Times New Roman,Times,serif\"><strong>:</strong></span></span></span><span style=\"color:#000000\"><span style=\"font-size:16px\"><span style=\"font-family:Times New Roman,Times,serif\">&nbsp;<em>097.337.8669</em></span></span></span></p>\r\n\r\n<p style=\"text-align:center\"><span style=\"font-size:18px\"><span style=\"color:#c0392b\"><span style=\"font-family:Times New Roman,Times,serif\"><strong>Email</strong></span></span></span><span style=\"color:#000000\"><span style=\"font-size:16px\"><span style=\"font-family:Times New Roman,Times,serif\">: kinhdoanhinternetvn@gmail.com</span></span></span></p>\r\n\r\n<p style=\"text-align:center\"><span style=\"color:#000000\"><span style=\"font-size:16px\"><span style=\"font-family:Times New Roman,Times,serif\"><strong><img alt=\"\" height=\"20\" src=\"/image/images/gps.png\" width=\"20\" />&nbsp;</strong></span></span><span style=\"font-size:18px\"><span style=\"font-family:Times New Roman,Times,serif\"><strong>Địa chỉ:</strong></span></span><span style=\"font-size:16px\"><span style=\"font-family:Times New Roman,Times,serif\">&nbsp; Số 11, Ngh&aacute;ch 249, Ng&otilde; 211 Khương Trung, Khương Đ&igrave;nh, Thanh Xu&acirc;n, H&agrave; Nội.</span></span></span></p>\r\n\r\n<p style=\"text-align:center\"><span style=\"color:#000000; font-family:Times New Roman,Times,serif\"><span style=\"font-size:16px\"><strong><img alt=\"\" height=\"20\" src=\"/image/images/gps.png\" width=\"20\" /></strong></span></span></p>\r\n', '', '', '', '', '', 1, 'gioi-thieu', 'Về chúng tôi', 'kinhdoanhinternet.com.vn', 'Chúng tôi chuyên tư vấn giải pháp Digital Marketing Online tổng thể - quảng cáo, seo, thiết kế website, email marketing, thiết kế đồ họa, quản trị mạng xã hội, quản trị website,…'),
(36, 35, 'en', 'Giới thiệu en', 'Giới thiệu công ty. Được thành lập vào năm 1993, Công ty Cổ Phần Kỹ Thuật Toàn Thắng được biết đến như một nhà cung cấp chuyên nghiệp các giải pháp ...', '<p>Được th&agrave;nh lập v&agrave;o năm 1993, C&ocirc;ng ty Cổ Phần Kỹ Thuật To&agrave;n Thắng được biết đến như một&nbsp; nh&agrave; cung cấp chuy&ecirc;n nghiệp c&aacute;c giải ph&aacute;p thiết bị v&agrave; dịch vụ kỹ thuật chất lượng cao, c&ocirc;ng nghệ ti&ecirc;n tiến&nbsp;cho kh&aacute;ch h&agrave;ng ng&agrave;nh dầu kh&iacute;, điện lực v&agrave; một số ng&agrave;nh c&ocirc;ng nghiệp nặng kh&aacute;c.</p>\r\n\r\n<p>C&ocirc;ng ty c&oacute; văn ph&ograve;ng ch&iacute;nh tại TP. Hồ Ch&iacute; Minh v&agrave; một c&ocirc;ng ty con tại TP. Vũng T&agrave;u. Với đội ngũ chuy&ecirc;n gia, kỹ sư được đ&agrave;o tạo chuy&ecirc;n s&acirc;u, chuy&ecirc;n tr&aacute;ch từng mảng sản phẩm, ch&uacute;ng t&ocirc;i lu&ocirc;n đem đến cho kh&aacute;ch h&agrave;ng những giải ph&aacute;p kỹ thuật, thương mại đa dạng, đ&aacute;p ứng tốt nhu cầu ng&agrave;y c&agrave;ng cao của kh&aacute;ch h&agrave;ng.</p>\r\n\r\n<p><img alt=\"\" height=\"564\" src=\"/image/images/670px-conceptualmapfloss(1).png\" style=\"float:right\" width=\"670\" /></p>\r\n\r\n<p>Ch&uacute;ng t&ocirc;i cũng đảm nhận cung cấp c&aacute;c dịch vụ sau b&aacute;n h&agrave;ng như: Bảo tr&igrave;, đại tu, sửa chữa, đ&agrave;o tạo, hướng dẫn sử dụng, dịch vụ quản l&yacute; t&agrave;i sản &amp; hợp đồng v&agrave; c&aacute;c dịch vụ kh&aacute;c tại c&ocirc;ng trường cho kh&aacute;ch h&agrave;ng.</p>\r\n\r\n<p>&nbsp;</p>\r\n', '', '', '', '', '', 1, 'gioi-thieu-en', 'Giới thiệu', '', 'Mô tả cho bài viết giới thiệu'),
(37, 36, 'vn', '“Không đùa được” với viên sủi uống trắng da Newglow C', '', '<p style=\"margin-left:0cm; margin-right:0cm\"><span style=\"font-size:12pt\"><span style=\"font-family:&quot;Times New Roman&quot;,serif\"><span style=\"font-size:14.0pt\">Ch&agrave;o c&aacute;c bạn! Dạo n&agrave;y m&igrave;nh kh&aacute; bận n&ecirc;n kh&ocirc;ng c&oacute; thời gian viết b&agrave;i chia sẻ cho mọi người. H&ocirc;m nay m&igrave;nh d&agrave;nh một tối để viết b&agrave;i chia sẻ thật chi tiết cho c&aacute;c chị em vế c&aacute;ch l&agrave;m trắng da an to&agrave;n m&agrave; hiệu quả. Kh&ocirc;ng phải ngẫu nhi&ecirc;n h&ocirc;m nay m&igrave;nh viết chủ đề n&agrave;y, v&igrave; th&aacute;ng vừa rồi m&igrave;nh d&ugrave;ng 1 sản phẩm l&agrave;m trắng da Newglow C th&iacute;ch qu&aacute; n&ecirc;n muốn chia sẻ để c&aacute;c chị em m&igrave;nh y&ecirc;n t&acirc;m khi d&ugrave;ng sản phẩm n&agrave;y. Về độ nổi tiếng th&igrave; kh&ocirc;ng phải b&agrave;n với Newglow C rồi nh&eacute; c&aacute;c chị em. Từ từ c&aacute;c chị em sẽ được kh&aacute;m ph&aacute; trong b&agrave;i viết n&agrave;y của m&igrave;nh.</span></span></span></p>\r\n\r\n<p style=\"margin-left:0cm; margin-right:0cm\">&nbsp;</p>\r\n\r\n<p style=\"margin-left:0cm; margin-right:0cm\"><span style=\"font-size:12pt\"><span style=\"font-family:&quot;Times New Roman&quot;,serif\"><span style=\"font-size:14.0pt\">Để l&agrave;m trắng da, c&aacute;c chị em c&oacute; nhiều c&aacute;ch l&agrave;m. C&aacute;c chị em ở tầm độ tuổi 30 như m&igrave;nh, khi <span style=\"background-color:white\">nếp nhăn bắt đầu xuất hiện tr&ecirc;n khu&ocirc;n mặt, da mất dần độ đ&agrave;n hồi</span> th&igrave; c&aacute;c chị em cũng bắt đầu t&igrave;m hiểu kỹ hơn để chăm s&oacute;c l&agrave;m da cho m&igrave;nh. Ở độ tuổi từ 20 trở đi, chị em đ&atilde; phải n&ecirc;n nghĩ đến việc d&ugrave;ng những sản phẩm ngo&agrave;i t&aacute;c dụng l&agrave;m trắng da c&ograve;n phải c&oacute; t&aacute;c d&ugrave;ng ngăn ngừa v&agrave; l&agrave;m chậm qu&aacute; tr&igrave;nh l&atilde;o h&oacute;a da. M&igrave;nh đ&atilde; thử gần như tất cả mọi thứ: c&aacute;c loại kem, mặt nạ, sữa dưỡng - từ loại đắt tiền nhất đến những loại cơ bản hay b&agrave;y b&aacute;n trong si&ecirc;u thị nh&igrave;n chung l&agrave; c&oacute; t&aacute;c dụng nhưng cũng kh&ocirc;ng cảm thấy kh&aacute;c biệt g&igrave; nhiều. Sau đ&oacute;, m&igrave;nh t&igrave;m đến c&aacute;c chuy&ecirc;n gia Spa, thẩm mỹ viện...</span> Sau nhiều giờ l&agrave;m massage, lột da chết, ti&ecirc;m, m&igrave;nh thấy c&oacute; ch&uacute;t t&aacute;c dụng đấy. Nhưng nhờ đi l&agrave;m đẹp như vậy, m&igrave;nh nhận ra như thế n&agrave;y m&igrave;nh sẽ m&atilde;i m&atilde;i phụ thuộc v&agrave;o c&aacute;c phương ph&aacute;p điều trị, đ&oacute; kh&ocirc;ng phải l&agrave; giải ph&aacute;p l&acirc;u d&agrave;i. Hơn nữa, bản chất c&aacute;c thẩm mỹ viện họ hướng đến thu nhập của họ, chứ t&acirc;m điểm kh&ocirc;ng phải kh&aacute;ch h&agrave;ng.</span></span></p>\r\n\r\n<p style=\"margin-left:0cm; margin-right:0cm\">&nbsp;</p>\r\n\r\n<p style=\"margin-left:0cm; margin-right:0cm; text-align:justify\"><span style=\"font-size:12pt\"><span style=\"background-color:white\"><span style=\"font-family:&quot;Times New Roman&quot;,serif\"><span style=\"font-size:14.0pt\">Để ngăn l&atilde;o h&oacute;a da sớm v&agrave; duy tr&igrave; n&eacute;t tươi tươi trẻ, chị em cần c&oacute; giải ph&aacute;p can thiệp từ gốc rễ v&agrave; tr&uacute;ng đ&iacute;ch.&nbsp;<a href=\"http://neuglowc-vn.fastbuy.biz/?click_id=5cb84de241195300415fd18f&amp;aff_sub1=&amp;aff_sub2=&amp;aff_sub3=&amp;aff_sub4=&amp;aff_sub5=&amp;fb_pixel_id=&amp;opid=GovCtIrLQ-BmlHfmIa87bs-OHaNVkxDQY9hzUZbBFLU\" style=\"color:blue; text-decoration:underline\">Sau nhiều nghi&ecirc;n cứu, c&aacute;c nh&agrave; khoa học đ&atilde; nhận định rằng Glutathione l&agrave; yếu tố quan trọng v&agrave; kh&ocirc;ng thể thiếu cho da</a>&nbsp;bởi Glutathione l&agrave; chất oxy h&oacute;a quan trọng gi&uacute;p tế b&agrave;o melanocytes tổng hợp tạo ra sắc tố melanin trắng, thay cho việc tạo th&agrave;nh sắc tố melanin đen, bảo vệ da trước t&aacute;c hại của tia bức xa UV khi tiếp x&uacute;c với &aacute;nh nắng mặt trời. Từ đ&oacute;, gi&uacute;p da trắng s&aacute;ng v&agrave; đều m&agrave;u, chống lại những t&aacute;c nh&acirc;n xấu từ m&ocirc;i trường.</span></span></span></span></p>\r\n\r\n<p style=\"margin-left:0cm; margin-right:0cm; text-align:justify\"><span style=\"font-size:12pt\"><span style=\"background-color:white\"><span style=\"font-family:&quot;Times New Roman&quot;,serif\"><span style=\"font-size:14.0pt\">B&ecirc;n cạnh đ&oacute;, Glutathione c&ograve;n c&oacute; thể loại bỏ c&aacute;c gốc tự do, bảo vệ ty thể v&agrave; m&agrave;ng tế b&agrave;o, thanh lọc độc tố v&agrave; kim loại nặng hấp thụ mỗi ng&agrave;y, gi&uacute;p da khỏe mạnh, loại bỏ c&aacute;c v&ugrave;ng th&ocirc; r&aacute;p. Nhờ đ&oacute;, l&agrave;n da dần lấy lại vẻ mềm mịn, căng s&aacute;ng.</span></span></span></span></p>\r\n\r\n<p style=\"margin-left:0cm; margin-right:0cm; text-align:justify\"><span style=\"font-size:12pt\"><span style=\"background-color:white\"><span style=\"font-family:&quot;Times New Roman&quot;,serif\"><span style=\"font-size:14.0pt\">Trước t&aacute;c động nội v&agrave; ngoại sinh, cơ thể kh&ocirc;ng sản sinh đủ lượng Glutathione cần thiết. Do đ&oacute;, cần c&oacute; phương ph&aacute;p bổ sung Glutathione. Tuy nhi&ecirc;n, bổ sung bằng c&aacute;ch n&agrave;o để đem lại hiệu quả cho l&agrave;n da l&agrave; băn khoăn của nhiều chị em.&nbsp;<a href=\"http://neuglowc-vn.fastbuy.biz/?click_id=5cb84de241195300415fd18f&amp;aff_sub1=&amp;aff_sub2=&amp;aff_sub3=&amp;aff_sub4=&amp;aff_sub5=&amp;fb_pixel_id=&amp;opid=GovCtIrLQ-BmlHfmIa87bs-OHaNVkxDQY9hzUZbBFLU\" style=\"color:blue; text-decoration:underline\">Nhiều chuy&ecirc;n gia gợi &yacute; ph&aacute;i đẹp sử dụng L-Glutathione dạng sủi - hấp thụ qua đường ruột, cho hiệu quả nhanh, lại an to&agrave;n tuyệt đối.</a></span></span></span></span></p>\r\n\r\n<p style=\"margin-left:0cm; margin-right:0cm\">&nbsp;</p>\r\n\r\n<p style=\"margin-left:0cm; margin-right:0cm; text-align:justify\"><span style=\"font-size:12pt\"><span style=\"background-color:white\"><span style=\"font-family:&quot;Times New Roman&quot;,serif\"><span style=\"font-size:14.0pt\">Tr&ecirc;n cơ sở nghi&ecirc;n cứu tr&ecirc;n, vi&ecirc;n uống dạng sủi&nbsp;<strong><a href=\"http://neuglowc-vn.fastbuy.biz/?click_id=5cb84de241195300415fd18f&amp;aff_sub1=&amp;aff_sub2=&amp;aff_sub3=&amp;aff_sub4=&amp;aff_sub5=&amp;fb_pixel_id=&amp;opid=GovCtIrLQ-BmlHfmIa87bs-OHaNVkxDQY9hzUZbBFLU\" style=\"color:blue; text-decoration:underline\">Neuglow C</a></strong>&nbsp;ra đời với sự kết hợp L-Glutathione v&agrave; vitamin C c&oacute; t&aacute;c dụng tạo hiệu ứng sinh l&yacute; gi&uacute;p da trắng s&aacute;ng, l&agrave;m chậm qu&aacute; tr&igrave;nh l&atilde;o ho&aacute;. Vitamin C gi&uacute;p Glutathione c&oacute; t&aacute;c dụng l&acirc;u d&agrave;i, tăng khả năng v&ocirc; hiệu h&oacute;a c&aacute;c gốc tự do g&acirc;y hại. Giải ph&aacute;p n&agrave;y c&ograve;n hỗ trợ tăng cường hệ miễn dịch của cơ thể, đem đến l&agrave;n da mới s&aacute;ng dần từ b&ecirc;n trong.</span></span></span></span></p>\r\n\r\n<p style=\"margin-left:0cm; margin-right:0cm; text-align:justify\"><span style=\"font-size:12pt\"><span style=\"background-color:white\"><span style=\"font-family:&quot;Times New Roman&quot;,serif\"><span style=\"font-size:14.0pt\">Ngo&agrave;i ra, để duy tr&igrave; l&agrave;n da trắng s&aacute;ng, mịn m&agrave;ng l&acirc;u d&agrave;i, bạn cần uống nhiều nước, ăn nhiều rau xanh v&agrave; tr&aacute;i c&acirc;y, hạn chế c&aacute;c chất ngọt, b&eacute;o; tr&aacute;nh stress, thức khuya; bảo vệ l&agrave;n da khi ra nắng...</span></span></span></span></p>\r\n\r\n<p style=\"margin-left:0cm; margin-right:0cm; text-align:justify\"><span style=\"font-size:12pt\"><span style=\"background-color:white\"><span style=\"font-family:&quot;Times New Roman&quot;,serif\"><span style=\"font-size:14.0pt\">M&igrave;nh đ&atilde; uống <a href=\"http://neuglowc-vn.fastbuy.biz/?click_id=5cb84de241195300415fd18f&amp;aff_sub1=&amp;aff_sub2=&amp;aff_sub3=&amp;aff_sub4=&amp;aff_sub5=&amp;fb_pixel_id=&amp;opid=GovCtIrLQ-BmlHfmIa87bs-OHaNVkxDQY9hzUZbBFLU\" style=\"color:blue; text-decoration:underline\">Neuglow C</a> 1 th&aacute;ng nay v&agrave; thấy rất hiệu quả vừa tiết kiệm, nhanh gọn v&agrave; an to&agrave;n. N&oacute;i về độ nổi tiếng v&agrave; uy t&iacute;n của <a href=\"http://neuglowc-vn.fastbuy.biz/?click_id=5cb84de241195300415fd18f&amp;aff_sub1=&amp;aff_sub2=&amp;aff_sub3=&amp;aff_sub4=&amp;aff_sub5=&amp;fb_pixel_id=&amp;opid=GovCtIrLQ-BmlHfmIa87bs-OHaNVkxDQY9hzUZbBFLU\" style=\"color:blue; text-decoration:underline\">Neuglow C</a> th&igrave; kh&ocirc;ng phải b&agrave;n. <a href=\"http://neuglowc-vn.fastbuy.biz/?click_id=5cb84de241195300415fd18f&amp;aff_sub1=&amp;aff_sub2=&amp;aff_sub3=&amp;aff_sub4=&amp;aff_sub5=&amp;fb_pixel_id=&amp;opid=GovCtIrLQ-BmlHfmIa87bs-OHaNVkxDQY9hzUZbBFLU\" style=\"color:blue; text-decoration:underline\">Neuglow C</a> đ&acirc;y l&agrave; vi&ecirc;n sủi trắng da h&agrave;ng đầu Anh Quốc.<strong> </strong><span style=\"background-color:white\">Đ&acirc;y thực sự l&agrave; th&agrave;nh quả nằm ngo&agrave;i sự kỳ vọng của đội ngũ gi&aacute;o sư b&aacute;c sĩ chuy&ecirc;n gia h&agrave;ng đầu thế giới, họ đ&atilde; phải ng&agrave;y đ&ecirc;m miệt m&agrave;i nghi&ecirc;n cứu v&agrave; tiến h&agrave;nh h&agrave;ng trăm cuộc thử nghiệm quy m&ocirc; lớn nhỏ.</span></span></span></span></span></p>\r\n\r\n<p style=\"margin-left:0cm; margin-right:0cm; text-align:justify\"><span style=\"font-size:12pt\"><span style=\"background-color:white\"><span style=\"font-family:&quot;Times New Roman&quot;,serif\"><span style=\"font-size:14.0pt\"><span style=\"background-color:white\">V&igrave; l&agrave; một sản phẩm an to&agrave;n v&agrave; l&agrave;m đẹp s&acirc;u b&ecirc;n trong n&ecirc;n <span style=\"color:#222222\"><a href=\"http://neuglowc-vn.fastbuy.biz/?click_id=5cb84dd141195300415fd0d3&amp;aff_sub1=&amp;aff_sub2=&amp;aff_sub3=&amp;aff_sub4=&amp;aff_sub5=&amp;fb_pixel_id=&amp;opid=GovCtIrLQ-BmlHfmIa87bs-OHaNVkxDQY9hzUZbBFLU\" style=\"color:blue; text-decoration:underline\"><span style=\"color:#0198bd\">điểm yếu lớn nhất của c&aacute;c sản phẩm l&agrave;m đẹp hiện nay ch&iacute;nh l&agrave; kh&oacute; bảo quản v&agrave; mất rất nhiều thời gian t&aacute;c dụng l&ecirc;n da.</span></a></span><span style=\"color:#222222\">&nbsp;Tr&aacute;i ngược với điều n&agrave;y, qu&aacute; tr&igrave;nh l&agrave;m trắng của&nbsp;<a href=\"http://neuglowc-vn.fastbuy.biz/?click_id=5cb84dd141195300415fd0d3&amp;aff_sub1=&amp;aff_sub2=&amp;aff_sub3=&amp;aff_sub4=&amp;aff_sub5=&amp;fb_pixel_id=&amp;opid=GovCtIrLQ-BmlHfmIa87bs-OHaNVkxDQY9hzUZbBFLU\" style=\"box-sizing:border-box; cursor:pointer; transition:all 0.5s ease-in-out 0s; color:blue; text-decoration:underline\"><span style=\"color:#0198bd\">NeuglowC</span></a>&nbsp;sẽ chỉ tốn một ch&uacute;t thời gian đủ l&acirc;u để kh&ocirc;ng khiến người d&ugrave;ng ch&aacute;n nản v&igrave; chờ đợi.&nbsp;<a href=\"http://neuglowc-vn.fastbuy.biz/?click_id=5cb84dd141195300415fd0d3&amp;aff_sub1=&amp;aff_sub2=&amp;aff_sub3=&amp;aff_sub4=&amp;aff_sub5=&amp;fb_pixel_id=&amp;opid=GovCtIrLQ-BmlHfmIa87bs-OHaNVkxDQY9hzUZbBFLU\" style=\"box-sizing:border-box; cursor:pointer; transition:all 0.5s ease-in-out 0s; color:blue; text-decoration:underline\"><span style=\"color:#0198bd\">NeuglowC</span></a>&nbsp;sẽ gi&uacute;p l&agrave;m trắng da từ s&acirc;u b&ecirc;n trong v&agrave; to&agrave;n th&acirc;n chứ kh&ocirc;ng phải chỉ một bộ phận nhỏ tr&ecirc;n cơ thể, rồi bỏ qua những bộ phận kh&oacute; nh&igrave;n thấy như: n&aacute;ch, lưng, đầu gối, khửu tay,... </span></span></span><span style=\"font-size:14.0pt\"><span style=\"color:#222222\">Ngo&agrave;i ra, kh&ocirc;ng giống như bất kỳ thuốc l&agrave;m trắng da kh&aacute;c,&nbsp;<a href=\"http://neuglowc-vn.fastbuy.biz/?click_id=5cb84dd141195300415fd0d3&amp;aff_sub1=&amp;aff_sub2=&amp;aff_sub3=&amp;aff_sub4=&amp;aff_sub5=&amp;fb_pixel_id=&amp;opid=GovCtIrLQ-BmlHfmIa87bs-OHaNVkxDQY9hzUZbBFLU\" style=\"box-sizing:border-box; cursor:pointer; transition:all 0.5s ease-in-out 0s; color:blue; text-decoration:underline\"><span style=\"color:#0198bd\">NeuglowC</span></a>&nbsp;kh&ocirc;ng chỉ tập trung v&agrave;o l&agrave;m trắng da, m&agrave; c&ograve;n l&agrave; một &ldquo;vũ kh&iacute;&rdquo; chống l&atilde;o h&oacute;a gi&uacute;p cơ thể khỏe mạnh v&agrave; giảm stress. B&ecirc;n cạnh đ&oacute;, bổ sung Glutathione qua đường uống cũng được c&aacute;c nh&agrave; khoa học đ&aacute;nh gi&aacute; l&agrave; an to&agrave;n cho sức khỏe hơn hẳn việc ti&ecirc;m.</span></span></span></span></span></p>\r\n\r\n<p style=\"margin-left:0cm; margin-right:0cm; text-align:justify\"><span style=\"font-size:12pt\"><span style=\"background-color:white\"><span style=\"font-family:&quot;Times New Roman&quot;,serif\"><span style=\"font-size:14.0pt\"><a href=\"http://neuglowc-vn.fastbuy.biz/?click_id=5cb84de241195300415fd18f&amp;aff_sub1=&amp;aff_sub2=&amp;aff_sub3=&amp;aff_sub4=&amp;aff_sub5=&amp;fb_pixel_id=&amp;opid=GovCtIrLQ-BmlHfmIa87bs-OHaNVkxDQY9hzUZbBFLU\" style=\"color:blue; text-decoration:underline\">Neuglow C</a> được nhiều sao tr&ecirc;n thế giới đặc biệt l&agrave; c&aacute;c sao &Aacute; Đ&ocirc;ng sử dụng. Ở Việt Nam, </span><span style=\"font-size:14.0pt\"><span style=\"background-color:white\">NeuGlow C l&agrave; vi&ecirc;n sủi trắng da ĐẦU TI&Ecirc;N, dạng sủi gi&uacute;p hấp thu Glutathione nhanh hơn, tốt hơn, đạt hiệu quả tối ưu hơn gấp 5 lần dạng n&eacute;n</span></span><span style=\"font-size:14.0pt\">. Chị em c&oacute; thể tham khảo một số chia sẻ của c&aacute;c sao nổi tiếng, v&agrave; cũng c&oacute; nhiều trang b&aacute;o nổi tiếng n&oacute;i về vi&ecirc;n sủi <a href=\"http://neuglowc-vn.fastbuy.biz/?click_id=5cb84de241195300415fd18f&amp;aff_sub1=&amp;aff_sub2=&amp;aff_sub3=&amp;aff_sub4=&amp;aff_sub5=&amp;fb_pixel_id=&amp;opid=GovCtIrLQ-BmlHfmIa87bs-OHaNVkxDQY9hzUZbBFLU\" style=\"color:blue; text-decoration:underline\">Neuglow C</a> n&agrave;y.</span></span></span></span></p>\r\n\r\n<p style=\"margin-left:0cm; margin-right:0cm; text-align:justify\"><span style=\"font-size:12pt\"><span style=\"background-color:white\"><span style=\"font-family:&quot;Times New Roman&quot;,serif\"><span style=\"font-size:14.0pt\"><a href=\"http://neuglowc-vn.fastbuy.biz/?click_id=5cb84de241195300415fd18f&amp;aff_sub1=&amp;aff_sub2=&amp;aff_sub3=&amp;aff_sub4=&amp;aff_sub5=&amp;fb_pixel_id=&amp;opid=GovCtIrLQ-BmlHfmIa87bs-OHaNVkxDQY9hzUZbBFLU\" style=\"color:blue; text-decoration:underline\">Neuglow C</a> c&oacute; giấy ph&eacute;p chứng nhận</span></span></span></span></p>\r\n\r\n<p style=\"margin-left:0cm; margin-right:0cm; text-align:justify\"><span style=\"font-size:12pt\"><span style=\"background-color:white\"><span style=\"font-family:&quot;Times New Roman&quot;,serif\"><span style=\"font-size:14.0pt\">V&igrave; sản phẩm n&agrave;y so hot v&igrave; mức độ hiệu quả v&agrave; an to&agrave;n của n&oacute;, m&agrave; khi l&agrave; người đang t&igrave;m mua sản phẩm n&agrave;y, chị em phải lưu &yacute; kh&ocirc;ng được tham rẻ v&agrave; đặt mua ở những nơi kh&ocirc;ng đủ tin cậy. M&igrave;nh giới thiệu cho chị em đặt h&agrave;ng ch&iacute;nh h&atilde;ng tại website ch&iacute;nh thức của sản phẩm. H&agrave;ng xịn, đ&uacute;ng gi&aacute;, lại c&oacute; khuyến m&atilde;i chuẩn theo chương tr&igrave;nh của nh&agrave; sản xuất.</span></span></span></span></p>\r\n', '', '', '', '', '', 0, 'vien-sui-uong-trang-da-newglow-c', '“Không đùa được” với viên sủi uống trắng da Newglow C', '', '');
INSERT INTO `page_languages` (`id`, `page_id`, `languages_code`, `lang_page_name`, `lang_page_des`, `lang_page_content`, `lang_page_sub_info1`, `lang_page_sub_info2`, `lang_page_sub_info3`, `lang_page_sub_info4`, `lang_page_sub_info5`, `edit_state`, `friendly_url`, `title_seo`, `keyword`, `des_seo`) VALUES
(38, 36, 'en', 'english version “Không đùa được” với viên sủi uống trắng da Newglow C', 'english version ', 'english version <p style=\"margin-left:0cm; margin-right:0cm\"><span style=\"font-size:12pt\"><span style=\"font-family:&quot;Times New Roman&quot;,serif\"><span style=\"font-size:14.0pt\">Ch&agrave;o c&aacute;c bạn! Dạo n&agrave;y m&igrave;nh kh&aacute; bận n&ecirc;n kh&ocirc;ng c&oacute; thời gian viết b&agrave;i chia sẻ cho mọi người. H&ocirc;m nay m&igrave;nh d&agrave;nh một tối để viết b&agrave;i chia sẻ thật chi tiết cho c&aacute;c chị em vế c&aacute;ch l&agrave;m trắng da an to&agrave;n m&agrave; hiệu quả. Kh&ocirc;ng phải ngẫu nhi&ecirc;n h&ocirc;m nay m&igrave;nh viết chủ đề n&agrave;y, v&igrave; th&aacute;ng vừa rồi m&igrave;nh d&ugrave;ng 1 sản phẩm l&agrave;m trắng da Newglow C th&iacute;ch qu&aacute; n&ecirc;n muốn chia sẻ để c&aacute;c chị em m&igrave;nh y&ecirc;n t&acirc;m khi d&ugrave;ng sản phẩm n&agrave;y. Về độ nổi tiếng th&igrave; kh&ocirc;ng phải b&agrave;n với Newglow C rồi nh&eacute; c&aacute;c chị em. Từ từ c&aacute;c chị em sẽ được kh&aacute;m ph&aacute; trong b&agrave;i viết n&agrave;y của m&igrave;nh.</span></span></span></p>\r\n\r\n<p style=\"margin-left:0cm; margin-right:0cm\">&nbsp;</p>\r\n\r\n<p style=\"margin-left:0cm; margin-right:0cm\"><span style=\"font-size:12pt\"><span style=\"font-family:&quot;Times New Roman&quot;,serif\"><span style=\"font-size:14.0pt\">Để l&agrave;m trắng da, c&aacute;c chị em c&oacute; nhiều c&aacute;ch l&agrave;m. C&aacute;c chị em ở tầm độ tuổi 30 như m&igrave;nh, khi <span style=\"background-color:white\">nếp nhăn bắt đầu xuất hiện tr&ecirc;n khu&ocirc;n mặt, da mất dần độ đ&agrave;n hồi</span> th&igrave; c&aacute;c chị em cũng bắt đầu t&igrave;m hiểu kỹ hơn để chăm s&oacute;c l&agrave;m da cho m&igrave;nh. Ở độ tuổi từ 20 trở đi, chị em đ&atilde; phải n&ecirc;n nghĩ đến việc d&ugrave;ng những sản phẩm ngo&agrave;i t&aacute;c dụng l&agrave;m trắng da c&ograve;n phải c&oacute; t&aacute;c d&ugrave;ng ngăn ngừa v&agrave; l&agrave;m chậm qu&aacute; tr&igrave;nh l&atilde;o h&oacute;a da. M&igrave;nh đ&atilde; thử gần như tất cả mọi thứ: c&aacute;c loại kem, mặt nạ, sữa dưỡng - từ loại đắt tiền nhất đến những loại cơ bản hay b&agrave;y b&aacute;n trong si&ecirc;u thị nh&igrave;n chung l&agrave; c&oacute; t&aacute;c dụng nhưng cũng kh&ocirc;ng cảm thấy kh&aacute;c biệt g&igrave; nhiều. Sau đ&oacute;, m&igrave;nh t&igrave;m đến c&aacute;c chuy&ecirc;n gia Spa, thẩm mỹ viện...</span> Sau nhiều giờ l&agrave;m massage, lột da chết, ti&ecirc;m, m&igrave;nh thấy c&oacute; ch&uacute;t t&aacute;c dụng đấy. Nhưng nhờ đi l&agrave;m đẹp như vậy, m&igrave;nh nhận ra như thế n&agrave;y m&igrave;nh sẽ m&atilde;i m&atilde;i phụ thuộc v&agrave;o c&aacute;c phương ph&aacute;p điều trị, đ&oacute; kh&ocirc;ng phải l&agrave; giải ph&aacute;p l&acirc;u d&agrave;i. Hơn nữa, bản chất c&aacute;c thẩm mỹ viện họ hướng đến thu nhập của họ, chứ t&acirc;m điểm kh&ocirc;ng phải kh&aacute;ch h&agrave;ng.</span></span></p>\r\n\r\n<p style=\"margin-left:0cm; margin-right:0cm\">&nbsp;</p>\r\n\r\n<p style=\"margin-left:0cm; margin-right:0cm; text-align:justify\"><span style=\"font-size:12pt\"><span style=\"background-color:white\"><span style=\"font-family:&quot;Times New Roman&quot;,serif\"><span style=\"font-size:14.0pt\">Để ngăn l&atilde;o h&oacute;a da sớm v&agrave; duy tr&igrave; n&eacute;t tươi tươi trẻ, chị em cần c&oacute; giải ph&aacute;p can thiệp từ gốc rễ v&agrave; tr&uacute;ng đ&iacute;ch.&nbsp;<a href=\"http://neuglowc-vn.fastbuy.biz/?click_id=5cb84de241195300415fd18f&amp;aff_sub1=&amp;aff_sub2=&amp;aff_sub3=&amp;aff_sub4=&amp;aff_sub5=&amp;fb_pixel_id=&amp;opid=GovCtIrLQ-BmlHfmIa87bs-OHaNVkxDQY9hzUZbBFLU\" style=\"color:blue; text-decoration:underline\">Sau nhiều nghi&ecirc;n cứu, c&aacute;c nh&agrave; khoa học đ&atilde; nhận định rằng Glutathione l&agrave; yếu tố quan trọng v&agrave; kh&ocirc;ng thể thiếu cho da</a>&nbsp;bởi Glutathione l&agrave; chất oxy h&oacute;a quan trọng gi&uacute;p tế b&agrave;o melanocytes tổng hợp tạo ra sắc tố melanin trắng, thay cho việc tạo th&agrave;nh sắc tố melanin đen, bảo vệ da trước t&aacute;c hại của tia bức xa UV khi tiếp x&uacute;c với &aacute;nh nắng mặt trời. Từ đ&oacute;, gi&uacute;p da trắng s&aacute;ng v&agrave; đều m&agrave;u, chống lại những t&aacute;c nh&acirc;n xấu từ m&ocirc;i trường.</span></span></span></span></p>\r\n\r\n<p style=\"margin-left:0cm; margin-right:0cm; text-align:justify\"><span style=\"font-size:12pt\"><span style=\"background-color:white\"><span style=\"font-family:&quot;Times New Roman&quot;,serif\"><span style=\"font-size:14.0pt\">B&ecirc;n cạnh đ&oacute;, Glutathione c&ograve;n c&oacute; thể loại bỏ c&aacute;c gốc tự do, bảo vệ ty thể v&agrave; m&agrave;ng tế b&agrave;o, thanh lọc độc tố v&agrave; kim loại nặng hấp thụ mỗi ng&agrave;y, gi&uacute;p da khỏe mạnh, loại bỏ c&aacute;c v&ugrave;ng th&ocirc; r&aacute;p. Nhờ đ&oacute;, l&agrave;n da dần lấy lại vẻ mềm mịn, căng s&aacute;ng.</span></span></span></span></p>\r\n\r\n<p style=\"margin-left:0cm; margin-right:0cm; text-align:justify\"><span style=\"font-size:12pt\"><span style=\"background-color:white\"><span style=\"font-family:&quot;Times New Roman&quot;,serif\"><span style=\"font-size:14.0pt\">Trước t&aacute;c động nội v&agrave; ngoại sinh, cơ thể kh&ocirc;ng sản sinh đủ lượng Glutathione cần thiết. Do đ&oacute;, cần c&oacute; phương ph&aacute;p bổ sung Glutathione. Tuy nhi&ecirc;n, bổ sung bằng c&aacute;ch n&agrave;o để đem lại hiệu quả cho l&agrave;n da l&agrave; băn khoăn của nhiều chị em.&nbsp;<a href=\"http://neuglowc-vn.fastbuy.biz/?click_id=5cb84de241195300415fd18f&amp;aff_sub1=&amp;aff_sub2=&amp;aff_sub3=&amp;aff_sub4=&amp;aff_sub5=&amp;fb_pixel_id=&amp;opid=GovCtIrLQ-BmlHfmIa87bs-OHaNVkxDQY9hzUZbBFLU\" style=\"color:blue; text-decoration:underline\">Nhiều chuy&ecirc;n gia gợi &yacute; ph&aacute;i đẹp sử dụng L-Glutathione dạng sủi - hấp thụ qua đường ruột, cho hiệu quả nhanh, lại an to&agrave;n tuyệt đối.</a></span></span></span></span></p>\r\n\r\n<p style=\"margin-left:0cm; margin-right:0cm\">&nbsp;</p>\r\n\r\n<p style=\"margin-left:0cm; margin-right:0cm; text-align:justify\"><span style=\"font-size:12pt\"><span style=\"background-color:white\"><span style=\"font-family:&quot;Times New Roman&quot;,serif\"><span style=\"font-size:14.0pt\">Tr&ecirc;n cơ sở nghi&ecirc;n cứu tr&ecirc;n, vi&ecirc;n uống dạng sủi&nbsp;<strong><a href=\"http://neuglowc-vn.fastbuy.biz/?click_id=5cb84de241195300415fd18f&amp;aff_sub1=&amp;aff_sub2=&amp;aff_sub3=&amp;aff_sub4=&amp;aff_sub5=&amp;fb_pixel_id=&amp;opid=GovCtIrLQ-BmlHfmIa87bs-OHaNVkxDQY9hzUZbBFLU\" style=\"color:blue; text-decoration:underline\">Neuglow C</a></strong>&nbsp;ra đời với sự kết hợp L-Glutathione v&agrave; vitamin C c&oacute; t&aacute;c dụng tạo hiệu ứng sinh l&yacute; gi&uacute;p da trắng s&aacute;ng, l&agrave;m chậm qu&aacute; tr&igrave;nh l&atilde;o ho&aacute;. Vitamin C gi&uacute;p Glutathione c&oacute; t&aacute;c dụng l&acirc;u d&agrave;i, tăng khả năng v&ocirc; hiệu h&oacute;a c&aacute;c gốc tự do g&acirc;y hại. Giải ph&aacute;p n&agrave;y c&ograve;n hỗ trợ tăng cường hệ miễn dịch của cơ thể, đem đến l&agrave;n da mới s&aacute;ng dần từ b&ecirc;n trong.</span></span></span></span></p>\r\n\r\n<p style=\"margin-left:0cm; margin-right:0cm; text-align:justify\"><span style=\"font-size:12pt\"><span style=\"background-color:white\"><span style=\"font-family:&quot;Times New Roman&quot;,serif\"><span style=\"font-size:14.0pt\">Ngo&agrave;i ra, để duy tr&igrave; l&agrave;n da trắng s&aacute;ng, mịn m&agrave;ng l&acirc;u d&agrave;i, bạn cần uống nhiều nước, ăn nhiều rau xanh v&agrave; tr&aacute;i c&acirc;y, hạn chế c&aacute;c chất ngọt, b&eacute;o; tr&aacute;nh stress, thức khuya; bảo vệ l&agrave;n da khi ra nắng...</span></span></span></span></p>\r\n\r\n<p style=\"margin-left:0cm; margin-right:0cm; text-align:justify\"><span style=\"font-size:12pt\"><span style=\"background-color:white\"><span style=\"font-family:&quot;Times New Roman&quot;,serif\"><span style=\"font-size:14.0pt\">M&igrave;nh đ&atilde; uống <a href=\"http://neuglowc-vn.fastbuy.biz/?click_id=5cb84de241195300415fd18f&amp;aff_sub1=&amp;aff_sub2=&amp;aff_sub3=&amp;aff_sub4=&amp;aff_sub5=&amp;fb_pixel_id=&amp;opid=GovCtIrLQ-BmlHfmIa87bs-OHaNVkxDQY9hzUZbBFLU\" style=\"color:blue; text-decoration:underline\">Neuglow C</a> 1 th&aacute;ng nay v&agrave; thấy rất hiệu quả vừa tiết kiệm, nhanh gọn v&agrave; an to&agrave;n. N&oacute;i về độ nổi tiếng v&agrave; uy t&iacute;n của <a href=\"http://neuglowc-vn.fastbuy.biz/?click_id=5cb84de241195300415fd18f&amp;aff_sub1=&amp;aff_sub2=&amp;aff_sub3=&amp;aff_sub4=&amp;aff_sub5=&amp;fb_pixel_id=&amp;opid=GovCtIrLQ-BmlHfmIa87bs-OHaNVkxDQY9hzUZbBFLU\" style=\"color:blue; text-decoration:underline\">Neuglow C</a> th&igrave; kh&ocirc;ng phải b&agrave;n. <a href=\"http://neuglowc-vn.fastbuy.biz/?click_id=5cb84de241195300415fd18f&amp;aff_sub1=&amp;aff_sub2=&amp;aff_sub3=&amp;aff_sub4=&amp;aff_sub5=&amp;fb_pixel_id=&amp;opid=GovCtIrLQ-BmlHfmIa87bs-OHaNVkxDQY9hzUZbBFLU\" style=\"color:blue; text-decoration:underline\">Neuglow C</a> đ&acirc;y l&agrave; vi&ecirc;n sủi trắng da h&agrave;ng đầu Anh Quốc.<strong> </strong><span style=\"background-color:white\">Đ&acirc;y thực sự l&agrave; th&agrave;nh quả nằm ngo&agrave;i sự kỳ vọng của đội ngũ gi&aacute;o sư b&aacute;c sĩ chuy&ecirc;n gia h&agrave;ng đầu thế giới, họ đ&atilde; phải ng&agrave;y đ&ecirc;m miệt m&agrave;i nghi&ecirc;n cứu v&agrave; tiến h&agrave;nh h&agrave;ng trăm cuộc thử nghiệm quy m&ocirc; lớn nhỏ.</span></span></span></span></span></p>\r\n\r\n<p style=\"margin-left:0cm; margin-right:0cm; text-align:justify\"><span style=\"font-size:12pt\"><span style=\"background-color:white\"><span style=\"font-family:&quot;Times New Roman&quot;,serif\"><span style=\"font-size:14.0pt\"><span style=\"background-color:white\">V&igrave; l&agrave; một sản phẩm an to&agrave;n v&agrave; l&agrave;m đẹp s&acirc;u b&ecirc;n trong n&ecirc;n <span style=\"color:#222222\"><a href=\"http://neuglowc-vn.fastbuy.biz/?click_id=5cb84dd141195300415fd0d3&amp;aff_sub1=&amp;aff_sub2=&amp;aff_sub3=&amp;aff_sub4=&amp;aff_sub5=&amp;fb_pixel_id=&amp;opid=GovCtIrLQ-BmlHfmIa87bs-OHaNVkxDQY9hzUZbBFLU\" style=\"color:blue; text-decoration:underline\"><span style=\"color:#0198bd\">điểm yếu lớn nhất của c&aacute;c sản phẩm l&agrave;m đẹp hiện nay ch&iacute;nh l&agrave; kh&oacute; bảo quản v&agrave; mất rất nhiều thời gian t&aacute;c dụng l&ecirc;n da.</span></a></span><span style=\"color:#222222\">&nbsp;Tr&aacute;i ngược với điều n&agrave;y, qu&aacute; tr&igrave;nh l&agrave;m trắng của&nbsp;<a href=\"http://neuglowc-vn.fastbuy.biz/?click_id=5cb84dd141195300415fd0d3&amp;aff_sub1=&amp;aff_sub2=&amp;aff_sub3=&amp;aff_sub4=&amp;aff_sub5=&amp;fb_pixel_id=&amp;opid=GovCtIrLQ-BmlHfmIa87bs-OHaNVkxDQY9hzUZbBFLU\" style=\"box-sizing:border-box; cursor:pointer; transition:all 0.5s ease-in-out 0s; color:blue; text-decoration:underline\"><span style=\"color:#0198bd\">NeuglowC</span></a>&nbsp;sẽ chỉ tốn một ch&uacute;t thời gian đủ l&acirc;u để kh&ocirc;ng khiến người d&ugrave;ng ch&aacute;n nản v&igrave; chờ đợi.&nbsp;<a href=\"http://neuglowc-vn.fastbuy.biz/?click_id=5cb84dd141195300415fd0d3&amp;aff_sub1=&amp;aff_sub2=&amp;aff_sub3=&amp;aff_sub4=&amp;aff_sub5=&amp;fb_pixel_id=&amp;opid=GovCtIrLQ-BmlHfmIa87bs-OHaNVkxDQY9hzUZbBFLU\" style=\"box-sizing:border-box; cursor:pointer; transition:all 0.5s ease-in-out 0s; color:blue; text-decoration:underline\"><span style=\"color:#0198bd\">NeuglowC</span></a>&nbsp;sẽ gi&uacute;p l&agrave;m trắng da từ s&acirc;u b&ecirc;n trong v&agrave; to&agrave;n th&acirc;n chứ kh&ocirc;ng phải chỉ một bộ phận nhỏ tr&ecirc;n cơ thể, rồi bỏ qua những bộ phận kh&oacute; nh&igrave;n thấy như: n&aacute;ch, lưng, đầu gối, khửu tay,... </span></span></span><span style=\"font-size:14.0pt\"><span style=\"color:#222222\">Ngo&agrave;i ra, kh&ocirc;ng giống như bất kỳ thuốc l&agrave;m trắng da kh&aacute;c,&nbsp;<a href=\"http://neuglowc-vn.fastbuy.biz/?click_id=5cb84dd141195300415fd0d3&amp;aff_sub1=&amp;aff_sub2=&amp;aff_sub3=&amp;aff_sub4=&amp;aff_sub5=&amp;fb_pixel_id=&amp;opid=GovCtIrLQ-BmlHfmIa87bs-OHaNVkxDQY9hzUZbBFLU\" style=\"box-sizing:border-box; cursor:pointer; transition:all 0.5s ease-in-out 0s; color:blue; text-decoration:underline\"><span style=\"color:#0198bd\">NeuglowC</span></a>&nbsp;kh&ocirc;ng chỉ tập trung v&agrave;o l&agrave;m trắng da, m&agrave; c&ograve;n l&agrave; một &ldquo;vũ kh&iacute;&rdquo; chống l&atilde;o h&oacute;a gi&uacute;p cơ thể khỏe mạnh v&agrave; giảm stress. B&ecirc;n cạnh đ&oacute;, bổ sung Glutathione qua đường uống cũng được c&aacute;c nh&agrave; khoa học đ&aacute;nh gi&aacute; l&agrave; an to&agrave;n cho sức khỏe hơn hẳn việc ti&ecirc;m.</span></span></span></span></span></p>\r\n\r\n<p style=\"margin-left:0cm; margin-right:0cm; text-align:justify\"><span style=\"font-size:12pt\"><span style=\"background-color:white\"><span style=\"font-family:&quot;Times New Roman&quot;,serif\"><span style=\"font-size:14.0pt\"><a href=\"http://neuglowc-vn.fastbuy.biz/?click_id=5cb84de241195300415fd18f&amp;aff_sub1=&amp;aff_sub2=&amp;aff_sub3=&amp;aff_sub4=&amp;aff_sub5=&amp;fb_pixel_id=&amp;opid=GovCtIrLQ-BmlHfmIa87bs-OHaNVkxDQY9hzUZbBFLU\" style=\"color:blue; text-decoration:underline\">Neuglow C</a> được nhiều sao tr&ecirc;n thế giới đặc biệt l&agrave; c&aacute;c sao &Aacute; Đ&ocirc;ng sử dụng. Ở Việt Nam, </span><span style=\"font-size:14.0pt\"><span style=\"background-color:white\">NeuGlow C l&agrave; vi&ecirc;n sủi trắng da ĐẦU TI&Ecirc;N, dạng sủi gi&uacute;p hấp thu Glutathione nhanh hơn, tốt hơn, đạt hiệu quả tối ưu hơn gấp 5 lần dạng n&eacute;n</span></span><span style=\"font-size:14.0pt\">. Chị em c&oacute; thể tham khảo một số chia sẻ của c&aacute;c sao nổi tiếng, v&agrave; cũng c&oacute; nhiều trang b&aacute;o nổi tiếng n&oacute;i về vi&ecirc;n sủi <a href=\"http://neuglowc-vn.fastbuy.biz/?click_id=5cb84de241195300415fd18f&amp;aff_sub1=&amp;aff_sub2=&amp;aff_sub3=&amp;aff_sub4=&amp;aff_sub5=&amp;fb_pixel_id=&amp;opid=GovCtIrLQ-BmlHfmIa87bs-OHaNVkxDQY9hzUZbBFLU\" style=\"color:blue; text-decoration:underline\">Neuglow C</a> n&agrave;y.</span></span></span></span></p>\r\n\r\n<p style=\"margin-left:0cm; margin-right:0cm; text-align:justify\"><span style=\"font-size:12pt\"><span style=\"background-color:white\"><span style=\"font-family:&quot;Times New Roman&quot;,serif\"><span style=\"font-size:14.0pt\"><a href=\"http://neuglowc-vn.fastbuy.biz/?click_id=5cb84de241195300415fd18f&amp;aff_sub1=&amp;aff_sub2=&amp;aff_sub3=&amp;aff_sub4=&amp;aff_sub5=&amp;fb_pixel_id=&amp;opid=GovCtIrLQ-BmlHfmIa87bs-OHaNVkxDQY9hzUZbBFLU\" style=\"color:blue; text-decoration:underline\">Neuglow C</a> c&oacute; giấy ph&eacute;p chứng nhận</span></span></span></span></p>\r\n\r\n<p style=\"margin-left:0cm; margin-right:0cm; text-align:justify\"><span style=\"font-size:12pt\"><span style=\"background-color:white\"><span style=\"font-family:&quot;Times New Roman&quot;,serif\"><span style=\"font-size:14.0pt\">V&igrave; sản phẩm n&agrave;y so hot v&igrave; mức độ hiệu quả v&agrave; an to&agrave;n của n&oacute;, m&agrave; khi l&agrave; người đang t&igrave;m mua sản phẩm n&agrave;y, chị em phải lưu &yacute; kh&ocirc;ng được tham rẻ v&agrave; đặt mua ở những nơi kh&ocirc;ng đủ tin cậy. M&igrave;nh giới thiệu cho chị em đặt h&agrave;ng ch&iacute;nh h&atilde;ng tại website ch&iacute;nh thức của sản phẩm. H&agrave;ng xịn, đ&uacute;ng gi&aacute;, lại c&oacute; khuyến m&atilde;i chuẩn theo chương tr&igrave;nh của nh&agrave; sản xuất.</span></span></span></span></p>\r\n', '', '', '', '', '', 0, 'en-vien-sui-uong-trang-da-newglow-c', '“Không đùa được” với viên sủi uống trắng da Newglow C', '', '');

-- --------------------------------------------------------

--
-- Table structure for table `product`
--

CREATE TABLE `product` (
  `product_id` int(11) NOT NULL,
  `product_name` text COLLATE utf8_unicode_ci,
  `alias` varchar(400) COLLATE utf8_unicode_ci NOT NULL,
  `product_des` text COLLATE utf8_unicode_ci,
  `product_des2` text COLLATE utf8_unicode_ci,
  `product_des3` text COLLATE utf8_unicode_ci,
  `product_content` text COLLATE utf8_unicode_ci,
  `product_content2` text COLLATE utf8_unicode_ci,
  `product_content3` text COLLATE utf8_unicode_ci,
  `product_price` float DEFAULT NULL,
  `product_price_sale` float DEFAULT NULL,
  `product_discount` float DEFAULT NULL,
  `product_img` text COLLATE utf8_unicode_ci,
  `product_sub_img` text COLLATE utf8_unicode_ci,
  `product_created_date` datetime DEFAULT NULL,
  `product_update_date` datetime DEFAULT NULL,
  `productcat_id` int(11) DEFAULT NULL,
  `product_hot` int(11) DEFAULT '0',
  `product_new` int(11) DEFAULT '0',
  `product_sale` int(11) DEFAULT '0',
  `product_code` text COLLATE utf8_unicode_ci,
  `product_original` text COLLATE utf8_unicode_ci,
  `product_size` text COLLATE utf8_unicode_ci,
  `product_package` text COLLATE utf8_unicode_ci,
  `product_delivery` text COLLATE utf8_unicode_ci,
  `product_delivery_time` text COLLATE utf8_unicode_ci,
  `product_payment` text COLLATE utf8_unicode_ci,
  `product_payment_type` text COLLATE utf8_unicode_ci,
  `product_sub_info1` text COLLATE utf8_unicode_ci,
  `product_sub_info2` text COLLATE utf8_unicode_ci,
  `product_sub_info3` text COLLATE utf8_unicode_ci,
  `product_sub_info4` text COLLATE utf8_unicode_ci,
  `product_sub_info5` text COLLATE utf8_unicode_ci,
  `state` int(11) NOT NULL DEFAULT '0',
  `title_seo` text COLLATE utf8_unicode_ci,
  `des_seo` text COLLATE utf8_unicode_ci,
  `friendly_url` text COLLATE utf8_unicode_ci,
  `keyword` text COLLATE utf8_unicode_ci,
  `created_id` int(11) DEFAULT NULL,
  `product_material` varchar(255) COLLATE utf8_unicode_ci DEFAULT NULL,
  `product_shape` varchar(255) COLLATE utf8_unicode_ci DEFAULT NULL,
  `product_expiration` varchar(255) COLLATE utf8_unicode_ci DEFAULT NULL,
  `product_producer` int(11) DEFAULT NULL,
  `product_review` text COLLATE utf8_unicode_ci,
  `productcat_ar` text COLLATE utf8_unicode_ci,
  `producttag_arr` varchar(10000) COLLATE utf8_unicode_ci NOT NULL
) ENGINE=InnoDB DEFAULT CHARSET=utf8 COLLATE=utf8_unicode_ci;

-- --------------------------------------------------------

--
-- Table structure for table `productcat`
--

CREATE TABLE `productcat` (
  `productcat_id` int(11) NOT NULL,
  `productcat_name` text COLLATE utf8_unicode_ci,
  `productcat_des` text COLLATE utf8_unicode_ci,
  `productcat_content` text COLLATE utf8_unicode_ci,
  `productcat_parent` int(11) NOT NULL DEFAULT '0',
  `productcat_sort_order` int(11) NOT NULL DEFAULT '0',
  `productcat_img` text COLLATE utf8_unicode_ci,
  `productcat_created_date` datetime DEFAULT NULL,
  `productcat_update_date` datetime DEFAULT NULL,
  `productcat_sub_info1` text COLLATE utf8_unicode_ci,
  `productcat_sub_info2` text COLLATE utf8_unicode_ci,
  `productcat_sub_info3` text COLLATE utf8_unicode_ci,
  `productcat_sub_info4` text COLLATE utf8_unicode_ci,
  `productcat_sub_info5` text COLLATE utf8_unicode_ci,
  `state` int(11) NOT NULL DEFAULT '0',
  `title_seo` text COLLATE utf8_unicode_ci,
  `des_seo` text COLLATE utf8_unicode_ci,
  `friendly_url` text COLLATE utf8_unicode_ci,
  `keyword` text COLLATE utf8_unicode_ci,
  `created_id` int(11) DEFAULT NULL
) ENGINE=InnoDB DEFAULT CHARSET=utf8 COLLATE=utf8_unicode_ci;

-- --------------------------------------------------------

--
-- Table structure for table `productcat_languages`
--

CREATE TABLE `productcat_languages` (
  `id` bigint(20) NOT NULL,
  `productcat_id` int(11) DEFAULT NULL,
  `lang_productcat_name` text COLLATE utf8_unicode_ci,
  `languages_code` varchar(255) COLLATE utf8_unicode_ci DEFAULT NULL,
  `lang_productcat_des` text COLLATE utf8_unicode_ci,
  `lang_productcat_content` text COLLATE utf8_unicode_ci,
  `lang_productcat_sub_info1` text COLLATE utf8_unicode_ci,
  `lang_productcat_sub_info2` text COLLATE utf8_unicode_ci,
  `lang_productcat_sub_info3` text COLLATE utf8_unicode_ci,
  `lang_productcat_sub_info4` text COLLATE utf8_unicode_ci,
  `lang_productcat_sub_info5` text COLLATE utf8_unicode_ci,
  `edit_state` int(11) NOT NULL DEFAULT '0',
  `friendly_url` varchar(255) COLLATE utf8_unicode_ci DEFAULT NULL,
  `keyword` text COLLATE utf8_unicode_ci,
  `title_seo` varchar(255) COLLATE utf8_unicode_ci DEFAULT NULL,
  `des_seo` text COLLATE utf8_unicode_ci
) ENGINE=InnoDB DEFAULT CHARSET=utf8 COLLATE=utf8_unicode_ci;

-- --------------------------------------------------------

--
-- Table structure for table `producttag`
--

CREATE TABLE `producttag` (
  `producttag_id` int(11) NOT NULL,
  `producttag_name` text CHARACTER SET utf8 COLLATE utf8_unicode_ci NOT NULL,
  `producttag_des` text CHARACTER SET utf8 COLLATE utf8_unicode_ci NOT NULL,
  `producttag_content` text CHARACTER SET utf8 COLLATE utf8_unicode_ci NOT NULL,
  `producttag_sort_order` int(11) NOT NULL,
  `producttag_img` text CHARACTER SET utf8 COLLATE utf8_unicode_ci NOT NULL,
  `producttag_created_date` datetime NOT NULL,
  `producttag_update_date` datetime NOT NULL,
  `producttag_sub_info1` text CHARACTER SET utf8 COLLATE utf8_unicode_ci NOT NULL,
  `producttag_sub_info2` text CHARACTER SET utf8 COLLATE utf8_unicode_ci NOT NULL,
  `producttag_sub_info3` text CHARACTER SET utf8 COLLATE utf8_unicode_ci NOT NULL,
  `producttag_sub_info4` text CHARACTER SET utf8 COLLATE utf8_unicode_ci NOT NULL,
  `producttag_sub_info5` text CHARACTER SET utf8 COLLATE utf8_unicode_ci NOT NULL,
  `state` int(11) NOT NULL,
  `title_seo` text CHARACTER SET utf8 COLLATE utf8_unicode_ci NOT NULL,
  `des_seo` text CHARACTER SET utf8 COLLATE utf8_unicode_ci NOT NULL,
  `friendly_url` text CHARACTER SET utf8 COLLATE utf8_unicode_ci NOT NULL,
  `keyword` text CHARACTER SET utf8 COLLATE utf8_unicode_ci NOT NULL,
  `created_id` int(11) NOT NULL
) ENGINE=InnoDB DEFAULT CHARSET=latin1;

--
-- Dumping data for table `producttag`
--

INSERT INTO `producttag` (`producttag_id`, `producttag_name`, `producttag_des`, `producttag_content`, `producttag_sort_order`, `producttag_img`, `producttag_created_date`, `producttag_update_date`, `producttag_sub_info1`, `producttag_sub_info2`, `producttag_sub_info3`, `producttag_sub_info4`, `producttag_sub_info5`, `state`, `title_seo`, `des_seo`, `friendly_url`, `keyword`, `created_id`) VALUES
(5, 'đỏ', '<p>des</p>\r\n', '<p>content1</p>\r\n', 0, '', '2017-12-12 19:12:53', '2017-12-13 12:12:30', '', '', '', '', '', 1, 'đỏ', 'a1', 'do', 'a1', 1),
(7, 'Xanh', '', '', 0, '', '2017-12-13 12:12:49', '2017-12-13 12:12:49', '', '', '', '', '', 1, 'Xanh', '', 'xanh', '', 1),
(8, 'Vàng', '', '', 0, '', '2017-12-13 12:12:04', '2017-12-13 17:12:26', '', '', '', '', '', 1, 'Vàng', '', 'vang', '', 1);

-- --------------------------------------------------------

--
-- Table structure for table `producttag_languages`
--

CREATE TABLE `producttag_languages` (
  `id` int(11) NOT NULL,
  `producttag_id` int(11) NOT NULL,
  `lang_producttag_name` text CHARACTER SET utf8 COLLATE utf8_unicode_ci NOT NULL,
  `languages_code` varchar(30) CHARACTER SET utf8 COLLATE utf8_unicode_ci NOT NULL,
  `lang_producttag_des` text CHARACTER SET utf8 COLLATE utf8_unicode_ci NOT NULL,
  `lang_producttag_content` text CHARACTER SET utf8 COLLATE utf8_unicode_ci NOT NULL,
  `lang_producttag_sub_info1` text CHARACTER SET utf8 COLLATE utf8_unicode_ci NOT NULL,
  `lang_producttag_sub_info2` text CHARACTER SET utf8 COLLATE utf8_unicode_ci NOT NULL,
  `lang_producttag_sub_info3` text CHARACTER SET utf8 COLLATE utf8_unicode_ci NOT NULL,
  `lang_producttag_sub_info4` text CHARACTER SET utf8 COLLATE utf8_unicode_ci NOT NULL,
  `lang_producttag_sub_info5` text CHARACTER SET utf8 COLLATE utf8_unicode_ci NOT NULL,
  `edit_state` int(11) NOT NULL,
  `friendly_url` varchar(225) CHARACTER SET utf8 COLLATE utf8_unicode_ci NOT NULL,
  `keyword` text CHARACTER SET utf8 COLLATE utf8_unicode_ci NOT NULL,
  `title_seo` varchar(225) CHARACTER SET utf8 COLLATE utf8_unicode_ci NOT NULL,
  `des_seo` text CHARACTER SET utf8 COLLATE utf8_unicode_ci NOT NULL
) ENGINE=InnoDB DEFAULT CHARSET=latin1;

--
-- Dumping data for table `producttag_languages`
--

INSERT INTO `producttag_languages` (`id`, `producttag_id`, `lang_producttag_name`, `languages_code`, `lang_producttag_des`, `lang_producttag_content`, `lang_producttag_sub_info1`, `lang_producttag_sub_info2`, `lang_producttag_sub_info3`, `lang_producttag_sub_info4`, `lang_producttag_sub_info5`, `edit_state`, `friendly_url`, `keyword`, `title_seo`, `des_seo`) VALUES
(2, 5, 'đỏ', 'vn', '<p>des</p>\r\n', '<p>content1</p>\r\n', '', '', '', '', '', 1, 'do', 'a1', 'đỏ', 'a1'),
(3, 5, 'tag produnt', 'en', '<p>des</p>\r\n', '<p>content</p>\r\n', '', '', '', '', '', 1, 'tag-produnt', 'a', 'tag produnt', 'a'),
(6, 7, 'Xanh', 'vn', '', '', '', '', '', '', '', 1, 'xanh', '', 'Xanh', ''),
(7, 7, 'Xanh', 'en', '', '', '', '', '', '', '', 1, 'xanh', '', 'Xanh', ''),
(8, 8, 'Vàng', 'vn', '<p>1</p>\r\n', '<p>1</p>\r\n', '', '', '', '', '', 1, 'vang', '', 'Vàng', ''),
(9, 8, 'yellow', 'en', '', '', '', '', '', '', '', 1, 'vang', '', 'Vàng', '');

-- --------------------------------------------------------

--
-- Table structure for table `product_color`
--

CREATE TABLE `product_color` (
  `id` bigint(20) NOT NULL,
  `product_id` int(11) NOT NULL,
  `color` text COLLATE utf8_unicode_ci
) ENGINE=InnoDB DEFAULT CHARSET=utf8 COLLATE=utf8_unicode_ci;

-- --------------------------------------------------------

--
-- Table structure for table `product_languages`
--

CREATE TABLE `product_languages` (
  `id` bigint(20) NOT NULL,
  `product_id` int(11) DEFAULT NULL,
  `languages_code` varchar(255) COLLATE utf8_unicode_ci DEFAULT NULL,
  `lang_product_name` text COLLATE utf8_unicode_ci,
  `lang_product_des` text COLLATE utf8_unicode_ci,
  `lang_product_des2` text COLLATE utf8_unicode_ci,
  `lang_product_des3` text COLLATE utf8_unicode_ci,
  `lang_product_content` text COLLATE utf8_unicode_ci,
  `lang_product_content2` text COLLATE utf8_unicode_ci,
  `lang_product_content3` text COLLATE utf8_unicode_ci,
  `lang_product_code` text COLLATE utf8_unicode_ci,
  `lang_product_original` text COLLATE utf8_unicode_ci,
  `lang_product_size` text COLLATE utf8_unicode_ci,
  `lang_product_package` text COLLATE utf8_unicode_ci,
  `lang_product_delivery` text COLLATE utf8_unicode_ci,
  `lang_product_delivery_time` text COLLATE utf8_unicode_ci,
  `lang_product_payment` text COLLATE utf8_unicode_ci,
  `lang_product_payment_type` text COLLATE utf8_unicode_ci,
  `lang_product_sub_info1` text COLLATE utf8_unicode_ci,
  `lang_product_sub_info2` text COLLATE utf8_unicode_ci,
  `lang_product_sub_info3` text COLLATE utf8_unicode_ci,
  `lang_product_sub_info4` text COLLATE utf8_unicode_ci,
  `lang_product_sub_info5` text COLLATE utf8_unicode_ci,
  `edit_state` int(11) NOT NULL DEFAULT '0',
  `friendly_url` varchar(255) COLLATE utf8_unicode_ci DEFAULT NULL,
  `title_seo` varchar(255) COLLATE utf8_unicode_ci DEFAULT NULL,
  `des_seo` text COLLATE utf8_unicode_ci,
  `keyword` text COLLATE utf8_unicode_ci
) ENGINE=InnoDB DEFAULT CHARSET=utf8 COLLATE=utf8_unicode_ci;

-- --------------------------------------------------------

--
-- Table structure for table `product_producer`
--

CREATE TABLE `product_producer` (
  `producer_id` int(11) NOT NULL,
  `producer_name` varchar(255) COLLATE utf8_unicode_ci DEFAULT NULL,
  `producer_sort_order` int(11) DEFAULT NULL,
  `producer_parent` int(11) DEFAULT NULL,
  `state` int(11) DEFAULT '1'
) ENGINE=InnoDB DEFAULT CHARSET=utf8 COLLATE=utf8_unicode_ci;

--
-- Dumping data for table `product_producer`
--

INSERT INTO `product_producer` (`producer_id`, `producer_name`, `producer_sort_order`, `producer_parent`, `state`) VALUES
(3, 'Donaldson', 1, 0, 1),
(4, 'Komatsu', 2, 0, 1),
(5, 'Fleetguard', 3, 0, 1),
(6, 'Badwin', 4, 0, 1),
(7, 'Huyndai-Mobis', 5, 0, 1),
(8, 'Sakura', 6, 0, 1),
(9, 'Kobelco', 7, 0, 1),
(10, 'Hãng khác', 8, 0, 1);

-- --------------------------------------------------------

--
-- Table structure for table `product_producer_languages`
--

CREATE TABLE `product_producer_languages` (
  `id` int(11) NOT NULL,
  `languages_code` varchar(255) COLLATE utf8_unicode_ci DEFAULT NULL,
  `lang_producer_name` varchar(255) COLLATE utf8_unicode_ci DEFAULT NULL,
  `producer_id` int(11) NOT NULL,
  `friendly_url` varchar(255) COLLATE utf8_unicode_ci DEFAULT NULL
) ENGINE=InnoDB DEFAULT CHARSET=utf8 COLLATE=utf8_unicode_ci;

--
-- Dumping data for table `product_producer_languages`
--

INSERT INTO `product_producer_languages` (`id`, `languages_code`, `lang_producer_name`, `producer_id`, `friendly_url`) VALUES
(34, 'vn', 'Donaldson', 3, 'donaldson'),
(35, 'en', 'Donaldson', 3, 'donaldson'),
(36, 'vn', 'Komatsu', 4, 'komatsu'),
(37, 'en', 'Komatsu', 4, 'komatsu'),
(38, 'vn', 'Fleetguard', 5, 'fleetguard'),
(39, 'en', 'Fleetguard', 5, 'fleetguard'),
(40, 'vn', 'Badwin', 6, 'badwin'),
(41, 'en', 'Badwin', 6, 'badwin'),
(42, 'vn', 'Huyndai-Mobis', 7, 'huyndai-mobis'),
(43, 'en', 'Huyndai-Mobis', 7, 'huyndai-mobis'),
(44, 'vn', 'Sakura', 8, 'sakura'),
(45, 'en', 'Sakura', 8, 'sakura'),
(46, 'vn', 'Kobelco', 9, 'kobelco'),
(47, 'en', 'Kobelco', 9, 'kobelco'),
(48, 'vn', 'Hãng khác', 10, 'hang-khac'),
(49, 'en', 'Hãng khác', 10, 'hang-khac');

-- --------------------------------------------------------

--
-- Table structure for table `pro_color`
--

CREATE TABLE `pro_color` (
  `id` int(11) NOT NULL,
  `color` text COLLATE utf8_unicode_ci,
  `id_product` int(11) NOT NULL
) ENGINE=InnoDB DEFAULT CHARSET=utf8 COLLATE=utf8_unicode_ci;

-- --------------------------------------------------------

--
-- Table structure for table `regInfor`
--

CREATE TABLE `regInfor` (
  `regInfor_id` int(11) NOT NULL,
  `regInfor_name` varchar(255) COLLATE utf8_unicode_ci DEFAULT NULL,
  `regInfor_phone` varchar(255) COLLATE utf8_unicode_ci DEFAULT NULL,
  `regInfor_mail` varchar(255) COLLATE utf8_unicode_ci DEFAULT NULL,
  `regInfor_address` varchar(255) COLLATE utf8_unicode_ci DEFAULT NULL,
  `regInfor_wasBorn` int(11) DEFAULT NULL,
  `regInfor_code` varchar(255) COLLATE utf8_unicode_ci DEFAULT NULL,
  `regInfor_state` int(11) DEFAULT '1',
  `regInfor_createdDate` date DEFAULT NULL,
  `regInfor_answer1` int(11) DEFAULT '1',
  `regInfor_answer2` int(11) DEFAULT '1',
  `regInfor_answer3` int(11) DEFAULT '1',
  `regInfor_answer4` int(11) DEFAULT '1',
  `regInfor_answer5` int(11) DEFAULT '1',
  `regInfor_answer6` int(11) DEFAULT '1',
  `regInfor_answer7` int(11) DEFAULT '1',
  `regInfor_answer8` int(11) DEFAULT '1',
  `regInfor_answer9` int(11) DEFAULT '1',
  `regInfor_sex` varchar(255) COLLATE utf8_unicode_ci DEFAULT NULL
) ENGINE=InnoDB DEFAULT CHARSET=utf8 COLLATE=utf8_unicode_ci;

--
-- Dumping data for table `regInfor`
--

INSERT INTO `regInfor` (`regInfor_id`, `regInfor_name`, `regInfor_phone`, `regInfor_mail`, `regInfor_address`, `regInfor_wasBorn`, `regInfor_code`, `regInfor_state`, `regInfor_createdDate`, `regInfor_answer1`, `regInfor_answer2`, `regInfor_answer3`, `regInfor_answer4`, `regInfor_answer5`, `regInfor_answer6`, `regInfor_answer7`, `regInfor_answer8`, `regInfor_answer9`, `regInfor_sex`) VALUES
(25, 'fgsf', '0967878', NULL, NULL, 0, NULL, 1, '2017-06-21', 1, 1, 1, 1, 1, 1, 1, 1, 1, 'nam'),
(26, 'th', '0967878', NULL, NULL, 0, NULL, 1, '2017-06-21', 1, 1, 1, 1, 1, 1, 1, 1, 1, 'nam'),
(31, 'thuyhang', '0967878', NULL, NULL, 0, NULL, 1, '2017-06-21', 1, 1, 1, 1, 1, 1, 1, 1, 1, 'nam'),
(32, 'thuyhang2', '0967878', NULL, NULL, 1955, NULL, 1, '2017-06-21', 1, 1, 1, 1, 1, 1, 1, 1, 2, 'nữ'),
(34, 'thdfghgfh', 'dfasdfas', NULL, NULL, 1940, NULL, 1, '2017-06-21', 1, 1, 1, 1, 1, 1, 2, 1, 1, 'nam'),
(35, NULL, NULL, NULL, NULL, NULL, NULL, 1, NULL, 1, 1, 1, 1, 1, 1, 1, 1, 1, NULL),
(36, NULL, NULL, NULL, NULL, NULL, NULL, 1, NULL, 1, 1, 1, 1, 1, 1, 1, 1, 1, NULL),
(37, 'hh', '01669745858', NULL, NULL, 1940, NULL, 1, '2017-06-22', 1, 1, 1, 1, 1, 1, 1, 1, 1, 'nam'),
(38, '', '01669745858', NULL, NULL, 1982, NULL, 1, '2017-06-22', 1, 1, 1, 1, 1, 1, 1, 1, 1, 'nam'),
(39, 'hsdfansdf', '0967878', NULL, NULL, 1940, NULL, 1, '2017-06-22', 1, 1, 1, 1, 1, 1, 1, 1, 1, 'nam'),
(40, '', 'dsfdsfsfs', NULL, NULL, 1940, NULL, 1, '2017-06-22', 1, 1, 1, 1, 1, 1, 1, 1, 1, 'nam'),
(41, NULL, NULL, NULL, NULL, NULL, NULL, 1, NULL, 1, 1, 1, 1, 1, 1, 1, 1, 1, NULL),
(42, NULL, NULL, NULL, NULL, NULL, NULL, 1, NULL, 1, 1, 1, 1, 1, 1, 1, 1, 1, NULL),
(43, NULL, NULL, NULL, NULL, NULL, NULL, 1, NULL, 1, 1, 1, 1, 1, 1, 1, 1, 1, NULL),
(44, NULL, NULL, NULL, NULL, NULL, NULL, 1, NULL, 1, 1, 1, 1, 1, 1, 1, 1, 1, NULL),
(45, NULL, NULL, NULL, NULL, NULL, NULL, 1, NULL, 1, 1, 1, 1, 1, 1, 1, 1, 1, NULL),
(46, '', '01669745858', NULL, NULL, 1940, NULL, 1, '2017-06-27', 1, 1, 1, 1, 1, 1, 1, 1, 1, 'nam'),
(47, NULL, NULL, NULL, NULL, NULL, NULL, 1, NULL, 1, 1, 1, 1, 1, 1, 1, 1, 1, NULL),
(48, NULL, NULL, NULL, NULL, NULL, NULL, 1, NULL, 1, 1, 1, 1, 1, 1, 1, 1, 1, NULL),
(49, NULL, NULL, NULL, NULL, NULL, NULL, 1, NULL, 1, 1, 1, 1, 1, 1, 1, 1, 1, NULL),
(50, NULL, NULL, NULL, NULL, NULL, NULL, 1, NULL, 1, 1, 1, 1, 1, 1, 1, 1, 1, NULL),
(51, NULL, NULL, NULL, NULL, NULL, NULL, 1, NULL, 1, 1, 1, 1, 1, 1, 1, 1, 1, NULL),
(52, NULL, NULL, NULL, NULL, NULL, NULL, 1, NULL, 1, 1, 1, 1, 1, 1, 1, 1, 1, NULL),
(53, 'erte', '5657', NULL, NULL, 2345, NULL, 1, '2017-07-10', 1, 1, 1, 1, 1, 1, 1, 1, 1, '4'),
(54, '', '', NULL, NULL, 0, NULL, 1, '2017-07-10', 1, 1, 1, 1, 1, 1, 1, 1, 1, '0'),
(55, 'dryrs', '3426546', NULL, NULL, 25346, NULL, 1, '2017-07-10', 1, 1, 1, 1, 1, 1, 1, 1, 1, '1'),
(56, 'hangpt', '0973378669', NULL, NULL, 1989, NULL, 1, '2017-07-10', 1, 1, 1, 1, 1, 1, 1, 1, 1, '4'),
(57, 'fhgh', 'fhfhfh', NULL, NULL, 0, NULL, 1, '2017-07-15', 1, 1, 1, 1, 1, 1, 1, 1, 1, '3'),
(58, 'tgsdfg', '', NULL, NULL, 0, NULL, 1, '2017-07-16', 1, 1, 1, 1, 1, 1, 1, 1, 1, '0'),
(59, 'zxcv', 'sdf', NULL, NULL, 0, NULL, 1, '2017-07-16', 1, 1, 1, 1, 1, 1, 1, 1, 1, '0'),
(60, 'xzc', '35345', NULL, NULL, 0, NULL, 1, '2017-07-16', 1, 1, 1, 1, 1, 1, 1, 1, 1, '1');

-- --------------------------------------------------------

--
-- Table structure for table `regMember`
--

CREATE TABLE `regMember` (
  `regMember_id` int(11) NOT NULL,
  `regMember_mail` varchar(255) COLLATE utf8_unicode_ci DEFAULT NULL,
  `regMember_createdDate` date DEFAULT NULL
) ENGINE=InnoDB DEFAULT CHARSET=utf8 COLLATE=utf8_unicode_ci;

--
-- Dumping data for table `regMember`
--

INSERT INTO `regMember` (`regMember_id`, `regMember_mail`, `regMember_createdDate`) VALUES
(11, 'ádgf', '2017-07-16'),
(12, 'xvdfg', '2017-07-16'),
(13, '', '2017-07-30');

-- --------------------------------------------------------

--
-- Table structure for table `sale`
--

CREATE TABLE `sale` (
  `sale_id` int(11) NOT NULL,
  `sale_name` text COLLATE utf8_unicode_ci,
  `sale_code` text COLLATE utf8_unicode_ci,
  `sale_total_count` int(11) DEFAULT NULL,
  `sale_type` int(11) DEFAULT NULL,
  `sale_value` float DEFAULT NULL,
  `sale_apply` int(11) DEFAULT NULL,
  `productcat_id` int(11) DEFAULT NULL,
  `product_id` int(11) DEFAULT NULL,
  `sale_start_date` datetime DEFAULT NULL,
  `sale_end_date` datetime DEFAULT NULL,
  `state` int(11) NOT NULL DEFAULT '0'
) ENGINE=InnoDB DEFAULT CHARSET=utf8 COLLATE=utf8_unicode_ci;

-- --------------------------------------------------------

--
-- Table structure for table `service`
--

CREATE TABLE `service` (
  `service_id` int(11) NOT NULL,
  `service_name` varchar(255) COLLATE utf8_unicode_ci DEFAULT NULL,
  `service_des` text COLLATE utf8_unicode_ci,
  `service_content` longtext COLLATE utf8_unicode_ci,
  `service_img` varchar(255) COLLATE utf8_unicode_ci DEFAULT NULL,
  `service_views` varchar(255) COLLATE utf8_unicode_ci DEFAULT NULL,
  `servicecat_id` int(11) DEFAULT NULL,
  `service_author` varchar(255) COLLATE utf8_unicode_ci DEFAULT NULL,
  `service_create_date` date DEFAULT NULL,
  `service_update_date` date DEFAULT NULL,
  `state` int(11) DEFAULT '1',
  `service_sub_infor1` longtext COLLATE utf8_unicode_ci,
  `service_sub_infor2` longtext COLLATE utf8_unicode_ci,
  `service_sub_infor3` longtext COLLATE utf8_unicode_ci,
  `service_sub_infor4` longtext COLLATE utf8_unicode_ci,
  `service_sub_infor5` longtext COLLATE utf8_unicode_ci,
  `title_seo` varchar(255) COLLATE utf8_unicode_ci DEFAULT NULL,
  `des_seo` text COLLATE utf8_unicode_ci,
  `friendly_url` varchar(255) COLLATE utf8_unicode_ci DEFAULT NULL,
  `keyword` varchar(255) COLLATE utf8_unicode_ci DEFAULT NULL,
  `created_id` int(11) DEFAULT NULL,
  `servicetag_arr` varchar(10000) COLLATE utf8_unicode_ci NOT NULL
) ENGINE=InnoDB DEFAULT CHARSET=utf8 COLLATE=utf8_unicode_ci;

--
-- Dumping data for table `service`
--

INSERT INTO `service` (`service_id`, `service_name`, `service_des`, `service_content`, `service_img`, `service_views`, `servicecat_id`, `service_author`, `service_create_date`, `service_update_date`, `state`, `service_sub_infor1`, `service_sub_infor2`, `service_sub_infor3`, `service_sub_infor4`, `service_sub_infor5`, `title_seo`, `des_seo`, `friendly_url`, `keyword`, `created_id`, `servicetag_arr`) VALUES
(65, 'Dịch vụ thiết kế website chuyên nghiệp uy tín - giá chỉ từ 900k trọn gói', 'Dịch vụ thiết kế website chuyên nghiệp sinh ra để phục vụ cho quá trình kinh doanh và quảng bá sản phẩm của doanh nghiệp được hiệu quả với mức lợi nhuận tăng gấp nhiều lần so với trước khi sử dụng dịch vụ này.', '<p dir=\"ltr\" style=\"text-align:justify\"><span style=\"color:#000000\"><span style=\"font-size:16px\"><span style=\"font-family:Times New Roman,Times,serif\"><strong>Dịch vụ thiết kế website chuy&ecirc;n nghiệp </strong>chuẩn SEO&nbsp;mang những n&eacute;t đặc trưng cụ thể về sản phẩm.</span></span></span></p>\r\n\r\n<p dir=\"ltr\" style=\"text-align:justify\"><span style=\"color:#000000\"><span style=\"font-size:16px\"><span style=\"font-family:Times New Roman,Times,serif\"><strong>Dịch vụ thiết kế website chuy&ecirc;n nghiệp</strong> chuẩn SEO thể hiện uy t&iacute;n dịch vụ của doanh nghiệp l&agrave; một việc v&ocirc; c&ugrave;ng cần thiết v&agrave; cấp b&aacute;ch đối với bất kỳ c&ocirc;ng ty n&agrave;o tr&ecirc;n to&agrave;n quốc trong thời điểm n&agrave;y. </span></span></span></p>\r\n\r\n<p dir=\"ltr\" style=\"text-align:justify\"><span style=\"color:#000000\"><span style=\"font-size:16px\"><span style=\"font-family:Times New Roman,Times,serif\">Ch&iacute;nh v&igrave; vậy, <strong>dịch vụ thiết kế website chuy&ecirc;n nghiệp</strong> ra đời v&agrave; li&ecirc;n tục ph&aacute;t triển để cung cấp cho doanh nghiệp những website uy t&iacute;n, ti&ecirc;u chuẩn v&agrave; ph&ugrave; hợp nhất.</span></span></span></p>\r\n\r\n<h2 dir=\"ltr\" style=\"text-align:justify\"><span style=\"color:#c0392b\"><span style=\"font-size:20px\"><strong><span style=\"font-family:Times New Roman,Times,serif\">Những lo lắng của c&aacute;c doanh nghiệp thời đại c&ocirc;ng nghệ 4.0 về dịch vụ thiết kế website chuẩn SEO</span></strong></span></span></h2>\r\n\r\n<p dir=\"ltr\" style=\"text-align:justify\"><span style=\"color:#000000\"><span style=\"font-size:16px\"><span style=\"font-family:Times New Roman,Times,serif\">Ch&uacute;ng t&ocirc;i hiểu được tốc độ ph&aacute;t triển li&ecirc;n tục của c&ocirc;ng nghệ số thời đại 4.0 l&agrave; vừa l&agrave; may mắn lại vừa l&agrave; nỗi lo &acirc;u lu&ocirc;n thường trực trong l&ograve;ng c&aacute;c c&ocirc;ng ty đang ph&aacute;t triển hiện nay.</span></span></span></p>\r\n\r\n<p dir=\"ltr\" style=\"text-align:center\"><span style=\"color:#000000\"><span style=\"font-size:16px\"><span style=\"font-family:Times New Roman,Times,serif\"><img alt=\"dịch vụ thiết kế website chuyên nghiệp\" height=\"400\" src=\"/image/images/dich-vu-thiet-ke-website.jpg\" width=\"600\" /></span></span></span></p>\r\n\r\n<p dir=\"ltr\" style=\"text-align:center\"><em><span style=\"color:#000000\"><span style=\"font-size:16px\"><span style=\"font-family:Times New Roman,Times,serif\">C&ocirc;ng ty Kinh Doanh Internet - Dịch vụ thiết kế website chuy&ecirc;n nghiệp</span></span></span></em></p>\r\n\r\n<p dir=\"ltr\" style=\"text-align:justify\"><span style=\"color:#000000\"><span style=\"font-size:16px\"><span style=\"font-family:Times New Roman,Times,serif\">Dịch vụ mạng ph&aacute;t triển trước ti&ecirc;n mang lại nhiều lợi &iacute;ch như thu gọn được nhiều chi ph&iacute; nh&acirc;n c&ocirc;ng, chi ph&iacute; dịch vụ v&agrave; c&aacute;c khoản chi lớn cho marketing sản phẩm.</span></span></span></p>\r\n\r\n<p dir=\"ltr\" style=\"text-align:justify\"><span style=\"color:#000000\"><span style=\"font-size:16px\"><span style=\"font-family:Times New Roman,Times,serif\">Tuy nhi&ecirc;n, được tận mắt chứng kiến sự ph&aacute;t triển kh&ocirc;ng ngừng của c&aacute;c trang mạng cũng như khả năng nắm bắt cực nhạy b&eacute;n của c&aacute;c c&ocirc;ng ty, doanh nghiệp đối thủ l&agrave; điều khiến cho đa phần c&aacute;c chủ doanh nghiệp đứng ngồi kh&ocirc;ng y&ecirc;n. </span></span></span></p>\r\n\r\n<h2 dir=\"ltr\" style=\"text-align:justify\"><span style=\"color:#c0392b\"><span style=\"font-size:20px\"><strong><span style=\"font-family:Times New Roman,Times,serif\">Những vấn đề đặt ra khi sử dụng dịch vụ thiết kế website chuy&ecirc;n nghiệp</span></strong></span></span></h2>\r\n\r\n<p dir=\"ltr\" style=\"text-align:justify\"><span style=\"color:#000000\"><span style=\"font-size:16px\"><span style=\"font-family:Times New Roman,Times,serif\">- L&agrave;m sao để x&acirc;y dựng một trang web chuẩn hiện đại v&agrave; tiện &iacute;ch cho ch&iacute;nh sản phẩm v&agrave; dịch vụ của m&igrave;nh?</span></span></span></p>\r\n\r\n<p dir=\"ltr\" style=\"text-align:justify\"><span style=\"color:#000000\"><span style=\"font-size:16px\"><span style=\"font-family:Times New Roman,Times,serif\">- L&agrave;m sao để bắt kịp thời đại với một trang web chuẩn SEO?</span></span></span></p>\r\n\r\n<p dir=\"ltr\" style=\"text-align:justify\"><span style=\"color:#000000\"><span style=\"font-size:16px\"><span style=\"font-family:Times New Roman,Times,serif\">- <strong>Dịch vụ thiết kế website chuy&ecirc;n nghiệp</strong> n&agrave;o uy t&iacute;n v&agrave; gi&aacute; rẻ hợp l&yacute;?</span></span></span></p>\r\n\r\n<p dir=\"ltr\" style=\"text-align:justify\"><span style=\"color:#000000\"><span style=\"font-size:16px\"><span style=\"font-family:Times New Roman,Times,serif\">- N&ecirc;n lựa chọn thế n&agrave;o để <strong>dịch vụ thiết kế website chuy&ecirc;n nghiệp</strong> ph&ugrave; hợp với sản phẩm của doanh nghiệp m&igrave;nh?</span></span></span></p>\r\n\r\n<p dir=\"ltr\" style=\"text-align:justify\"><span style=\"color:#000000\"><span style=\"font-size:16px\"><span style=\"font-family:Times New Roman,Times,serif\">- Tất cả những trăn trở n&agrave;y ch&uacute;ng t&ocirc;i sẽ c&ugrave;ng c&ocirc;ng ty bạn th&aacute;o gỡ ngay h&ocirc;m nay.</span></span></span></p>\r\n\r\n<h2 dir=\"ltr\" style=\"text-align:justify\"><span style=\"color:#c0392b\"><strong><span style=\"font-size:20px\"><span style=\"font-family:Times New Roman,Times,serif\">Sử dụng dịch vụ thiết kế website chuy&ecirc;n nghiệp</span></span></strong></span></h2>\r\n\r\n<h3 dir=\"ltr\" style=\"text-align:justify\"><span style=\"font-size:18px\"><strong><span style=\"color:#000000\"><span style=\"font-family:Times New Roman,Times,serif\">Dịch vụ thiết kế website chuy&ecirc;n nghiệp đ&aacute;p ứng thời đại c&ocirc;ng nghệ số</span></span></strong></span></h3>\r\n\r\n<p dir=\"ltr\" style=\"text-align:justify\"><span style=\"color:#000000\"><span style=\"font-size:16px\"><span style=\"font-family:Times New Roman,Times,serif\">Thế kỷ c&ocirc;ng nghệ số b&ugrave;ng nổ k&egrave;m theo sự ph&aacute;t triển kh&ocirc;ng ngờ của internet v&agrave; c&aacute;c trang mạng x&atilde; hội đ&atilde; thay đổi ho&agrave;n to&agrave;n th&oacute;i quen ti&ecirc;u d&ugrave;ng của con người tr&ecirc;n to&agrave;n thế giới.</span></span></span></p>\r\n\r\n<p dir=\"ltr\" style=\"text-align:justify\"><span style=\"color:#000000\"><span style=\"font-size:16px\"><span style=\"font-family:Times New Roman,Times,serif\">Ở Việt Nam hiện nay, ước t&iacute;nh số thu&ecirc; bao di động v&agrave; internet nhiều gấp đ&ocirc;i tổng d&acirc;n số tr&ecirc;n cả nước. </span></span></span></p>\r\n\r\n<p dir=\"ltr\" style=\"text-align:justify\"><span style=\"color:#000000\"><span style=\"font-size:16px\"><span style=\"font-family:Times New Roman,Times,serif\">Đặc biệt th&oacute;i quen tham khảo th&ocirc;ng tin sản phẩm qua c&aacute;c trang mạng v&agrave; mua sắm online của người d&acirc;n đang ng&agrave;y một tăng. </span></span></span></p>\r\n\r\n<p dir=\"ltr\" style=\"text-align:center\"><span style=\"color:#000000\"><span style=\"font-size:16px\"><span style=\"font-family:Times New Roman,Times,serif\"><img alt=\"dịch vụ thiết kế website chuyên nghiệp\" height=\"400\" src=\"/image/images/dich-vu-thiet-ke-website-chuyen-nghiep.jpg\" width=\"600\" /></span></span></span></p>\r\n\r\n<p dir=\"ltr\" style=\"text-align:center\"><em><span style=\"color:#000000\"><span style=\"font-size:16px\"><span style=\"font-family:Times New Roman,Times,serif\">C&ocirc;ng ty Kinh Doanh Internet - Dịch vụ thiết kế website chuy&ecirc;n nghiệp gi&aacute; rẻ</span></span></span></em></p>\r\n\r\n<p dir=\"ltr\" style=\"text-align:justify\"><span style=\"color:#000000\"><span style=\"font-size:16px\"><span style=\"font-family:Times New Roman,Times,serif\">Nếu biết c&aacute;ch nắm bắt th&oacute;i quen sử dụng mạng internet của người d&ugrave;ng v&agrave; x&acirc;y dựng trang website ch&iacute;nh thức của doanh nghiệp, th&igrave; cuộc c&aacute;ch mạng khoa học n&agrave;y sẽ th&uacute;c đẩy doanh nghiệp ph&aacute;t triển l&ecirc;n một mức độ vượt bậc. </span></span></span></p>\r\n\r\n<p dir=\"ltr\" style=\"text-align:justify\"><span style=\"color:#000000\"><span style=\"font-size:16px\"><span style=\"font-family:Times New Roman,Times,serif\">Thậm ch&iacute; nếu &aacute;p dụng <strong>dịch vụ thiết kế website chuy&ecirc;n nghiệp</strong> c&oacute; thể n&acirc;ng cao doanh thu của c&ocirc;ng ty l&ecirc;n nhiều lần so với trước.</span></span></span></p>\r\n\r\n<h3 dir=\"ltr\" style=\"text-align:justify\"><span style=\"font-size:18px\"><strong><span style=\"color:#000000\"><span style=\"font-family:Times New Roman,Times,serif\">Dịch vụ thiết kế website chuy&ecirc;n nghiệp chuẩn SEO n&acirc;ng cao khả năng cạnh tranh của doanh nghiệp</span></span></strong></span></h3>\r\n\r\n<p dir=\"ltr\" style=\"text-align:justify\"><span style=\"color:#000000\"><span style=\"font-size:16px\"><span style=\"font-family:Times New Roman,Times,serif\">Ng&agrave;y nay, rất nhiều c&ocirc;ng ty nhanh nhạy đ&atilde; nắm bắt cơ hội v&agrave; t&igrave;m kiếm cho m&igrave;nh một <strong>dịch vụ thiết kế website chuy&ecirc;n nghiệp</strong> ph&ugrave; hợp với gi&aacute; rẻ v&agrave; chuẩn SEO. </span></span></span></p>\r\n\r\n<p dir=\"ltr\" style=\"text-align:justify\"><span style=\"color:#000000\"><span style=\"font-size:16px\"><span style=\"font-family:Times New Roman,Times,serif\">Nhờ đ&oacute;, họ đ&atilde; từng bước thị trường v&agrave; đạt được hiệu quả cạnh tranh v&ocirc; c&ugrave;ng lớn th&ocirc;ng qua khả năng thu h&uacute;t kh&aacute;ch h&agrave;ng v&agrave; tối đa h&oacute;a phương thức quảng b&aacute; v&agrave; đặt h&agrave;ng online.</span></span></span></p>\r\n\r\n<p dir=\"ltr\" style=\"text-align:justify\"><span style=\"color:#000000\"><span style=\"font-size:16px\"><span style=\"font-family:Times New Roman,Times,serif\">Để c&oacute; khả năng cạnh tranh cao v&agrave; bắt kịp những thay đổi của thị hiếu kh&aacute;ch h&agrave;ng, c&aacute;c doanh nghiệp bắt buộc phải x&acirc;y dựng thiết kế website chuy&ecirc;n nghiệp chuẩn h&oacute;a, chuy&ecirc;n nghiệp.</span></span></span></p>\r\n\r\n<p dir=\"ltr\" style=\"text-align:justify\"><span style=\"color:#000000\"><span style=\"font-size:16px\"><span style=\"font-family:Times New Roman,Times,serif\">Đặc biệt <strong>dịch vụ thiết kế website chuy&ecirc;n nghiệp </strong>chuẩn SEO c&ugrave;ng c&aacute;c b&agrave;i viết chuẩn seo nhằm tối đa h&oacute;a từ kh&oacute;a t&igrave;m kiếm tr&ecirc;n google.</span></span></span></p>\r\n\r\n<p dir=\"ltr\" style=\"text-align:center\"><span style=\"color:#000000\"><span style=\"font-size:16px\"><span style=\"font-family:Times New Roman,Times,serif\"><img alt=\"dịch vụ thiết kế website chuyên nghiệp\" height=\"350\" src=\"/image/images/thiet-ke-website-chuyen-nghiep.jpeg\" width=\"600\" /></span></span></span></p>\r\n\r\n<p dir=\"ltr\" style=\"text-align:center\"><em><span style=\"color:#000000\"><span style=\"font-size:16px\"><span style=\"font-family:Times New Roman,Times,serif\">C&ocirc;ng ty Kinh Doanh Internet&nbsp;- Dịch vụ thiết kế website chuy&ecirc;n nghiệp uy t&iacute;n gi&aacute; rẻ</span></span></span></em></p>\r\n\r\n<p dir=\"ltr\" style=\"text-align:justify\"><span style=\"color:#000000\"><span style=\"font-size:16px\"><span style=\"font-family:Times New Roman,Times,serif\">Tối ưu h&oacute;a c&aacute;c b&agrave;i viết chuẩn seo cũng l&agrave; một việc m&agrave; c&aacute;c <strong>dịch vụ thiết kế website chuy&ecirc;n nghiệp</strong> c&oacute; thể hỗ trợ c&ocirc;ng ty, từ đ&oacute; cải thiện thứ hạng t&igrave;m kiếm của doanh nghiệp mang thương hiệu đến gần với kh&aacute;ch h&agrave;ng hơn.</span></span></span></p>\r\n\r\n<h3 dir=\"ltr\" style=\"text-align:justify\"><span style=\"font-size:18px\"><strong><span style=\"color:#000000\"><span style=\"font-family:Times New Roman,Times,serif\">Tạo uy t&iacute;n v&agrave; li&ecirc;n kết bền vững với kh&aacute;ch h&agrave;ng</span></span></strong></span></h3>\r\n\r\n<p dir=\"ltr\" style=\"text-align:justify\"><span style=\"color:#000000\"><span style=\"font-size:16px\"><span style=\"font-family:Times New Roman,Times,serif\">Theo &Ocirc;ng Nguyễn Trọng Đường, vụ trưởng vụ c&ocirc;ng nghệ th&ocirc;ng tin - Bộ th&ocirc;ng tin v&agrave; truyền th&ocirc;ng đ&atilde; từng khẳng định việc x&acirc;y dựng website của doanh nghiệp ch&iacute;nh l&agrave; một việc v&ocirc; c&ugrave;ng quan trọng.</span></span></span></p>\r\n\r\n<p dir=\"ltr\" style=\"text-align:justify\"><span style=\"color:#000000\"><span style=\"font-size:16px\"><span style=\"font-family:Times New Roman,Times,serif\">Thiết kế website chuy&ecirc;n nghiệp&nbsp;đ&oacute;ng vai tr&ograve; l&agrave; nơi cung cấp th&ocirc;ng tin ch&iacute;nh thống, chuẩn x&aacute;c v&agrave; đầy đủ nhất về sản phẩm.</span></span></span></p>\r\n\r\n<p dir=\"ltr\" style=\"text-align:justify\"><span style=\"color:#000000\"><span style=\"font-size:16px\"><span style=\"font-family:Times New Roman,Times,serif\">&Ocirc;ng cũng cho biết kh&aacute;ch h&agrave;ng sẽ đặt niềm tin v&agrave; lựa chọn nhiều hơn khi xem trực tiếp th&ocirc;ng tin h&agrave;ng h&oacute;a dịch vụ tr&ecirc;n ch&iacute;nh trang web của c&ocirc;ng ty.</span></span></span></p>\r\n\r\n<p dir=\"ltr\" style=\"text-align:center\"><span style=\"color:#000000\"><span style=\"font-size:16px\"><span style=\"font-family:Times New Roman,Times,serif\"><img alt=\"dịch vụ thiết kế website chuyên nghiệp\" height=\"350\" src=\"/image/images/dich-vu-thiet-ke-website-gia-re.jpg\" width=\"600\" /></span></span></span></p>\r\n\r\n<p dir=\"ltr\" style=\"text-align:center\"><em><span style=\"color:#000000\"><span style=\"font-size:16px\"><span style=\"font-family:Times New Roman,Times,serif\">C&ocirc;ng ty Kinh Doanh Internet&nbsp;- Dịch vụ thiết kế website chuy&ecirc;n nghiệp d&agrave;nh cho doanh nghiệp</span></span></span></em></p>\r\n\r\n<p dir=\"ltr\" style=\"text-align:justify\"><span style=\"color:#000000\"><span style=\"font-size:16px\"><span style=\"font-family:Times New Roman,Times,serif\">Tạo uy t&iacute;n v&agrave; niềm tin nơi kh&aacute;ch h&agrave;ng l&agrave; mấu chốt quan trọng trong mỗi qu&aacute; tr&igrave;nh ph&aacute;t triển của doanh nghiệp.</span></span></span></p>\r\n\r\n<p dir=\"ltr\" style=\"text-align:justify\"><span style=\"color:#000000\"><span style=\"font-size:16px\"><span style=\"font-family:Times New Roman,Times,serif\">Lựa chọn một <strong>dịch vụ thiết kế website chuy&ecirc;n nghiệp </strong>l&agrave; lựa chọn đ&uacute;ng đắn để đưa th&ocirc;ng tin về sản phẩm v&agrave; doanh nghiệp đến gần với những đối tượng kh&aacute;ch h&agrave;ng tiềm năng.</span></span></span></p>\r\n\r\n<h2 dir=\"ltr\" style=\"text-align:justify\"><strong><span style=\"color:#c0392b\"><span style=\"font-size:20px\"><span style=\"font-family:Times New Roman,Times,serif\">C&aacute;c bước để x&acirc;y dựng dịch vụ website chuy&ecirc;n nghiệp</span></span></span></strong></h2>\r\n\r\n<h3 dir=\"ltr\" style=\"text-align:justify\"><span style=\"font-size:18px\"><strong><span style=\"color:#000000\"><span style=\"font-family:Times New Roman,Times,serif\">Thiết kế website chuẩn seo cần chuẩn bị th&ocirc;ng tin</span></span></strong></span></h3>\r\n\r\n<p dir=\"ltr\" style=\"text-align:justify\"><span style=\"color:#000000\"><span style=\"font-size:16px\"><span style=\"font-family:Times New Roman,Times,serif\">Trước khi thiết kế website chuy&ecirc;n nghiệp cần nắm r&otilde; c&aacute;c th&ocirc;ng tin về lịch sử c&ocirc;ng ty, dịch vụ, sản phẩm, qu&aacute; tr&igrave;nh kinh doanh v&agrave; hoạt động của doanh nghiệp&hellip; phải được chuẩn bị đầy đủ, ch&iacute;nh x&aacute;c v&agrave; cụ thể nhất. </span></span></span></p>\r\n\r\n<p dir=\"ltr\" style=\"text-align:justify\"><span style=\"color:#000000\"><span style=\"font-size:16px\"><span style=\"font-family:Times New Roman,Times,serif\">C&aacute;c th&ocirc;ng tin được đưa l&ecirc;n website&nbsp;phải đ&aacute;p ứng được y&ecirc;u cầu về ti&ecirc;u chuẩn chất lượng, mục ti&ecirc;u kinh doanh v&agrave; hướng tới nh&oacute;m kh&aacute;ch h&agrave;ng ch&iacute;nh m&agrave; doanh nghiệp hướng đến.</span></span></span></p>\r\n\r\n<h3 dir=\"ltr\" style=\"text-align:justify\"><span style=\"font-size:18px\"><strong><span style=\"color:#000000\"><span style=\"font-family:Times New Roman,Times,serif\">Lập kế hoạch chi tiết cho từng nội dung</span></span></strong></span></h3>\r\n\r\n<p dir=\"ltr\" style=\"text-align:justify\"><span style=\"color:#000000\"><span style=\"font-size:16px\"><span style=\"font-family:Times New Roman,Times,serif\">Giống như việc x&acirc;y dựng d&agrave;n &yacute; cho một b&agrave;i văn viết, việc l&ecirc;n kế hoạch v&agrave; thiết kế website chuy&ecirc;n nghiệp&nbsp;l&agrave; điều kh&aacute; quan trọng.</span></span></span></p>\r\n\r\n<p dir=\"ltr\" style=\"text-align:justify\"><span style=\"color:#000000\"><span style=\"font-size:16px\"><span style=\"font-family:Times New Roman,Times,serif\">C&ocirc;ng ty doanh nghiệp cần đưa ra c&aacute;c chủ đề ch&iacute;nh, phụ,...v&agrave; x&aacute;c định nội dung của từng trang sao cho logic v&agrave; hợp l&yacute; nhất.</span></span></span></p>\r\n\r\n<p dir=\"ltr\" style=\"text-align:center\"><span style=\"color:#000000\"><span style=\"font-size:16px\"><span style=\"font-family:Times New Roman,Times,serif\"><img alt=\"dịch vụ thiết kế website chuyên nghiệp\" height=\"350\" src=\"/image/images/dich-vu-thiet-ke-website-gia-re-tai-ha-noi.jpg\" width=\"600\" /></span></span></span></p>\r\n\r\n<p dir=\"ltr\" style=\"text-align:center\"><em><span style=\"color:#000000\"><span style=\"font-size:16px\"><span style=\"font-family:Times New Roman,Times,serif\">C&ocirc;ng ty Kinh Doanh Internet&nbsp;- Dịch vụ thiết kế website chuy&ecirc;n nghiệp, chuẩn, uy t&iacute;n, gi&aacute; rẻ cho doanh nghiệp</span></span></span></em></p>\r\n\r\n<h3 dir=\"ltr\" style=\"text-align:justify\"><span style=\"font-size:18px\"><strong><span style=\"color:#000000\"><span style=\"font-family:Times New Roman,Times,serif\">Dịch vụ thiết kế website chuy&ecirc;n nghiệp ti&ecirc;u chuẩn, chuẩn SEO</span></span></strong></span></h3>\r\n\r\n<p dir=\"ltr\" style=\"text-align:justify\"><span style=\"color:#000000\"><span style=\"font-size:16px\"><span style=\"font-family:Times New Roman,Times,serif\">Thiết kế website chuy&ecirc;n nghiệp chuẩn SEO&nbsp;n&ecirc;n đồng bộ với m&agrave;u sắc thương hiệu của c&ocirc;ng ty, c&aacute;c mục ph&acirc;n chia r&otilde; r&agrave;ng. </span></span></span></p>\r\n\r\n<p dir=\"ltr\" style=\"text-align:justify\"><span style=\"color:#000000\"><span style=\"font-size:16px\"><span style=\"font-family:Times New Roman,Times,serif\">Kh&acirc;u thiết kế n&agrave;y l&agrave; cực kỳ quan trọng, mọi khả năng thu h&uacute;t kh&aacute;ch h&agrave;ng ban đầu đều tập trung ở phần n&agrave;y.</span></span></span></p>\r\n\r\n<p dir=\"ltr\" style=\"text-align:justify\"><span style=\"color:#000000\"><span style=\"font-size:16px\"><span style=\"font-family:Times New Roman,Times,serif\">Do đ&oacute;, bạn n&ecirc;n t&igrave;m kiếm một địa chỉ cung cấp <strong>dịch vụ thiết kế website chuy&ecirc;n nghiệp</strong> để đạt được hiệu quả tốt nhất.</span></span></span></p>\r\n\r\n<h3 dir=\"ltr\" style=\"text-align:justify\"><span style=\"font-size:18px\"><strong><span style=\"color:#000000\"><span style=\"font-family:Times New Roman,Times,serif\">Ph&aacute;t triển v&agrave; cập nhật trang website chuẩn SEO</span></span></strong></span></h3>\r\n\r\n<p dir=\"ltr\" style=\"text-align:justify\"><span style=\"color:#000000\"><span style=\"font-size:16px\"><span style=\"font-family:Times New Roman,Times,serif\">Việc n&agrave;y đảm bảo cho website lu&ocirc;n lu&ocirc;n chứa những th&ocirc;ng tin mới, tr&aacute;nh trường hợp web &ldquo;bị mốc&rdquo; kh&ocirc;ng c&oacute; hiệu quả về doanh thu m&agrave; c&ograve;n l&atilde;ng ph&iacute; chi ph&iacute; x&acirc;y dựng ch&uacute;ng.</span></span></span></p>\r\n\r\n<h3 dir=\"ltr\" style=\"text-align:justify\"><span style=\"font-size:18px\"><strong><span style=\"color:#000000\"><span style=\"font-family:Times New Roman,Times,serif\">Bảo tr&igrave;</span></span></strong></span></h3>\r\n\r\n<p dir=\"ltr\" style=\"text-align:justify\"><span style=\"color:#000000\"><span style=\"font-size:16px\"><span style=\"font-family:Times New Roman,Times,serif\">Một đội ngũ x&acirc;y dựng website uy t&iacute;n sẽ gi&uacute;p doanh nghiệp khắc phục những lỗi hỏng xảy ra trong suốt qu&aacute; tr&igrave;nh hoạt động của website để những lỗi n&agrave;y sẽ kh&ocirc;ng ảnh hưởng đến qu&aacute; tr&igrave;nh vận h&agrave;nh của website.</span></span></span></p>\r\n\r\n<p dir=\"ltr\" style=\"text-align:center\"><span style=\"color:#000000\"><span style=\"font-size:16px\"><span style=\"font-family:Times New Roman,Times,serif\"><img alt=\"dịch vụ thiết kế website chuyên nghiệp\" height=\"350\" src=\"/image/images/thiet-ke-website-chuyen-nghiep-gia-re.jpeg\" width=\"600\" /></span></span></span></p>\r\n\r\n<p dir=\"ltr\" style=\"text-align:center\"><em><span style=\"color:#000000\"><span style=\"font-size:16px\"><span style=\"font-family:Times New Roman,Times,serif\">C&ocirc;ng ty Kinh doanh Internet&nbsp;- Dịch vụ thiết kế website chuy&ecirc;n nghiệp h&agrave;ng đầu Việt Nam</span></span></span></em></p>\r\n\r\n<h2 dir=\"ltr\" style=\"text-align:justify\"><span style=\"color:#c0392b\"><strong><span style=\"font-size:20px\"><span style=\"font-family:Times New Roman,Times,serif\">Ti&ecirc;u chuẩn đ&aacute;nh gi&aacute; website chuy&ecirc;n nghiệp chuẩn SEO</span></span></strong></span></h2>\r\n\r\n<p dir=\"ltr\" style=\"text-align:justify\"><span style=\"color:#000000\"><span style=\"font-size:16px\"><span style=\"font-family:Times New Roman,Times,serif\">Việc lựa chọn <strong>dịch vụ thiết kế website chuy&ecirc;n nghiệp</strong> th&igrave; việc đ&aacute;nh gi&aacute; website để t&igrave;m ra được một dịch vụ uy t&iacute;n, gi&aacute; rẻ l&agrave; bước quan trọng để đầu tư c&oacute; hiệu quả v&agrave;o qu&aacute; tr&igrave;nh n&agrave;y.</span></span></span></p>\r\n\r\n<h3 dir=\"ltr\" style=\"text-align:justify\"><span style=\"font-size:18px\"><strong><span style=\"color:#000000\"><span style=\"font-family:Times New Roman,Times,serif\">Ti&ecirc;u chuẩn đối với kh&aacute;ch h&agrave;ng sử dụng dịch vụ thiết kế website chuy&ecirc;n nghiệp</span></span></strong></span></h3>\r\n\r\n<h4 dir=\"ltr\" style=\"text-align:justify\"><span style=\"color:#e67e22\"><strong><span style=\"font-size:16px\"><span style=\"font-family:Times New Roman,Times,serif\">Thiết kế website chuy&ecirc;n ngiệp dễ d&agrave;ng t&igrave;m kiếm v&agrave; truy cập</span></span></strong></span></h4>\r\n\r\n<p dir=\"ltr\" style=\"text-align:justify\"><span style=\"color:#000000\"><span style=\"font-size:16px\"><span style=\"font-family:Times New Roman,Times,serif\">Đối với người ti&ecirc;u d&ugrave;ng sản phẩm v&agrave; dịch vụ, điều quan trọng nhất l&agrave; website&nbsp;của c&ocirc;ng ty phải dễ d&agrave;ng t&igrave;m kiếm v&agrave; truy cập. </span></span></span></p>\r\n\r\n<p dir=\"ltr\" style=\"text-align:justify\"><span style=\"color:#000000\"><span style=\"font-size:16px\"><span style=\"font-family:Times New Roman,Times,serif\">Ch&iacute;nh v&igrave; vậy, việc tối đa h&oacute;a từ kh&oacute;a bằng c&aacute;c b&agrave;i viết chuẩn SEO l&agrave; điều đ&aacute;ng quan t&acirc;m nhất khi tiếp cận bất cứ <strong>dịch vụ thiết kế website chuy&ecirc;n nghiệp</strong> n&agrave;o.</span></span></span></p>\r\n\r\n<h4 dir=\"ltr\" style=\"text-align:justify\"><strong><span style=\"color:#e67e22\"><span style=\"font-size:16px\"><span style=\"font-family:Times New Roman,Times,serif\">Thiết kế website chuy&ecirc;n nghệp chuẩn SEO th&igrave; giao diện đẹp, bắt mắt</span></span></span></strong></h4>\r\n\r\n<p dir=\"ltr\" style=\"text-align:justify\"><span style=\"color:#000000\"><span style=\"font-size:16px\"><span style=\"font-family:Times New Roman,Times,serif\">Một giao diện website chuy&ecirc;n nghiệp chuẩn SEO th&igrave; m&agrave;u sắc h&agrave;i h&ograve;a, ph&ugrave; hợp với logo hay ti&ecirc;u ch&iacute; của doanh nghiệp với những h&igrave;nh ảnh sống động, bắt mắt.</span></span></span></p>\r\n\r\n<p dir=\"ltr\" style=\"text-align:justify\"><span style=\"color:#000000\"><span style=\"font-size:16px\"><span style=\"font-family:Times New Roman,Times,serif\">C&aacute;c tương t&aacute;c chuyển động th&uacute; vị sẽ l&ocirc;i k&eacute;o người d&ugrave;ng ở lại l&acirc;u hơn để t&igrave;m hiểu về h&agrave;ng h&oacute;a, dịch vụ m&agrave; c&ocirc;ng ty cung cấp.</span></span></span></p>\r\n\r\n<h4 dir=\"ltr\" style=\"text-align:justify\"><span style=\"color:#e67e22\"><strong><span style=\"font-size:16px\"><span style=\"font-family:Times New Roman,Times,serif\">Thiết kế website chuẩn SEO th&acirc;n thiện với người d&ugrave;ng</span></span></strong></span></h4>\r\n\r\n<p dir=\"ltr\" style=\"text-align:justify\"><span style=\"color:#000000\"><span style=\"font-size:16px\"><span style=\"font-family:Times New Roman,Times,serif\">Nếu một giao diện website qu&aacute; cầu kỳ, rối rắm v&agrave; kh&oacute; sử dụng sẽ l&agrave;m mất đi ấn tượng ban đầu của kh&aacute;ch h&agrave;ng. </span></span></span></p>\r\n\r\n<p dir=\"ltr\" style=\"text-align:justify\"><span style=\"color:#000000\"><span style=\"font-size:16px\"><span style=\"font-family:Times New Roman,Times,serif\">Thiết kế website chuy&ecirc;n nghiệp chuẩn SEO phải dễ sử dụng, th&acirc;n thiện với smartphone v&agrave; &iacute;t xảy ra c&aacute;c lỗi truy cập nhất c&oacute; thể.</span></span></span></p>\r\n\r\n<p dir=\"ltr\" style=\"text-align:center\"><span style=\"color:#000000\"><span style=\"font-size:16px\"><span style=\"font-family:Times New Roman,Times,serif\"><img alt=\"dịch vụ thiết kế website chuyên nghiệp\" height=\"350\" src=\"/image/images/dich-vu-thiet-ke-website-chuyen-nghiep-gia-re.jpg\" width=\"600\" /></span></span></span></p>\r\n\r\n<p dir=\"ltr\" style=\"text-align:center\"><em><span style=\"color:#000000\"><span style=\"font-size:16px\"><span style=\"font-family:Times New Roman,Times,serif\">C&ocirc;ng ty Kinh Doanh Internet - Dịch vụ thiết kế website chuy&ecirc;n nghiệp gi&aacute; rẻ d&agrave;nh cho doanh nghiệp</span></span></span></em></p>\r\n\r\n<h4 dir=\"ltr\" style=\"text-align:justify\"><span style=\"color:#e67e22\"><strong><span style=\"font-size:16px\"><span style=\"font-family:Times New Roman,Times,serif\">Cung cấp th&ocirc;ng tin đầy đủ, chuẩn x&aacute;c đ&aacute;p ứng mong muốn của người ti&ecirc;u d&ugrave;ng</span></span></strong></span></h4>\r\n\r\n<p dir=\"ltr\" style=\"text-align:justify\"><span style=\"color:#000000\"><span style=\"font-size:16px\"><span style=\"font-family:Times New Roman,Times,serif\">Với mục ti&ecirc;u thu h&uacute;t v&agrave; n&acirc;ng cao doanh thu sử dụng h&agrave;ng h&oacute;a, dịch vụ, trang web của c&ocirc;ng ty phải thể hiện những th&ocirc;ng tin chuẩn x&aacute;c, cụ thể, uy t&iacute;n nhất về mặt h&agrave;ng kinh doanh của doanh nghiệp. </span></span></span></p>\r\n\r\n<p dir=\"ltr\" style=\"text-align:justify\"><span style=\"color:#000000\"><span style=\"font-size:16px\"><span style=\"font-family:Times New Roman,Times,serif\">Qua đ&oacute; th&uacute;c đẩy niềm tin v&agrave; nhu cầu ti&ecirc;u d&ugrave;ng của kh&aacute;ch h&agrave;ng.</span></span></span></p>\r\n\r\n<h3 dir=\"ltr\" style=\"text-align:justify\"><strong><span style=\"font-size:18px\"><span style=\"color:#000000\"><span style=\"font-family:Times New Roman,Times,serif\">Dịch vụ thiết kế website chuy&ecirc;n nghiệp chuẩn SEO đối với doanh nghiệp</span></span></span></strong></h3>\r\n\r\n<h4 dir=\"ltr\" style=\"text-align:justify\"><span style=\"color:#e67e22\"><strong><span style=\"font-size:16px\"><span style=\"font-family:Times New Roman,Times,serif\">Thiết kế website chuy&ecirc;n nghiệp nhanh ch&oacute;ng, thuận tiện trong quản trị</span></span></strong></span></h4>\r\n\r\n<p dir=\"ltr\" style=\"text-align:justify\"><span style=\"color:#000000\"><span style=\"font-size:16px\"><span style=\"font-family:Times New Roman,Times,serif\">Đ&acirc;y l&agrave; một trong những y&ecirc;u cầu đầu ti&ecirc;n của doanh nghiệp, <strong>dịch vụ thiết kế website chuy&ecirc;n nghiệp</strong> với uy t&iacute;n l&acirc;u d&agrave;i chắc chắn sẽ kh&ocirc;ng l&agrave;m c&ocirc;ng ty thất vọng.</span></span></span></p>\r\n\r\n<h4 dir=\"ltr\" style=\"text-align:justify\"><span style=\"color:#e67e22\"><span style=\"font-size:16px\"><span style=\"font-family:Times New Roman,Times,serif\"><strong>Thiết kế website chuẩn SEO tối ưu h&oacute;a</strong></span></span></span></h4>\r\n\r\n<p dir=\"ltr\" style=\"text-align:justify\"><span style=\"color:#000000\"><span style=\"font-size:16px\"><span style=\"font-family:Times New Roman,Times,serif\">Trang website phải c&oacute; c&aacute;c b&agrave;i viết chuẩn SEO nhằm tối ưu h&oacute;a từ kh&oacute;a gi&uacute;p c&aacute;c c&ocirc;ng cụ t&igrave;m kiếm dễ d&agrave;ng với khả năng l&ecirc;n top t&igrave;m kiếm cao.</span></span></span></p>\r\n\r\n<h4 dir=\"ltr\" style=\"text-align:justify\"><span style=\"color:#e67e22\"><strong><span style=\"font-size:16px\"><span style=\"font-family:Times New Roman,Times,serif\">Thiết kế webstite chuy&ecirc;n nghiệp với bảo mật cao</span></span></strong></span></h4>\r\n\r\n<p dir=\"ltr\" style=\"text-align:justify\"><span style=\"color:#000000\"><span style=\"font-size:16px\"><span style=\"font-family:Times New Roman,Times,serif\">Tr&aacute;nh rủi ro bị ph&aacute; hoại bởi virut cũng như hacker.</span></span></span></p>\r\n\r\n<h4 dir=\"ltr\" style=\"text-align:justify\"><strong><span style=\"color:#e67e22\"><span style=\"font-size:16px\"><span style=\"font-family:Times New Roman,Times,serif\">Thiết kế website uy t&iacute;n v&agrave; gi&aacute; cả phải chăng</span></span></span></strong></h4>\r\n\r\n<p dir=\"ltr\" style=\"text-align:justify\"><span style=\"color:#000000\"><span style=\"font-size:16px\"><span style=\"font-family:Times New Roman,Times,serif\">Với nhu cầu sử dụng l&acirc;u d&agrave;i chắc chắn bất cứ c&ocirc;ng ty n&agrave;o cũng mong muốn t&igrave;m được <strong>dịch vụ thiết kế website chuy&ecirc;n nghiệp </strong>c&oacute; gi&aacute; rẻ v&agrave; uy t&iacute;n</span></span></span></p>\r\n\r\n<h2 dir=\"ltr\" style=\"text-align:justify\"><span style=\"color:#c0392b\"><span style=\"font-size:20px\"><strong><span style=\"font-family:Times New Roman,Times,serif\">Một số loại dịch vụ thiết kế website chuy&ecirc;n nghiệp chuẩn SEO</span></strong></span></span></h2>\r\n\r\n<p dir=\"ltr\" style=\"text-align:justify\"><span style=\"color:#000000\"><span style=\"font-size:16px\"><span style=\"font-family:Times New Roman,Times,serif\">Mỗi một ng&agrave;nh nghề kinh doanh kh&aacute;c nhau sẽ được<strong> dịch vụ thiết kế website chuy&ecirc;n nghiệp</strong> cung cấp một kiểu trang web kh&aacute;c nhau. Trong đ&oacute;, một số loại h&igrave;nh website phổ biến như:</span></span></span></p>\r\n\r\n<h3 dir=\"ltr\" style=\"text-align:justify\"><span style=\"color:#000000\"><span style=\"font-size:18px\"><strong><span style=\"font-family:Times New Roman,Times,serif\">Dịch vụ thiết kế website chuy&ecirc;n nghiệp b&aacute;n h&agrave;ng</span></strong></span></span></h3>\r\n\r\n<p dir=\"ltr\" style=\"text-align:justify\"><span style=\"color:#000000\"><span style=\"font-size:16px\"><span style=\"font-family:Times New Roman,Times,serif\">C&aacute;c website&nbsp;chuy&ecirc;n b&aacute;n mặt h&agrave;ng cố định như quần &aacute;o, gi&agrave;y d&eacute;p, nước hoa, mỹ phẩm, thức ăn chăn nu&ocirc;i,sản phẩm cơ kh&iacute;... của một thương hiệu hay c&ocirc;ng ty.</span></span></span></p>\r\n\r\n<p dir=\"ltr\" style=\"text-align:center\"><span style=\"color:#000000\"><span style=\"font-size:16px\"><span style=\"font-family:Times New Roman,Times,serif\"><img alt=\"dịch vụ thiết kế website chuyên nghiệp\" height=\"350\" src=\"/image/images/thiet-ke-website-chuyen-nghiep-uy-tin.jpeg\" width=\"600\" /></span></span></span></p>\r\n\r\n<p dir=\"ltr\" style=\"text-align:center\"><em><span style=\"color:#000000\"><span style=\"font-size:16px\"><span style=\"font-family:Times New Roman,Times,serif\">Dịch vụ thiết kế website chuy&ecirc;n nghiệp của c&ocirc;ng ty Kinh Doanh Internet</span></span></span></em></p>\r\n\r\n<h3 dir=\"ltr\" style=\"text-align:justify\"><span style=\"font-size:18px\"><strong><span style=\"color:#000000\"><span style=\"font-family:Times New Roman,Times,serif\">Dịch vụ thiết kế website chuy&ecirc;n nghiệp thương mại điện tử</span></span></strong></span></h3>\r\n\r\n<p dir=\"ltr\" style=\"text-align:justify\"><span style=\"color:#000000\"><span style=\"font-size:16px\"><span style=\"font-family:Times New Roman,Times,serif\">Website chuy&ecirc;n nghiệp chuẩn SEO&nbsp;tập trung nhiều mặt h&agrave;ng từ c&aacute;c nh&agrave; cung cấp kh&aacute;c nhau như chợ online, showroom điện tử, &hellip;</span></span></span></p>\r\n\r\n<h3 dir=\"ltr\" style=\"text-align:justify\"><span style=\"font-size:18px\"><strong><span style=\"color:#000000\"><span style=\"font-family:Times New Roman,Times,serif\">Dịch vụ thiết kế website chuy&ecirc;n nghiệp về dịch vụ</span></span></strong></span></h3>\r\n\r\n<p dir=\"ltr\" style=\"text-align:justify\"><span style=\"color:#000000\"><span style=\"font-size:16px\"><span style=\"font-family:Times New Roman,Times,serif\">Cung cấp c&aacute;c loại dịch vụ như c&agrave; ph&ecirc;, spa, đặt v&eacute; m&aacute;y bay, thu&ecirc; xe taxi, thiết kế nội thất, bất động sản,...</span></span></span></p>\r\n\r\n<h3 dir=\"ltr\" style=\"text-align:justify\"><span style=\"font-size:18px\"><strong><span style=\"color:#000000\"><span style=\"font-family:Times New Roman,Times,serif\">Dịch vụ thiết kế website chuy&ecirc;n nghiệp việc l&agrave;m</span></span></strong></span></h3>\r\n\r\n<p dir=\"ltr\" style=\"text-align:justify\"><span style=\"color:#000000\"><span style=\"font-size:16px\"><span style=\"font-family:Times New Roman,Times,serif\">Website cung cấp th&ocirc;ng tin chủ yếu về người lao động v&agrave; tuyển dụng lao động,...</span></span></span></p>\r\n\r\n<p dir=\"ltr\" style=\"text-align:justify\"><span style=\"color:#000000\"><span style=\"font-size:16px\"><span style=\"font-family:Times New Roman,Times,serif\">Ngo&agrave;i ra, c&ograve;n v&ocirc; v&agrave;n c&aacute;c dạng website m&agrave; <strong>dịch vụ thiết kế website chuy&ecirc;n nghiệp</strong> c&oacute; thể mang lại cho doanh nghiệp của bạn với chất lượng v&agrave; uy t&iacute;n được cam kết.</span></span></span></p>\r\n\r\n<h2 dir=\"ltr\" style=\"text-align:justify\"><span style=\"color:#c0392b\"><span style=\"font-size:20px\"><strong><span style=\"font-family:Times New Roman,Times,serif\">Như thế n&agrave;o l&agrave; một nh&agrave; cung cấp dịch vụ thiết kế website chuy&ecirc;n nghiệp</span></strong></span></span></h2>\r\n\r\n<p dir=\"ltr\" style=\"text-align:justify\"><span style=\"color:#000000\"><span style=\"font-size:16px\"><span style=\"font-family:Times New Roman,Times,serif\">Để t&igrave;m kiếm v&agrave; đầu tư th&ocirc;ng minh cho một nh&agrave; cung cấp <strong>dịch vụ thiết kế website chuy&ecirc;n nghiệp</strong> doanh nghiệp cần tham khảo một v&agrave;i ti&ecirc;u ch&iacute; dưới đ&acirc;y để đ&aacute;nh gi&aacute; chất lượng của dịch vụ n&agrave;y:</span></span></span></p>\r\n\r\n<h3 dir=\"ltr\" style=\"text-align:justify\"><span style=\"font-size:18px\"><strong><span style=\"color:#000000\"><span style=\"font-family:Times New Roman,Times,serif\">Đơn vị cung cấp dịch vụ thiết kế website chuy&ecirc;n nghiệp c&oacute; uy t&iacute;n v&agrave; t&ecirc;n tuổi</span></span></strong></span></h3>\r\n\r\n<p dir=\"ltr\" style=\"text-align:justify\"><span style=\"color:#000000\"><span style=\"font-size:16px\"><span style=\"font-family:Times New Roman,Times,serif\">Việc đơn vị cung cấp <strong>dịch vụ thiết kế website chuy&ecirc;n nghiệp</strong> chuẩn SEO cho bạn c&oacute; uy t&iacute;n v&agrave; danh tiếng tr&ecirc;n thị trường gi&uacute;p doanh nghiệp bạn y&ecirc;n t&acirc;m khi quyết định chọn lựa.</span></span></span></p>\r\n\r\n<p dir=\"ltr\" style=\"text-align:justify\"><span style=\"color:#000000\"><span style=\"font-size:16px\"><span style=\"font-family:Times New Roman,Times,serif\">Hơn nữa, với thời gian hoạt động kh&aacute; l&acirc;u chắc chắn đơn vị đ&oacute; sẽ c&oacute; nhiều kinh nghiệm hơn trong thiết kế v&agrave; xử l&yacute; sự cố cho website cho bạn.</span></span></span></p>\r\n\r\n<h3 dir=\"ltr\" style=\"text-align:justify\"><span style=\"font-size:18px\"><strong><span style=\"color:#000000\"><span style=\"font-family:Times New Roman,Times,serif\">Dịch vụ thiết kế website chuy&ecirc;n nghiệp cần đội ngũ tư vấn vi&ecirc;n &acirc;n cần</span></span></strong></span></h3>\r\n\r\n<p dir=\"ltr\" style=\"text-align:justify\"><span style=\"color:#000000\"><span style=\"font-size:16px\"><span style=\"font-family:Times New Roman,Times,serif\">Tiếp x&uacute;c với sự ph&aacute;t triển của c&ocirc;ng nghệ đ&ograve;i hỏi một đội ngũ chuy&ecirc;n vi&ecirc;n tư vấn của đơn vị cung cấp <strong>dịch vụ thiết kế website chuy&ecirc;n nghiệp</strong> phải nhanh nhẹn, năng động để nắm bắt tốt xu hướng v&agrave; thị hiếu kh&aacute;ch h&agrave;ng. </span></span></span></p>\r\n\r\n<p dir=\"ltr\" style=\"text-align:justify\"><span style=\"color:#000000\"><span style=\"font-size:16px\"><span style=\"font-family:Times New Roman,Times,serif\">B&ecirc;n cạnh đ&oacute;, nếu c&ocirc;ng ty <strong>dịch vụ thiết kế website chuy&ecirc;n nghiệp</strong> bạn chọn c&oacute; đội ngũ tư vấn lu&ocirc;n nhiệt t&igrave;nh v&agrave; sẵn s&agrave;ng giải đ&aacute;p mọi thắc mắc chắc chắn sẽ khiến qu&aacute; tr&igrave;nh hợp t&aacute;c hiệu quả l&acirc;u d&agrave;i.</span></span></span></p>\r\n\r\n<h3 dir=\"ltr\" style=\"text-align:justify\"><strong><span style=\"font-size:18px\"><span style=\"color:#000000\"><span style=\"font-family:Times New Roman,Times,serif\">Dịch vụ viết b&agrave;i chuẩn SEO hiệu quả</span></span></span></strong></h3>\r\n\r\n<p dir=\"ltr\" style=\"text-align:justify\"><span style=\"color:#000000\"><span style=\"font-size:16px\"><span style=\"font-family:Times New Roman,Times,serif\">Đ&acirc;y c&oacute; thể n&oacute;i l&agrave; b&iacute; quyết th&agrave;nh c&ocirc;ng của nhiều trang web hiện nay. Th&oacute;i quen t&igrave;m kiếm qua c&aacute;c c&ocirc;ng cụ như Google, cốc cốc,... trong cộng đồng mạng đ&atilde; lan rộng khắp c&aacute;c quốc gia.</span></span></span></p>\r\n\r\n<p dir=\"ltr\" style=\"text-align:justify\"><span style=\"color:#000000\"><span style=\"font-size:16px\"><span style=\"font-family:Times New Roman,Times,serif\">V&igrave;&nbsp;thế nếu đơn vị <strong>dịch vụ thiết kế website chuy&ecirc;n nghiệp</strong> c&oacute; cung cấp k&egrave;m theo c&aacute;c dịch vụ viết b&agrave;i chuẩn SEO sẽ l&agrave; đ&ograve;n bẩy hiệu quả cho website&nbsp;của doanh nghiệp.</span></span></span></p>\r\n\r\n<h3 dir=\"ltr\" style=\"text-align:justify\"><span style=\"font-size:18px\"><strong><span style=\"color:#000000\"><span style=\"font-family:Times New Roman,Times,serif\">Dịch vụ thiết kế website chuy&ecirc;n nghiệp gi&aacute; rẻ</span></span></strong></span></h3>\r\n\r\n<p dir=\"ltr\" style=\"text-align:justify\"><span style=\"color:#000000\"><span style=\"font-size:16px\"><span style=\"font-family:Times New Roman,Times,serif\">Dịch vụ thiết kế website chuy&ecirc;n nghiệp chuẩn SEO th&igrave; gi&aacute; cả hợp l&yacute; cũng l&agrave; mối bận t&acirc;m của c&aacute;c doanh nghiệp.</span></span></span></p>\r\n\r\n<p dir=\"ltr\" style=\"text-align:justify\"><span style=\"color:#000000\"><span style=\"font-size:16px\"><span style=\"font-family:Times New Roman,Times,serif\">B&agrave;i to&aacute;n tiết kiệm chi ph&iacute; n&acirc;ng cao lợi nhuận lu&ocirc;n l&agrave; b&agrave;i to&aacute;n nan giải nhất đối với doanh nghiệp, c&ocirc;ng ty hay bất cứ qu&aacute; tr&igrave;nh sản xuất kinh doanh n&agrave;o. </span></span></span></p>\r\n\r\n<p dir=\"ltr\" style=\"text-align:justify\"><span style=\"color:#000000\"><span style=\"font-size:16px\"><span style=\"font-family:Times New Roman,Times,serif\"><strong>Dịch vụ thiết kế website chuy&ecirc;n nghiệp</strong> vẫn đảm bảo đầy đủ c&aacute;c ti&ecirc;u chuẩn của một website tốt, vừa đảm bảo gi&aacute; rẻ sẽ l&agrave; lựa chọn ho&agrave;n hảo để đ&aacute;nh tan mọi niềm trăn trở của c&ocirc;ng ty bạn.</span></span></span></p>\r\n\r\n<h2 dir=\"ltr\" style=\"text-align:justify\"><span style=\"color:#c0392b\"><span style=\"font-size:20px\"><strong><span style=\"font-family:Times New Roman,Times,serif\">C&aacute;c chi ph&iacute; phải trả khi thu&ecirc; dịch vụ thiết kế website chuy&ecirc;n nghiệp</span></strong></span></span></h2>\r\n\r\n<p dir=\"ltr\" style=\"text-align:justify\"><span style=\"color:#000000\"><span style=\"font-size:16px\"><span style=\"font-family:Times New Roman,Times,serif\">Hiện nay rất nhiều nh&agrave; cung cấp đưa ra c&aacute;c g&oacute;i <strong>dịch vụ thiết kế website chuy&ecirc;n nghiệp</strong> chuẩn SEO trọn g&oacute;i.</span></span></span></p>\r\n\r\n<p dir=\"ltr\" style=\"text-align:justify\"><span style=\"color:#000000\"><span style=\"font-size:16px\"><span style=\"font-family:Times New Roman,Times,serif\">Trong đ&oacute; đ&atilde; bao gồm tất cả c&aacute;c chi ph&iacute; c&ocirc;ng ty phải trả cho nh&acirc;n vi&ecirc;n thiết kế, c&aacute;c khoản ph&iacute; phải trả cho đơn vị quản l&yacute; mạng, v&agrave; một v&agrave;i c&aacute;c chi ph&iacute; kh&aacute;c.</span></span></span></p>\r\n\r\n<p dir=\"ltr\" style=\"text-align:justify\"><span style=\"color:#000000\"><span style=\"font-size:16px\"><span style=\"font-family:Times New Roman,Times,serif\">Tuy nhi&ecirc;n c&oacute; thể liệt k&ecirc; một v&agrave;i chi ph&iacute; cố định bắt buộc sau đ&acirc;y:</span></span></span></p>\r\n\r\n<h3 dir=\"ltr\" style=\"text-align:justify\"><span style=\"font-size:18px\"><strong><span style=\"color:#000000\"><span style=\"font-family:Times New Roman,Times,serif\">Chi ph&iacute; mua t&ecirc;n miền</span></span></strong></span></h3>\r\n\r\n<p dir=\"ltr\" style=\"text-align:justify\"><span style=\"color:#000000\"><span style=\"font-size:16px\"><span style=\"font-family:Times New Roman,Times,serif\">T&ugrave;y thuộc v&agrave;o t&ecirc;n miền quốc tế hay quốc gia m&agrave; bạn sẽ trả c&aacute;c khoản ph&iacute; kh&aacute;c nhau. Đối với t&ecirc;n miền quốc tế, chi ph&iacute; dao động từ 10-12$, c&ograve;n đối với t&ecirc;n miền Việt Nam, chi ph&iacute; từ 750-800 ng&agrave;n đồng cho thời hạn sử dụng l&agrave; một năm.</span></span></span></p>\r\n\r\n<h3 dir=\"ltr\" style=\"text-align:justify\"><span style=\"font-size:18px\"><strong><span style=\"color:#000000\"><span style=\"font-family:Times New Roman,Times,serif\">Chi ph&iacute; mua hosting</span></span></strong></span></h3>\r\n\r\n<p dir=\"ltr\" style=\"text-align:justify\"><span style=\"color:#000000\"><span style=\"font-size:16px\"><span style=\"font-family:Times New Roman,Times,serif\">C&ograve;n được gọi l&agrave; chi ph&iacute; lưu trữ website tr&ecirc;n internet, gi&aacute; cả phụ thuộc v&agrave;o dung lượng lưu trữ v&agrave; băng th&ocirc;ng. C&aacute;c g&oacute;i hosting thường c&oacute; kỳ hạn theo th&aacute;ng, 6 th&aacute;ng hay 1 năm. </span></span></span></p>\r\n\r\n<p dir=\"ltr\" style=\"text-align:justify\"><span style=\"color:#000000\"><span style=\"font-size:16px\"><span style=\"font-family:Times New Roman,Times,serif\">Với dung lượng cần sử dụng th&ocirc;ng thường như cho c&aacute; nh&acirc;n th&igrave; g&oacute;i 10$/th&aacute;ng được đ&aacute;nh gi&aacute; l&agrave; ph&ugrave; hợp. </span></span></span><span style=\"color:#000000\"><span style=\"font-size:16px\"><span style=\"font-family:Times New Roman,Times,serif\">Nhưng nếu l&agrave; trang web dịch vụ mua sắm hay giải tr&iacute; th&igrave; c&ocirc;ng ty sẽ phải đầu tư g&oacute;i cao hơn.</span></span></span></p>\r\n\r\n<h3 dir=\"ltr\" style=\"text-align:justify\"><span style=\"font-size:18px\"><strong><span style=\"color:#000000\"><span style=\"font-family:Times New Roman,Times,serif\">Chi ph&iacute; dịch vụ thiết kế website chuy&ecirc;n nghiệp</span></span></strong></span></h3>\r\n\r\n<p dir=\"ltr\" style=\"text-align:justify\"><span style=\"color:#000000\"><span style=\"font-size:16px\"><span style=\"font-family:Times New Roman,Times,serif\">Chi ph&iacute; n&agrave;y t&ugrave;y thuộc v&agrave;o gi&aacute; cả của mỗi đơn vị cung cấp v&agrave; nhu cầu thiết kế của doanh nghiệp, c&oacute; nhiều yếu tố gi&uacute;p <strong>dịch vụ thiết kế website chuy&ecirc;n nghiệp</strong> c&oacute; thể tiết kiệm chi ph&iacute; v&agrave; cung cấp dịch vụ với gi&aacute; rẻ v&agrave; uy t&iacute;n để ph&ugrave; hợp hơn với t&agrave;i ch&iacute;nh của doanh nghiệp.</span></span></span></p>\r\n\r\n<h3 dir=\"ltr\" style=\"text-align:justify\"><span style=\"font-size:18px\"><strong><span style=\"color:#000000\"><span style=\"font-family:Times New Roman,Times,serif\">Chi ph&iacute; kh&aacute;c (nếu c&oacute;)</span></span></strong></span></h3>\r\n\r\n<p dir=\"ltr\" style=\"text-align:justify\"><span style=\"color:#000000\"><span style=\"font-size:16px\"><span style=\"font-family:Times New Roman,Times,serif\">Một số chi ph&iacute; c&oacute; thể ph&aacute;t sinh nếu c&ocirc;ng ty c&oacute; nhu cầu sử dụng như: viết b&agrave;i quảng c&aacute;o chuẩn SEO, chi ph&iacute; chụp ảnh v&agrave; thiết kế ảnh quảng c&aacute;o, chi ph&iacute; bảo tr&igrave; cập nhật website,...</span></span></span></p>\r\n\r\n<p dir=\"ltr\" style=\"text-align:justify\"><span style=\"color:#000000\"><span style=\"font-size:16px\"><span style=\"font-family:Times New Roman,Times,serif\">Khi đăng k&yacute;<strong> dịch vụ thiết kế website chuy&ecirc;n nghiệp</strong> trọn g&oacute;i, c&aacute;c đơn vị cung cấp sẽ gi&uacute;p bạn tối đa h&oacute;a khoản tiền bỏ ra để lợi &iacute;ch thu về l&agrave; cao nhất. </span></span></span></p>\r\n\r\n<p dir=\"ltr\" style=\"text-align:justify\"><span style=\"color:#000000\"><span style=\"font-size:16px\"><span style=\"font-family:Times New Roman,Times,serif\">Ngo&agrave;i ra,<strong> dịch vụ thiết kế website chuy&ecirc;n nghiệp </strong>gi&aacute; rẻ trọn g&oacute;i thường được khuyến m&atilde;i hấp dẫn v&agrave; giảm bớt được một phần gi&aacute; th&agrave;nh nếu bạn thu&ecirc; ri&ecirc;ng từng dịch vụ kh&aacute;c nhau.</span></span></span></p>\r\n\r\n<h2 dir=\"ltr\" style=\"text-align:justify\"><span style=\"color:#c0392b\"><span style=\"font-size:20px\"><strong><span style=\"font-family:Times New Roman,Times,serif\">Những doanh nghiệp n&agrave;o n&ecirc;n sử dụng dịch vụ thiết kế website chuy&ecirc;n nghiệp</span></strong></span></span></h2>\r\n\r\n<p dir=\"ltr\" style=\"text-align:center\"><span style=\"color:#000000\"><span style=\"font-size:16px\"><span style=\"font-family:Times New Roman,Times,serif\"><img alt=\"dịch vụ thiết kế website chuyên nghiệp\" height=\"350\" src=\"/image/images/thiet-ke-website-chuyen-nghiep-nhat.jpeg\" width=\"600\" /></span></span></span></p>\r\n\r\n<p dir=\"ltr\" style=\"text-align:center\"><em><span style=\"color:#000000\"><span style=\"font-size:16px\"><span style=\"font-family:Times New Roman,Times,serif\">Kinh doanh internet - Dịch vụ thiết kế website chuy&ecirc;n nghiệp</span></span></span></em></p>\r\n\r\n<p dir=\"ltr\" style=\"text-align:justify\">- <span style=\"color:#000000\"><span style=\"font-size:16px\"><span style=\"font-family:Times New Roman,Times,serif\">C&ocirc;ng ty bạn chưa bao giờ c&oacute; một website ch&iacute;nh thức cho sản phẩm hay dịch vụ của m&igrave;nh.</span></span></span></p>\r\n\r\n<p dir=\"ltr\" style=\"text-align:justify\">- <span style=\"color:#000000\"><span style=\"font-size:16px\"><span style=\"font-family:Times New Roman,Times,serif\">Bạn muốn mở một website ch&iacute;nh thức cho c&ocirc;ng ty nhưng c&aacute;c bước thực hiện lại qu&aacute; phức tạp.</span></span></span></p>\r\n\r\n<p dir=\"ltr\" style=\"text-align:justify\">- <span style=\"color:#000000\"><span style=\"font-size:16px\"><span style=\"font-family:Times New Roman,Times,serif\">C&ocirc;ng ty bạn đ&atilde; c&oacute; website nhưng rất &iacute;t người truy cập v&agrave; kh&ocirc;ng thể quảng b&aacute; được thương hiệu của bạn một c&aacute;ch rộng r&atilde;i.</span></span></span></p>\r\n\r\n<p dir=\"ltr\" style=\"text-align:justify\">- <span style=\"color:#000000\"><span style=\"font-size:16px\"><span style=\"font-family:Times New Roman,Times,serif\">Doanh nghiệp muốn n&acirc;ng cấp website để n&acirc;ng cao khả năng cạnh tranh tr&ecirc;n thị trường.</span></span></span></p>\r\n\r\n<p dir=\"ltr\" style=\"text-align:justify\">- <span style=\"color:#000000\"><span style=\"font-size:16px\"><span style=\"font-family:Times New Roman,Times,serif\">Bạn muốn t&igrave;m một <strong>dịch vụ thiết kế website chuy&ecirc;n nghiệp</strong> nhưng lại băn khoăn về vấn đề chi ph&iacute;.</span></span></span></p>\r\n\r\n<p dir=\"ltr\" style=\"text-align:justify\">- <span style=\"color:#000000\"><span style=\"font-size:16px\"><span style=\"font-family:Times New Roman,Times,serif\">C&aacute;c nh&agrave; cung cấp bạn biết chỉ c&oacute; thể thiết kế website m&agrave; kh&ocirc;ng c&oacute; dịch vụ tối đa h&oacute;a b&agrave;i viết chuẩn SEO.</span></span></span></p>\r\n\r\n<p dir=\"ltr\" style=\"text-align:justify\"><span style=\"color:#000000\"><span style=\"font-size:16px\"><span style=\"font-family:Times New Roman,Times,serif\">Đ&oacute; cũng ch&iacute;nh l&agrave; l&yacute; do c&ocirc;ng ty của bạn cần t&igrave;m đến với <strong>dịch vụ thiết kế website chuy&ecirc;n nghiệp </strong>c&oacute; uy t&iacute;n, gi&aacute; rẻ v&agrave; c&oacute; thể phục vụ bạn bất cứ khi n&agrave;o bạn muốn.</span></span></span></p>\r\n\r\n<h2 dir=\"ltr\" style=\"text-align:justify\"><strong><span style=\"color:#c0392b\"><span style=\"font-size:20px\"><span style=\"font-family:Times New Roman,Times,serif\">Dịch vụ thiết kế website chuy&ecirc;n nghiệp của Kinh doanh internet</span></span></span></strong></h2>\r\n\r\n<p dir=\"ltr\" style=\"text-align:justify\"><span style=\"color:#000000\"><span style=\"font-size:16px\"><span style=\"font-family:Times New Roman,Times,serif\">C&ocirc;ng ty KINH DOANH INTERNET lu&ocirc;n sẵn s&agrave;ng hỗ trợ v&agrave; phục vụ bạn, mang lại nhiều gi&aacute; trị nhất cho c&ocirc;ng ty, doanh nghiệp&nbsp;trong một qu&aacute; tr&igrave;nh sử dụng dịch vụ của ch&uacute;ng t&ocirc;i. </span></span></span></p>\r\n\r\n<h3 dir=\"ltr\" style=\"text-align:justify\"><span style=\"font-size:18px\"><strong><span style=\"color:#000000\"><span style=\"font-family:Times New Roman,Times,serif\">Mục ti&ecirc;u hoạt động của Kinh Doanh Internet</span></span></strong></span></h3>\r\n\r\n<p dir=\"ltr\" style=\"text-align:justify\"><span style=\"color:#000000\"><span style=\"font-size:16px\"><span style=\"font-family:Times New Roman,Times,serif\">Với mục ti&ecirc;u cung cấp <strong>dịch vụ thiết kế website chuy&ecirc;n nghiệp</strong> tạo n&ecirc;n sự kh&aacute;c biệt nhất.</span></span></span></p>\r\n\r\n<p dir=\"ltr\" style=\"text-align:justify\"><span style=\"color:#000000\"><span style=\"font-size:16px\"><span style=\"font-family:Times New Roman,Times,serif\"><strong>Dịch vụ thiết kế website chuy&ecirc;n nghiệp </strong>chuẩn SEO&nbsp;x&acirc;y dựng n&eacute;t đặc trưng ri&ecirc;ng cho thương hiệu cho doanh nghiệp kh&aacute;ch h&agrave;ng, hợp t&aacute;c thiện ch&iacute;, mang đến cho kh&aacute;ch h&agrave;ng tối đa về quyền lợi đạt được. </span></span></span></p>\r\n\r\n<p dir=\"ltr\" style=\"text-align:justify\"><span style=\"color:#000000\"><span style=\"font-size:16px\"><span style=\"font-family:Times New Roman,Times,serif\">Ch&uacute;ng t&ocirc;i lu&ocirc;n đặt lợi &iacute;ch uy t&iacute;n của kh&aacute;ch h&agrave;ng l&ecirc;n h&agrave;ng đầu v&igrave; với KINH DOANH INTERNET, kh&aacute;ch h&agrave;ng th&agrave;nh c&ocirc;ng tức l&agrave; ch&uacute;ng t&ocirc;i th&agrave;nh c&ocirc;ng.</span></span></span></p>\r\n\r\n<p dir=\"ltr\" style=\"text-align:center\"><span style=\"color:#000000\"><span style=\"font-size:16px\"><span style=\"font-family:Times New Roman,Times,serif\"><img alt=\"dịch vụ thiết kế website chuyên nghiệp\" height=\"351\" src=\"/image/images/dich-vu-thiet-ke-website-chuyen-nghiep-uy-tin.jpeg\" width=\"600\" /></span></span></span></p>\r\n\r\n<p dir=\"ltr\" style=\"text-align:center\"><em><span style=\"color:#000000\"><span style=\"font-size:16px\"><span style=\"font-family:Times New Roman,Times,serif\">Kinh doanh internet - Dịch vụ thiết kế website chuy&ecirc;n nghiệp</span></span></span></em></p>\r\n\r\n<h3 dir=\"ltr\" style=\"text-align:justify\"><span style=\"font-size:18px\"><strong><span style=\"color:#000000\"><span style=\"font-family:Times New Roman,Times,serif\">Đội ngũ nh&acirc;n vi&ecirc;n thiết kế trẻ trung, chuy&ecirc;n nghiệp</span></span></strong></span></h3>\r\n\r\n<p dir=\"ltr\" style=\"text-align:justify\"><span style=\"color:#000000\"><span style=\"font-size:16px\"><span style=\"font-family:Times New Roman,Times,serif\">Đội ngũ nh&acirc;n vi&ecirc;n thiết kế của <strong>dịch vụ thiết kế website chuy&ecirc;n nghiệp</strong> KINH DOANH INERNET&nbsp;tr&agrave;n đầy nhiệt huyết v&agrave; s&aacute;ng tạo trong c&ocirc;ng việc, với đam m&ecirc; v&agrave; tuổi trẻ.</span></span></span></p>\r\n\r\n<p dir=\"ltr\" style=\"text-align:justify\"><span style=\"color:#000000\"><span style=\"font-size:16px\"><span style=\"font-family:Times New Roman,Times,serif\">Ch&uacute;ng t&ocirc;i lu&ocirc;n kh&ocirc;ng quản gian kh&oacute; để t&igrave;m kiếm v&agrave; x&acirc;y dựng những &yacute; tưởng mới lạ đ&aacute;p ứng nhu cầu kh&aacute;ch h&agrave;ng.</span></span></span></p>\r\n\r\n<h3 dir=\"ltr\" style=\"text-align:justify\"><span style=\"font-size:18px\"><strong><span style=\"color:#000000\"><span style=\"font-family:Times New Roman,Times,serif\">Chuy&ecirc;n vi&ecirc;n tư vấn am hiểu v&agrave; tận t&igrave;nh dịch vụ thiết kế website chuy&ecirc;n nghiệp</span></span></strong></span></h3>\r\n\r\n<p dir=\"ltr\" style=\"text-align:justify\"><span style=\"color:#000000\"><span style=\"font-size:16px\"><span style=\"font-family:Times New Roman,Times,serif\">C&aacute;c chuy&ecirc;n vi&ecirc;n tư vấn của <strong>KINH DOANH INTERNET</strong> được lựa chọn cẩn thận l&agrave; những người c&oacute; phong c&aacute;ch tư vấn &acirc;n cần, am hiểu s&acirc;u sắc những thắc mắc của kh&aacute;ch h&agrave;ng về dịch vụ cũng như c&oacute; thể cung cấp đầy đủ những th&ocirc;ng tin m&agrave; kh&aacute;ch h&agrave;ng t&igrave;m kiếm.</span></span></span></p>\r\n\r\n<h3 dir=\"ltr\" style=\"text-align:justify\"><span style=\"font-size:18px\"><strong><span style=\"color:#000000\"><span style=\"font-family:Times New Roman,Times,serif\">Đội ngũ viết b&agrave;i chuẩn SEO h&ugrave;ng mạnh</span></span></strong></span></h3>\r\n\r\n<p dir=\"ltr\" style=\"text-align:justify\"><span style=\"color:#000000\"><span style=\"font-size:16px\"><span style=\"font-family:Times New Roman,Times,serif\">Ch&uacute;ng t&ocirc;i lu&ocirc;n c&oacute; một loạt nh&acirc;n vi&ecirc;n chuy&ecirc;n viết b&agrave;i chuẩn SEO, nhằm kết hợp với<strong> dịch vụ thiết kế website chuy&ecirc;n nghiệp</strong> để đạt hiệu quả cao nhất trong qu&aacute; tr&igrave;nh quảng b&aacute; thương hiệu v&agrave; l&ocirc;i k&eacute;o kh&aacute;ch h&agrave;ng của doanh nghiệp.</span></span></span></p>\r\n\r\n<h3 dir=\"ltr\" style=\"text-align:justify\"><span style=\"font-size:18px\"><strong><span style=\"color:#000000\"><span style=\"font-family:Times New Roman,Times,serif\">Chất lượng dịch vụ thiết kế website chuy&ecirc;n nghiệp đảm bảo</span></span></strong></span></h3>\r\n\r\n<p dir=\"ltr\" style=\"text-align:justify\"><span style=\"color:#000000\"><span style=\"font-size:16px\"><span style=\"font-family:Times New Roman,Times,serif\"><strong>Dịch vụ thiết kế website chuy&ecirc;n nghiệp</strong> của <strong>KINH DOANH INTERNET </strong>lu&ocirc;n được cam kết hiệu quả với kh&aacute;ch h&agrave;ng, ch&uacute;ng t&ocirc;i sẽ chưa ngừng nghỉ cho tới khi n&agrave;o kh&aacute;ch h&agrave;ng cảm thấy h&agrave;i l&ograve;ng nhất.</span></span></span></p>\r\n\r\n<p dir=\"ltr\" style=\"text-align:justify\"><span style=\"color:#000000\"><span style=\"font-size:16px\"><span style=\"font-family:Times New Roman,Times,serif\">Uy t&iacute;n v&agrave; chất lượng của ch&uacute;ng t&ocirc;i đ&atilde; dần dần được khẳng định tr&ecirc;n thị trường trong những năm gần đ&acirc;y.</span></span></span></p>\r\n\r\n<h3 dir=\"ltr\" style=\"text-align:justify\"><span style=\"font-size:18px\"><strong><span style=\"color:#000000\"><span style=\"font-family:Times New Roman,Times,serif\">Gi&aacute; cả dịch vụ thiết kế website chuy&ecirc;n nghiệp ph&ugrave; hợp nhu cầu</span></span></strong></span></h3>\r\n\r\n<p dir=\"ltr\" style=\"text-align:justify\"><span style=\"color:#000000\"><span style=\"font-size:16px\"><span style=\"font-family:Times New Roman,Times,serif\"><strong>KINH DOANH INTERNET </strong>chuy&ecirc;n cung cấp &nbsp;<strong>dịch vụ thiết kế website chuy&ecirc;n nghiệp</strong> gi&aacute; rẻ nhất thị trường, với tuy&ecirc;n ng&ocirc;n đồng tiền của kh&aacute;ch h&agrave;ng bỏ ra sẽ thu lại gi&aacute; trị tương xứng nhất.</span></span></span></p>\r\n', 'dich-vu-thiet-ke-website.jpg', '0', 4, '', '2019-01-19', '2019-02-15', 1, NULL, NULL, NULL, NULL, NULL, 'Dịch vụ thiết kế website chuyên nghiệp uy tín - giá chỉ từ 900k trọn gói', 'Bạn đang phân vân về dịch vụ thiết kế website chuyên nghiệp uy tín. Kinh doanh internet sẽ giải đáp tất cả các vấn đề mà bạn đang gặp phải về thiết kế website cho \r\nbạn.', 'dich-vu-thiet-ke-website-chuyen-nghiep', 'dịch vụ thiết kế website chuyên nghiệp, dịch vụ thiết kế website, thiết kế website, thiet ke website, dich vu thiet ke website', 1, '');
INSERT INTO `service` (`service_id`, `service_name`, `service_des`, `service_content`, `service_img`, `service_views`, `servicecat_id`, `service_author`, `service_create_date`, `service_update_date`, `state`, `service_sub_infor1`, `service_sub_infor2`, `service_sub_infor3`, `service_sub_infor4`, `service_sub_infor5`, `title_seo`, `des_seo`, `friendly_url`, `keyword`, `created_id`, `servicetag_arr`) VALUES
(67, 'Dịch vụ nhận viết bài chuẩn SEO thuê giá rẻ cho website', 'Dịch vụ viết bài chuẩn SEO giá rẻ giúp phát triển nội dụng website, mang lại những thông tin hữu ích và mới mẻ cho người đọc, giúp tăng lượng truy cập và góp phần nâng cao doanh số của doanh nghiệp.', '<p dir=\"ltr\" style=\"text-align:justify\"><span style=\"font-size:16px\"><span style=\"font-family:Times New Roman,Times,serif\"><strong>Thu&ecirc; dịch vụ viết b&agrave;i chuẩn SEO</strong> sẽ gi&uacute;p bạn tiết kiệm rất nhiều thời gian, lại sản xuất được số lượng lớn <strong>b&agrave;i viết chuẩn SEO chất lượng</strong>, đ&uacute;ng kỹ thuật.</span></span></p>\r\n\r\n<p dir=\"ltr\" style=\"text-align:justify\"><span style=\"font-size:16px\"><span style=\"font-family:Times New Roman,Times,serif\">Khi tiến h&agrave;nh marketing online cho k&ecirc;nh kinh doanh của bạn&nbsp;th&igrave; nội dung kh&ocirc;ng chỉ l&agrave; kh&ocirc;ng thể thiếu m&agrave; n&oacute; qu&aacute; quan trọng. Thế n&ecirc;n mới v&iacute; <strong>NỘI DUNG L&Agrave; VUA</strong>. C&aacute;ch v&iacute; n&agrave;y đủ cho ch&uacute;ng ta hiểu được tầm quan trọng rất lớn của nội dung ở nhiều mặt khi marketing online như SEO, quảng c&aacute;o,...</span></span></p>\r\n\r\n<p dir=\"ltr\" style=\"text-align:justify\"><span style=\"font-family:Times New Roman,Times,serif\"><span style=\"font-size:16px\"><span style=\"color:#2980b9\"><strong>kinhdoanhinternet.com.vn</strong></span> l&agrave; đơn vị chuy&ecirc;n về c&aacute;c tư vấn giải ph&aacute;p v&agrave; thực hiện <strong>dịch vụ marketing online tổng thể</strong>. Trong đ&oacute; <strong>dịch vụ viết b&agrave;i chuẩn SEO gi&aacute; rẻ, chuy&ecirc;n nghiệp, số lượng lớn</strong>&nbsp;l&agrave; một trong những dịch vụ trọng điểm.&nbsp;</span></span></p>\r\n\r\n<p dir=\"ltr\" style=\"text-align:justify\"><span style=\"font-family:Times New Roman,Times,serif\"><span style=\"font-size:16px\">Ch&uacute;ng t&ocirc;i đầu tư b&agrave;i bản để&nbsp;tổ chức <strong>nhận viết b&agrave;i chuẩn SEO cho website chuy&ecirc;n nghiệp </strong>l&agrave;m h&agrave;i l&ograve;ng nhiều kh&aacute;ch h&agrave;ng<strong>&nbsp;</strong>cả về số lượng, tiến độ&nbsp;v&agrave; chất lượng b&agrave;i viết chuẩn SEO.</span></span></p>\r\n\r\n<p dir=\"ltr\" style=\"text-align:justify\"><span style=\"font-family:Times New Roman,Times,serif\"><span style=\"font-size:16px\"><strong><span style=\"color:#2980b9\">Gọi ngay </span></strong></span><span style=\"color:#f1c40f\"><span style=\"font-size:24px\"><strong><span style=\"background-color:#e74c3c\">097.337.8669</span></strong></span></span><span style=\"font-size:16px\">, ch&uacute;ng t&ocirc;i <strong>chuy&ecirc;n&nbsp;nhận viết b&agrave;i chuẩn SEO gi&aacute; rẻ </strong>chỉ với </span><span style=\"font-size:24px\"><span style=\"color:#f1c40f\"><strong><span style=\"background-color:#e74c3c\">8.000đ/b&agrave;i viết</span></strong></span></span></span></p>\r\n\r\n<h2 dir=\"ltr\" style=\"text-align:justify\"><strong><span style=\"color:#c0392b\"><span style=\"font-size:22px\"><span style=\"font-family:Times New Roman,Times,serif\">B&aacute;o gi&aacute; dịch vụ&nbsp;viết b&agrave;i chuẩn SEO c&oacute; nhiều mức gi&aacute; t&ugrave;y theo chất lượng v&agrave; số lượng y&ecirc;u cầu</span></span></span></strong></h2>\r\n\r\n<h3 dir=\"ltr\"><span style=\"font-size:20px\"><span style=\"color:#2980b9\"><strong><span style=\"font-family:Times New Roman,Times,serif\">1. Bảng b&aacute;o gi&aacute; viết b&agrave;i chuẩn SEO - Mức độ chất lượng th&ocirc;ng thường</span></strong></span></span></h3>\r\n\r\n<p dir=\"ltr\" style=\"text-align:center\"><span style=\"color:#000000\"><span style=\"font-size:16px\"><span style=\"font-family:Times New Roman,Times,serif\"><img alt=\"Bảng báo giá viết bài chuẩn SEO - mức độ chất lượng thông thường\" height=\"416\" src=\"/image/images/dich-vu-viet-bai-chuan-seo-gia-re(1).jpg\" width=\"900\" /></span></span></span></p>\r\n\r\n<p dir=\"ltr\" style=\"text-align:center\"><span style=\"color:#000000; font-family:Times New Roman,Times,serif\"><span style=\"font-size:16px\"><em>Bảng b&aacute;o gi&aacute; viết b&agrave;i chuẩn SEO - mức độ chất lượng th&ocirc;ng thường</em></span></span></p>\r\n\r\n<h3 dir=\"ltr\" style=\"text-align:justify\"><span style=\"font-size:20px\"><span style=\"color:#2980b9\"><strong><span style=\"font-family:Times New Roman,Times,serif\">2. Bảng b&aacute;o gi&aacute; viết b&agrave;i chuẩn SEO - Mức độ &yacute; tưởng hay, chất lượng tốt</span></strong></span></span></h3>\r\n\r\n<p dir=\"ltr\" style=\"text-align:center\"><strong><span style=\"color:#000000\"><span style=\"font-size:16px\"><span style=\"font-family:Times New Roman,Times,serif\"><img alt=\"Bảng báo giá viết bài chuẩn SEO ý tưởng hay, chất lượng tốt\" height=\"416\" src=\"/image/images/dich-vu-viet-bai-chuan-seo(1).jpg\" width=\"900\" /></span></span></span></strong></p>\r\n\r\n<p dir=\"ltr\" style=\"text-align:center\"><span style=\"color:#000000; font-family:Times New Roman,Times,serif\"><span style=\"font-size:16px\"><em>Bảng b&aacute;o gi&aacute; viết b&agrave;i chuẩn SEO &yacute; tưởng hay, chất lượng tốt</em></span></span></p>\r\n\r\n<h3 dir=\"ltr\" style=\"text-align:justify\"><span style=\"font-size:20px\"><span style=\"font-family:Times New Roman,Times,serif\"><strong><span style=\"color:#2980b9\">3. B&aacute;o gi&aacute; viết b&agrave;i kh&aacute;c: viết b&agrave;i quảng c&aacute;o Pr, đăng b&agrave;i chuẩn SEO, chỉnh sửa h&igrave;nh ảnh,...</span></strong></span></span></h3>\r\n\r\n<p dir=\"ltr\" style=\"text-align:center\"><img alt=\"báo gia viết bài quảng cáo pr\" height=\"394\" src=\"/image/images/bao-gia-viet-bai-pr.jpg\" width=\"900\" /></p>\r\n\r\n<p style=\"text-align:center\"><em><span style=\"color:#000000\"><span style=\"font-size:16px\"><span style=\"font-family:Times New Roman,Times,serif\">Bảng b&aacute;o gi&aacute; viết b&agrave;i PR</span></span></span></em>&nbsp;</p>\r\n\r\n<p dir=\"ltr\" style=\"text-align:center\"><img alt=\"báo giá viết bài sale page\" height=\"394\" src=\"/image/images/bao-gia-bai-viet-sale-page.jpg\" width=\"900\" /></p>\r\n\r\n<p style=\"text-align:center\"><em><span style=\"color:#000000\"><span style=\"font-size:16px\"><span style=\"font-family:Times New Roman,Times,serif\">&nbsp;Bảng b&aacute;o gi&aacute; SALE PAGE</span></span></span></em></p>\r\n\r\n<p dir=\"ltr\" style=\"text-align:center\"><img alt=\"báo giá viết bài đa ngôn ngữ\" height=\"394\" src=\"/image/images/bao-gia-bai-viet-da-ngon-ngu.jpg\" width=\"900\" /></p>\r\n\r\n<p dir=\"ltr\" style=\"text-align:center\"><em><span style=\"color:#000000\"><span style=\"font-size:16px\"><span style=\"font-family:Times New Roman,Times,serif\">Bảng b&aacute;o gi&aacute; viết b&agrave;i đa ng&ocirc;n ngữ chuẩn SEO</span></span></span></em></p>\r\n\r\n<p dir=\"ltr\" style=\"text-align:center\"><em><span style=\"color:#000000\"><span style=\"font-size:16px\"><span style=\"font-family:Times New Roman,Times,serif\"><img alt=\"Bảng báo giá đăng bài chỉnh sửa hình ảnh\" height=\"400\" src=\"/image/images/bang-bao-gia-dang-bai-chinh-sua-hinh-anh.jpg\" width=\"900\" /></span></span></span></em></p>\r\n\r\n<p dir=\"ltr\" style=\"text-align:center\"><span style=\"color:#000000\"><em><span style=\"font-size:16px\"><span style=\"font-family:Times New Roman,Times,serif\">Bảng b&aacute;o gi&aacute; đăng b&agrave;i - chỉnh sửa h&igrave;nh ảnh</span></span></em></span></p>\r\n\r\n<h2 dir=\"ltr\" style=\"text-align:justify\"><span style=\"font-size:22px\"><span style=\"color:#c0392b\"><strong><span style=\"font-family:Times New Roman,Times,serif\">&Yacute; nghĩa&nbsp;chung về dịch vụ viết b&agrave;i chuẩn SEO</span></strong></span></span></h2>\r\n\r\n<p dir=\"ltr\" style=\"text-align:justify\"><span style=\"color:#000000\"><span style=\"font-size:16px\"><span style=\"font-family:Times New Roman,Times,serif\">Hi&ecirc;̣n nay, khoảng cách giữa người mua và người bán g&acirc;̀n như được thu nhỏ lại r&acirc;́t nhi&ecirc;̀u khi mạng internet trở n&ecirc;n ngày càng ph&ocirc;̉ bi&ecirc;́n. </span></span></span><span style=\"color:#000000\"><span style=\"font-size:16px\"><span style=\"font-family:Times New Roman,Times,serif\">Do đó, ti&ecirc;́p c&acirc;̣n khách hàng th&ocirc;ng qua internet là cách mà các doanh nghi&ecirc;̣p hi&ecirc;̣n nay đang hướng đ&ecirc;́n. </span></span></span></p>\r\n\r\n<p dir=\"ltr\" style=\"text-align:justify\"><span style=\"color:#000000\"><span style=\"font-size:16px\"><span style=\"font-family:Times New Roman,Times,serif\">V&acirc;̣y bằng cách nào đ&ecirc;̉ người ti&ecirc;u dùng tìm th&acirc;́y bạn tr&ecirc;n mạng internet? <strong>Tối thiểu&nbsp;l&agrave; bạn phải c&oacute; nội dung gi&aacute; trị cho người d&ugrave;ng, đ&uacute;ng kỹ thuật SEO, số lượng đủ lớn. </strong>C&oacute; <strong>nội dung chuẩn SEO</strong> th&igrave; bạn mới tiến h&agrave;nh tiếp c&aacute;c kỹ thuật marketing s&acirc;u hơn để tiếp cận người d&ugrave;ng internet. Hoặc thậm ch&iacute; nếu bạn đủ uy t&iacute;n v&agrave; chăm s&oacute;c theo thời gian cũng chỉ cần nội dung đ&uacute;ng v&agrave; hay, đăng l&ecirc;n l&agrave; đ&atilde; c&oacute; thể tiếp cận được người đọc internet.</span></span></span></p>\r\n\r\n<h3 dir=\"ltr\" style=\"text-align:justify\"><span style=\"font-size:18px\"><strong><span style=\"color:#2980b9\"><span style=\"font-family:Times New Roman,Times,serif\">Vậy bạn sẽ tự viết b&agrave;i SEO hay thu&ecirc; c&ocirc;ng ty dịch vụ viết b&agrave;i?</span></span></strong></span></h3>\r\n\r\n<p dir=\"ltr\" style=\"text-align:justify\"><span style=\"color:#000000\"><span style=\"font-size:16px\"><span style=\"font-family:Times New Roman,Times,serif\">Việc đầu tư viết nội dung tốt chắc chắn&nbsp;tốn rất nhiều thời gian của bạn.&nbsp;Trong khi bạn cần phải l&agrave;m rất nhiều việc kh&aacute;c để kinh doanh. Đồng thời liệu văn phong v&agrave; c&aacute;ch viết b&agrave;i hướng marketing&nbsp;c&oacute; phải l&agrave; sở trường của bạn? V&agrave; bạn liệu c&oacute; nắm được chắc kỹ thuật cần thiết trong việc n&ecirc;n viết từ kh&oacute;a SEO n&agrave;o v&agrave; viết chuẩn kỹ thuật SEO? V&agrave; sức của bạn liệu c&oacute; viết được lượng b&agrave;i viết lớn? <strong>Thu&ecirc; người viết b&agrave;i</strong> ri&ecirc;ng liệu bạn c&oacute; quản l&yacute; được?</span></span></span></p>\r\n\r\n<h3 dir=\"ltr\" style=\"text-align:justify\"><span style=\"color:#2980b9\"><span style=\"font-size:18px\"><strong><span style=\"font-family:Times New Roman,Times,serif\">Dịch vụ vi&ecirc;́t bài chu&acirc;̉n SEO sẽ giải quyết hết những vấn đề</span></strong></span></span></h3>\r\n\r\n<p dir=\"ltr\" style=\"text-align:justify\"><span style=\"color:#000000\"><span style=\"font-size:16px\"><span style=\"font-family:Times New Roman,Times,serif\">C&aacute;c&nbsp;</span></span></span><span style=\"font-size:16px\"><span style=\"font-family:Times New Roman,Times,serif\"><strong>c&ocirc;ng ty nhận viết b&agrave;i chuẩn seo&nbsp;cho website</strong> sẽ gi&uacute;p bạn viết được số lượng lớn, đ&uacute;ng kỹ thuật, đảm bảo độ mới b&agrave;i viết, chất lượng t&ugrave;y theo gi&aacute; tiền bạn đầu tư.</span></span></p>\r\n\r\n<p dir=\"ltr\" style=\"text-align:justify\"><span style=\"color:#000000\"><span style=\"font-size:16px\"><span style=\"font-family:Times New Roman,Times,serif\">N&ecirc;́u bạn đang có ý định phát tri&ecirc;̉n và đa dạng hoá website doanh nghi&ecirc;̣p, n&acirc;ng cao hi&ecirc;̣u quả kinh doanh hãy tham khảo ngay những th&ocirc;ng tin v&ecirc;̀ <strong>dịch vụ vi&ecirc;́t bài chu&acirc;̉n SEO.</strong></span></span></span></p>\r\n\r\n<p dir=\"ltr\" style=\"text-align:justify\"><span style=\"color:#000000\"><span style=\"font-size:16px\"><span style=\"font-family:Times New Roman,Times,serif\">Sau đ&acirc;y, chắc chắn sẽ là những th&ocirc;ng tin về <strong>dịch vụ viết b&agrave;i SEO</strong>&nbsp;v&ocirc; cùn', 'nhan-viet-bai-chuan-seo-gia-re.jpg', '0', 4, '', '2019-01-19', '2019-02-27', 1, NULL, NULL, NULL, NULL, NULL, 'Dịch vụ nhận viết bài chuẩn SEO thuê giá rẻ cho website', '1000+ người đã sử dụng dịch vụ viết bài, dịch vụ viết bài SEO, dịch vụ viết bài chuẩn SEO, viết bài quảng cáo tại kinh doanh internet ', 'dich-vu-nhan-viet-bai-chuan-seo-thue', 'dịch vụ viết bài, dich vu viet bai, dịch vụ viết bài seo, dich vu viet bai seo, dịch vụ viết bài chuẩn seo, dich vu viet bai chuan seo, thuê viết bài chuẩn seo, thue viet bai chuan seo, nhận viết bài chuẩn seo, nhan viet bai chuan seo', 1, ''),
(69, 'Dịch vụ chăm sóc quản lý fanpage giá rẻ - quản trị fanpage chỉ từ 900k/tháng', 'Kinh Doanh Internet chuyên cung cấp đến bạn những dịch vụ chăm sóc fanpage, dịch vụ quản lý fanpage, dịch vụ quản trị fanpagev.v. uy tín, chuyên nghiệp nhất hiện nay.', '<p dir=\"ltr\" style=\"text-align:justify\"><span style=\"color:#000000\"><span style=\"font-size:16px\"><span style=\"font-family:Times New Roman,Times,serif\"><strong>Dịch vụ chăm s&oacute;c fanpage</strong>, <strong>quản l&yacute; fanpage</strong> hay <strong>quản trị fanpage</strong>&nbsp;của c&aacute;c c&ocirc;ng ty, đơn vị marketing online l&agrave; trợ thủ đắc lực cho c&aacute;c doanh nghiệp, c&aacute; nh&acirc;n kinh doanh tr&ecirc;n mạng x&atilde; hội&nbsp;Facebook một c&aacute;ch chuy&ecirc;n nghiệp, uy t&iacute;n.</span></span></span></p>\r\n\r\n<h2 dir=\"ltr\" style=\"text-align:justify\"><span style=\"font-size:22px\"><strong><span style=\"color:#c0392b\"><span style=\"font-family:Times New Roman,Times,serif\">Bạn chưa biết phải bắt đầu từ đ&acirc;u để&nbsp;quản trị fanpage?</span></span></strong></span></h2>\r\n\r\n<p dir=\"ltr\" style=\"text-align:justify\"><span style=\"color:#000000; font-family:Times New Roman,Times,serif\"><span style=\"font-size:16px\">Khi <strong>thu&ecirc; người</strong> hay <strong>thu&ecirc; c&ocirc;ng ty</strong> chuy&ecirc;n thực hiện&nbsp;<strong>quản trị Fanpage</strong>&nbsp; sẽ được g&igrave;? Họ sẽ gi&uacute;p k&ecirc;nh b&aacute;n h&agrave;ng tr&ecirc;n Facebook của bạn&nbsp;được chăm s&oacute;c, ph&aacute;t triển thường xuy&ecirc;n, c&oacute; định hướng chiến thuật r&otilde; r&agrave;ng.</span></span></p>\r\n\r\n<p dir=\"ltr\" style=\"text-align:justify\"><span style=\"color:#000000; font-family:Times New Roman,Times,serif\"><span style=\"font-size:16px\">Đặc biệt nếu t&igrave;m được một <strong>đơn vị chăm s&oacute;c Fanpage chuy&ecirc;n nghiệp</strong> họ c&ograve;n gi&uacute;p bạn ph&aacute;t triển tốt v&agrave; rất chuy&ecirc;n nghiệp. Fanpage được đầu tư&nbsp;về h&igrave;nh ảnh, video, thương hiệu,... Nu&ocirc;i được lượng fan trung th&agrave;nh kh&aacute; tốt trong lĩnh vực kinh doanh của bạn.&nbsp;Đ&acirc;y l&agrave; c&aacute;ch&nbsp;</span></span><span style=\"color:#000000\"><span style=\"font-size:16px\"><span style=\"font-family:Times New Roman,Times,serif\">gi&uacute;p t&igrave;m kiếm kh&aacute;ch h&agrave;ng tiềm năng v&agrave; gia tăng doanh thu l&ecirc;n mức tối đa.</span></span></span></p>\r\n\r\n<p dir=\"ltr\" style=\"text-align:justify\"><span style=\"color:#000000\"><span style=\"font-size:16px\"><span style=\"font-family:Times New Roman,Times,serif\">Nhưng sẽ ra sao nếu bạn kh&ocirc;ng biết c&aacute;ch<strong> chăm s&oacute;c fanpage</strong>, <strong>quản l&yacute; fanpage<strong>,</strong></strong> <strong>quản trị fanpage</strong>,v.v.? Hoặc kh&ocirc;ng thu&ecirc; người chuy&ecirc;n nghiệp, uy t&iacute;n, gi&aacute; rẻ viết c&aacute;c b&agrave;i SEO để gi&uacute;p c&ocirc;ng ty th&igrave; bạn sẽ bỏ qua những cơ hội v&agrave;ng để tiếp cận với kh&aacute;ch h&agrave;ng. </span></span></span></p>\r\n\r\n<p dir=\"ltr\" style=\"text-align:justify\"><span style=\"color:#000000\"><span style=\"font-size:16px\"><span style=\"font-family:Times New Roman,Times,serif\">B&agrave;i viết n&agrave;y ch&uacute;ng t&ocirc;i sẽ l&agrave;m r&otilde;&nbsp;<strong>dịch vụ quản l&yacute; fanpage </strong>hiện nay&nbsp;sẽ l&agrave;m g&igrave; để hỗ trợ cho k&ecirc;nh kinh doanh của bạn<strong>&nbsp;</strong>v&agrave; những vấn đề đặc th&ugrave;, s&acirc;u hơn&nbsp;li&ecirc;n quan tới <strong>quản trị chăm s&oacute;c Fanpage</strong>.</span></span></span></p>\r\n\r\n<p dir=\"ltr\" style=\"text-align:center\"><span style=\"color:#000000\"><span style=\"font-size:16px\"><span style=\"font-family:Times New Roman,Times,serif\"><img alt=\"quản trị fanpage\" height=\"450\" src=\"/image/images/qu%E1%BA%A3n-tr%E1%BB%8B-fanpage.jpg\" width=\"800\" /></span></span></span></p>\r\n\r\n<p dir=\"ltr\" style=\"text-align:center\"><em><span style=\"color:#000000\"><span style=\"font-size:16px\"><span style=\"font-family:Times New Roman,Times,serif\">kinhdoanhinternet.com.vn&nbsp;chuy&ecirc;n về dịch vụ&nbsp;quản trị Fanpage&nbsp;chuy&ecirc;n nghiệp v&agrave; uy t&iacute;n</span></span></span></em></p>\r\n\r\n<h2 dir=\"ltr\" style=\"text-align:justify\"><span style=\"font-size:22px\"><span style=\"color:#c0392b\"><strong><span style=\"font-family:Times New Roman,Times,serif\">Quản trị fanpage chuy&ecirc;n nghiệp l&agrave; l&agrave;m&nbsp;g&igrave;?</span></strong></span></span></h2>\r\n\r\n<p dir=\"ltr\" style=\"text-align:justify\"><span style=\"color:#000000\"><span style=\"font-size:16px\"><span style=\"font-family:Times New Roman,Times,serif\">Để <strong>quản trị Fanpage</strong>,&nbsp;đầu ti&ecirc;n cần lập một trang&nbsp;Fanpage (lưu &yacute; kh&ocirc;ng phải l&agrave; Facebook c&aacute;c nh&acirc;n). Đơn&nbsp;giản l&agrave; tạo ra một cửa h&agrave;ng tr&ecirc;n mạng x&atilde; hội Facebook. </span></span></span></p>\r\n\r\n<p dir=\"ltr\" style=\"text-align:justify\"><span style=\"color:#000000\"><span style=\"font-size:16px\"><span style=\"font-family:Times New Roman,Times,serif\">C&oacute; thể hiểu việc lập Fanpage giống như bạn phải x&acirc;y dựng một cửa h&agrave;ng offline d&ugrave; lớn d&ugrave; b&eacute; để bắt đầu kinh doanh.&nbsp;Đ&acirc;y l&agrave; phương tiện thiết yếu&nbsp;m&agrave; bạn cần c&oacute; để tiếp cận kh&aacute;ch h&agrave;ng tiềm năng. Đ&acirc;y l&agrave; c&aacute;c đối tượng ở mọi độ tuổi kh&aacute;c nhau tr&ecirc;n mạng x&atilde; hội Facebook c&oacute; nhu cầu sản phẩm, dịch vụ m&agrave; bạn cần kinh doanh. </span></span></span></p>\r\n\r\n<p dir=\"ltr\" style=\"text-align:justify\"><span style=\"color:#000000\"><span style=\"font-size:16px\"><span style=\"font-family:Times New Roman,Times,serif\">Sau đ&oacute; bạn cần <strong>quản trị fanapge</strong> đ&atilde; lập.&nbsp;Bạn cần d&ugrave;ng nhiều biện ph&aacute;p marketing online tr&ecirc;n Facebook n&oacute;i ri&ecirc;ng v&agrave; tr&ecirc;n internet n&oacute;i chung để <strong>ph&aacute;t triển Fanpage</strong> ấy lớn mạnh. <em><strong>Mục đ&iacute;ch&nbsp;l&agrave; bạn ph&aacute;t triển&nbsp;được một lượng Fan, lượng kh&aacute;ch h&agrave;ng&nbsp;trung th&agrave;nh v&agrave; ph&aacute;t triển đ&ocirc;ng dần theo thời gian cho lĩnh vực kinh doanh của bạn.</strong></em></span></span></span></p>\r\n\r\n<h3 dir=\"ltr\" style=\"text-align:justify\"><span style=\"font-size:20px\"><span style=\"color:#2980b9\"><strong><span style=\"font-family:Times New Roman,Times,serif\">Vậy l&agrave;m thế n&agrave;o để quản trị&nbsp; Fanpage hiệu quả - đ&uacute;ng hướng?</span></strong></span></span></h3>\r\n\r\n<p dir=\"ltr\" style=\"text-align:justify\"><span style=\"font-family:Times New Roman,Times,serif\"><span style=\"font-size:16px\"><span style=\"color:#c0392b\">Bắt buộc bạn phải c&oacute; kiến thức, kỹ năng&nbsp;marketing online&nbsp;v&agrave; c&aacute;c kỹ thuật cơ bản. Để l&agrave;m g&igrave;?</span>&nbsp;Để thực hiện c&aacute;c c&ocirc;ng việc chăm s&oacute;c đặc th&ugrave;.&nbsp;V&iacute; dụ như: viết nội dung, tạo mini Game, thiết kế h&igrave;nh ảnh, thiết kế video, livestream, thu h&uacute;t tương t&aacute;c...&nbsp;</span></span></p>\r\n\r\n<p dir=\"ltr\" style=\"text-align:justify\"><span style=\"font-family:Times New Roman,Times,serif\"><span style=\"font-size:16px\">Quản trị để&nbsp;<strong>ph&aacute;t triển fanpage</strong> tốt bạn phải l&agrave;m được những c&ocirc;ng việc tr&ecirc;n v&agrave; c&ocirc;ng việc n&agrave;y kh&aacute; mất thời gian cũng như cần biết c&aacute;ch l&agrave;m. </span></span></p>\r\n\r\n<p dir=\"ltr\" style=\"text-align:justify\"><span style=\"font-family:Times New Roman,Times,serif\"><span style=\"font-size:16px\">C&aacute;c c&ocirc;ng việc kh&aacute;c để&nbsp;ph&aacute;t triển kinh doanh của bạn kh&aa', 'dich-vu-quan-tri-cham-soc-fanpage.jpg', '0', 4, 'bả', '2019-01-19', '2019-02-27', 1, NULL, NULL, NULL, NULL, NULL, 'Dịch vụ chăm sóc quản lý fanpage giá rẻ - quản trị fanpage chỉ từ 900k/tháng', '1000+ người đã chọn và sử dụng dịch vụ chăm sóc fanpage, dịch vụ quản lý fanpage, dịch vụ quản trị fanpage của Kinh Doanh Internet để tăng bán hàng qua Facebook', 'dich-vu-cham-soc-quan-ly-fanpage', 'chăm sóc fanpage, cham soc fanpage, quản lý fanpage, quan ly fanpage, quản trị fanpage, quan tri fanpage, dịch vụ quản lý fanpage, dich vu quan ly fanpage, dịch vụ quản trị fanpage, dich vu quan tri fanpage, dịch vụ chăm sóc fanpage, dich vu cham soc fanp', 1, '');

-- --------------------------------------------------------

--
-- Table structure for table `servicecat`
--

CREATE TABLE `servicecat` (
  `servicecat_id` int(11) NOT NULL,
  `servicecat_name` varchar(255) COLLATE utf8_unicode_ci DEFAULT NULL,
  `servicecat_des` text COLLATE utf8_unicode_ci,
  `servicecat_content` longtext COLLATE utf8_unicode_ci,
  `servicecat_parent` int(11) DEFAULT NULL,
  `servicecat_sort_order` int(11) DEFAULT NULL,
  `servicecat_created_date` date DEFAULT NULL,
  `servicecat_update_date` date DEFAULT NULL,
  `state` int(11) DEFAULT '1',
  `servicecat_img` varchar(255) COLLATE utf8_unicode_ci DEFAULT NULL,
  `servicecat_sub_infor1` longtext COLLATE utf8_unicode_ci,
  `servicecat_sub_infor2` longtext COLLATE utf8_unicode_ci,
  `servicecat_sub_infor3` longtext COLLATE utf8_unicode_ci,
  `servicecat_sub_infor4` longtext COLLATE utf8_unicode_ci,
  `servicecat_sub_infor5` longtext COLLATE utf8_unicode_ci,
  `title_seo` varchar(255) COLLATE utf8_unicode_ci DEFAULT NULL,
  `des_seo` text COLLATE utf8_unicode_ci,
  `friendly_url` varchar(255) COLLATE utf8_unicode_ci DEFAULT NULL,
  `keyword` varchar(255) COLLATE utf8_unicode_ci DEFAULT NULL,
  `created_id` int(11) DEFAULT NULL
) ENGINE=InnoDB DEFAULT CHARSET=utf8 COLLATE=utf8_unicode_ci;

--
-- Dumping data for table `servicecat`
--

INSERT INTO `servicecat` (`servicecat_id`, `servicecat_name`, `servicecat_des`, `servicecat_content`, `servicecat_parent`, `servicecat_sort_order`, `servicecat_created_date`, `servicecat_update_date`, `state`, `servicecat_img`, `servicecat_sub_infor1`, `servicecat_sub_infor2`, `servicecat_sub_infor3`, `servicecat_sub_infor4`, `servicecat_sub_infor5`, `title_seo`, `des_seo`, `friendly_url`, `keyword`, `created_id`) VALUES
(4, 'Dịch vụ của chúng tôi', '', '', 0, 0, '2019-01-16', NULL, 1, 'sv1.jpg', NULL, NULL, NULL, NULL, NULL, 'Dịch vụ của chúng tôi', '', 'dich-vu-cua-chung-toi', '', 1),
(6, 'Báo giá', '', '', 0, 0, '2018-05-19', NULL, 1, '', NULL, NULL, NULL, NULL, NULL, 'Báo giá', '', 'bao-gia', '', 1),
(8, 'Quản trị hệ thống', '', '', 0, 0, '2019-02-22', NULL, 1, '', NULL, NULL, NULL, NULL, NULL, 'Quản trị hệ thống', '', 'quan-tri-he-thong', '', NULL);

-- --------------------------------------------------------

--
-- Table structure for table `servicecat_languages`
--

CREATE TABLE `servicecat_languages` (
  `id` int(11) NOT NULL,
  `lang_servicecat_name` varchar(255) COLLATE utf8_unicode_ci DEFAULT NULL,
  `lang_servicecat_des` text COLLATE utf8_unicode_ci,
  `lang_servicecat_content` longtext COLLATE utf8_unicode_ci,
  `state` int(11) DEFAULT '1',
  `lang_servicecat_sub_infor1` longtext COLLATE utf8_unicode_ci,
  `lang_servicecat_sub_infor2` longtext COLLATE utf8_unicode_ci,
  `lang_servicecat_sub_infor3` longtext COLLATE utf8_unicode_ci,
  `lang_servicecat_sub_infor4` longtext COLLATE utf8_unicode_ci,
  `lang_servicecat_sub_infor5` longtext COLLATE utf8_unicode_ci,
  `title_seo` varchar(255) COLLATE utf8_unicode_ci DEFAULT NULL,
  `des_seo` text COLLATE utf8_unicode_ci,
  `friendly_url` varchar(255) COLLATE utf8_unicode_ci DEFAULT NULL,
  `keyword` varchar(255) COLLATE utf8_unicode_ci DEFAULT NULL,
  `created_id` int(11) DEFAULT NULL,
  `languages_code` varchar(255) COLLATE utf8_unicode_ci DEFAULT NULL,
  `servicecat_id` int(11) DEFAULT NULL
) ENGINE=InnoDB DEFAULT CHARSET=utf8 COLLATE=utf8_unicode_ci;

--
-- Dumping data for table `servicecat_languages`
--

INSERT INTO `servicecat_languages` (`id`, `lang_servicecat_name`, `lang_servicecat_des`, `lang_servicecat_content`, `state`, `lang_servicecat_sub_infor1`, `lang_servicecat_sub_infor2`, `lang_servicecat_sub_infor3`, `lang_servicecat_sub_infor4`, `lang_servicecat_sub_infor5`, `title_seo`, `des_seo`, `friendly_url`, `keyword`, `created_id`, `languages_code`, `servicecat_id`) VALUES
(7, 'Dịch vụ của chúng tôi', '', NULL, 1, '', '', '', '', '', 'Dịch vụ của chúng tôi', '', 'dich-vu-cua-chung-toi', '', NULL, 'vn', 4),
(8, 'category service 2', '<p>M&ocirc; tả Danh mục dịch vụ 2</p>\r\n', '1', 1, '', '', '', '', '', 'Danh mục dịch vụ 2', '', 'category-service-2', '', NULL, 'en', 4),
(11, 'Báo giá', '', '', 1, NULL, NULL, NULL, NULL, NULL, 'Báo giá', '', 'bao-gia', '', NULL, 'vn', 6),
(12, 'english version Báo giá', 'english version ', 'english version ', 1, NULL, NULL, NULL, NULL, NULL, 'Báo giá', '', 'en-bao-gia', '', NULL, 'en', 6),
(15, 'Quản trị hệ thống', '', '', 1, NULL, NULL, NULL, NULL, NULL, 'Quản trị hệ thống', '', 'quan-tri-he-thong', '', NULL, 'vn', 8),
(16, 'english version Quản trị hệ thống', 'english version ', 'english version ', 1, NULL, NULL, NULL, NULL, NULL, 'Quản trị hệ thống', '', 'en-quan-tri-he-thong', '', NULL, 'en', 8);

-- --------------------------------------------------------

--
-- Table structure for table `servicetag`
--

CREATE TABLE `servicetag` (
  `servicetag_id` int(11) NOT NULL,
  `servicetag_name` varchar(225) CHARACTER SET utf8 COLLATE utf8_unicode_ci NOT NULL,
  `servicetag_des` text CHARACTER SET utf8 COLLATE utf8_unicode_ci NOT NULL,
  `servicetag_content` text CHARACTER SET utf8 COLLATE utf8_unicode_ci NOT NULL,
  `servicetag_sort_order` int(11) NOT NULL,
  `servicetag_created_date` datetime NOT NULL,
  `servicetag_update_date` datetime NOT NULL,
  `state` int(11) NOT NULL,
  `servicetag_img` varchar(225) CHARACTER SET utf8 COLLATE utf8_unicode_ci NOT NULL,
  `servicetag_sub_info1` text CHARACTER SET utf8 COLLATE utf8_unicode_ci NOT NULL,
  `servicetag_sub_info2` text CHARACTER SET utf8 COLLATE utf8_unicode_ci NOT NULL,
  `servicttag_sub_info3` text CHARACTER SET utf8 COLLATE utf8_unicode_ci NOT NULL,
  `servicetag_sub_info4` text CHARACTER SET utf8 COLLATE utf8_unicode_ci NOT NULL,
  `servicetag_sub_info5` text CHARACTER SET utf8 COLLATE utf8_unicode_ci NOT NULL,
  `title_seo` varchar(225) CHARACTER SET utf8 COLLATE utf8_unicode_ci NOT NULL,
  `des_seo` text CHARACTER SET utf8 COLLATE utf8_unicode_ci NOT NULL,
  `friendly_url` varchar(225) CHARACTER SET utf8 COLLATE utf8_unicode_ci NOT NULL,
  `keyword` varchar(225) CHARACTER SET utf8 COLLATE utf8_unicode_ci NOT NULL,
  `created_id` int(11) NOT NULL
) ENGINE=InnoDB DEFAULT CHARSET=latin1;

--
-- Dumping data for table `servicetag`
--

INSERT INTO `servicetag` (`servicetag_id`, `servicetag_name`, `servicetag_des`, `servicetag_content`, `servicetag_sort_order`, `servicetag_created_date`, `servicetag_update_date`, `state`, `servicetag_img`, `servicetag_sub_info1`, `servicetag_sub_info2`, `servicttag_sub_info3`, `servicetag_sub_info4`, `servicetag_sub_info5`, `title_seo`, `des_seo`, `friendly_url`, `keyword`, `created_id`) VALUES
(4, 'hot', '', '', 0, '2017-12-13 15:12:00', '2017-12-13 15:12:00', 1, '', '', '', '', '', '', 'hot', '', 'hot', '', 1),
(5, 'sale', '', '', 0, '2017-12-13 15:12:12', '2017-12-13 15:12:12', 1, '', '', '', '', '', '', 'sale', '', 'sale', '', 1);

-- --------------------------------------------------------

--
-- Table structure for table `servicetag_languages`
--

CREATE TABLE `servicetag_languages` (
  `id` int(11) NOT NULL,
  `servicetag_id` int(11) NOT NULL,
  `languages_code` varchar(225) CHARACTER SET utf8 COLLATE utf8_unicode_ci NOT NULL,
  `lang_servicetag_name` varchar(225) CHARACTER SET utf8 COLLATE utf8_unicode_ci NOT NULL,
  `lang_servicetag_des` text CHARACTER SET utf8 COLLATE utf8_unicode_ci NOT NULL,
  `lang_servicetag_content` text CHARACTER SET utf8 COLLATE utf8_unicode_ci NOT NULL,
  `lang_servicetag_sub_info1` text CHARACTER SET utf8 COLLATE utf8_unicode_ci NOT NULL,
  `lang_servicetag_sub_info2` text CHARACTER SET utf8 COLLATE utf8_unicode_ci NOT NULL,
  `lang_servicetag_sub_info3` text CHARACTER SET utf8 COLLATE utf8_unicode_ci NOT NULL,
  `lang_servicetag_sub_info4` text CHARACTER SET utf8 COLLATE utf8_unicode_ci NOT NULL,
  `lang_servicetag_sub_info5` text CHARACTER SET utf8 COLLATE utf8_unicode_ci NOT NULL,
  `title_seo` varchar(225) CHARACTER SET utf8 COLLATE utf8_unicode_ci NOT NULL,
  `des_seo` text CHARACTER SET utf8 COLLATE utf8_unicode_ci NOT NULL,
  `keyword` varchar(225) CHARACTER SET utf8 COLLATE utf8_unicode_ci NOT NULL,
  `friendly_url` varchar(225) CHARACTER SET utf8 COLLATE utf8_unicode_ci NOT NULL,
  `state` int(11) NOT NULL
) ENGINE=InnoDB DEFAULT CHARSET=latin1;

--
-- Dumping data for table `servicetag_languages`
--

INSERT INTO `servicetag_languages` (`id`, `servicetag_id`, `languages_code`, `lang_servicetag_name`, `lang_servicetag_des`, `lang_servicetag_content`, `lang_servicetag_sub_info1`, `lang_servicetag_sub_info2`, `lang_servicetag_sub_info3`, `lang_servicetag_sub_info4`, `lang_servicetag_sub_info5`, `title_seo`, `des_seo`, `keyword`, `friendly_url`, `state`) VALUES
(4, 4, 'vn', 'hot', '', '', '', '', '', '', '', 'hot', '', 'keyword', 'hot', 1),
(5, 4, 'en', 'hot', '', '', '', '', '', '', '', 'hot', '', 'keyword', 'hot', 1),
(6, 5, 'vn', 'sale', '<p>1</p>\r\n', '', '', '', '', '', '', 'sale', '', 'keyword', 'sale', 1),
(7, 5, 'en', 'sale', '<p>2</p>\r\n', '', '', '', '', '', '', 'sale', '', 'keyword', 'sale', 1);

-- --------------------------------------------------------

--
-- Table structure for table `service_languages`
--

CREATE TABLE `service_languages` (
  `id` int(11) NOT NULL,
  `languages_code` varchar(255) COLLATE utf8_unicode_ci DEFAULT NULL,
  `lang_service_name` varchar(255) COLLATE utf8_unicode_ci DEFAULT NULL,
  `lang_service_des` text COLLATE utf8_unicode_ci,
  `lang_service_content` longtext COLLATE utf8_unicode_ci,
  `lang_service_author` varchar(255) COLLATE utf8_unicode_ci DEFAULT NULL,
  `state` int(11) DEFAULT '1',
  `service_sub_infor1` longtext COLLATE utf8_unicode_ci,
  `service_sub_infor2` longtext COLLATE utf8_unicode_ci,
  `service_sub_infor3` longtext COLLATE utf8_unicode_ci,
  `service_sub_infor4` longtext COLLATE utf8_unicode_ci,
  `service_sub_infor5` longtext COLLATE utf8_unicode_ci,
  `title_seo` varchar(255) COLLATE utf8_unicode_ci DEFAULT NULL,
  `des_seo` text COLLATE utf8_unicode_ci,
  `friendly_url` varchar(255) COLLATE utf8_unicode_ci DEFAULT NULL,
  `keyword` varchar(255) COLLATE utf8_unicode_ci DEFAULT NULL,
  `created_id` int(11) DEFAULT NULL,
  `service_id` int(11) DEFAULT NULL
) ENGINE=InnoDB DEFAULT CHARSET=utf8 COLLATE=utf8_unicode_ci;

--
-- Dumping data for table `service_languages`
--

INSERT INTO `service_languages` (`id`, `languages_code`, `lang_service_name`, `lang_service_des`, `lang_service_content`, `lang_service_author`, `state`, `service_sub_infor1`, `service_sub_infor2`, `service_sub_infor3`, `service_sub_infor4`, `service_sub_infor5`, `title_seo`, `des_seo`, `friendly_url`, `keyword`, `created_id`, `service_id`) VALUES
(85, 'vn', 'Dịch vụ thiết kế website chuyên nghiệp uy tín - giá chỉ từ 900k trọn gói', 'Dịch vụ thiết kế website chuyên nghiệp sinh ra để phục vụ cho quá trình kinh doanh và quảng bá sản phẩm của doanh nghiệp được hiệu quả với mức lợi nhuận tăng gấp nhiều lần so với trước khi sử dụng dịch vụ này.', '<p dir=\"ltr\" style=\"text-align:justify\"><span style=\"color:#000000\"><span style=\"font-size:16px\"><span style=\"font-family:Times New Roman,Times,serif\"><strong>Dịch vụ thiết kế website chuy&ecirc;n nghiệp </strong>chuẩn SEO&nbsp;mang những n&eacute;t đặc trưng cụ thể về sản phẩm.</span></span></span></p>\r\n\r\n<p dir=\"ltr\" style=\"text-align:justify\"><span style=\"color:#000000\"><span style=\"font-size:16px\"><span style=\"font-family:Times New Roman,Times,serif\"><strong>Dịch vụ thiết kế website chuy&ecirc;n nghiệp</strong> chuẩn SEO thể hiện uy t&iacute;n dịch vụ của doanh nghiệp l&agrave; một việc v&ocirc; c&ugrave;ng cần thiết v&agrave; cấp b&aacute;ch đối với bất kỳ c&ocirc;ng ty n&agrave;o tr&ecirc;n to&agrave;n quốc trong thời điểm n&agrave;y. </span></span></span></p>\r\n\r\n<p dir=\"ltr\" style=\"text-align:justify\"><span style=\"color:#000000\"><span style=\"font-size:16px\"><span style=\"font-family:Times New Roman,Times,serif\">Ch&iacute;nh v&igrave; vậy, <strong>dịch vụ thiết kế website chuy&ecirc;n nghiệp</strong> ra đời v&agrave; li&ecirc;n tục ph&aacute;t triển để cung cấp cho doanh nghiệp những website uy t&iacute;n, ti&ecirc;u chuẩn v&agrave; ph&ugrave; hợp nhất.</span></span></span></p>\r\n\r\n<h2 dir=\"ltr\" style=\"text-align:justify\"><span style=\"color:#c0392b\"><span style=\"font-size:20px\"><strong><span style=\"font-family:Times New Roman,Times,serif\">Những lo lắng của c&aacute;c doanh nghiệp thời đại c&ocirc;ng nghệ 4.0 về dịch vụ thiết kế website chuẩn SEO</span></strong></span></span></h2>\r\n\r\n<p dir=\"ltr\" style=\"text-align:justify\"><span style=\"color:#000000\"><span style=\"font-size:16px\"><span style=\"font-family:Times New Roman,Times,serif\">Ch&uacute;ng t&ocirc;i hiểu được tốc độ ph&aacute;t triển li&ecirc;n tục của c&ocirc;ng nghệ số thời đại 4.0 l&agrave; vừa l&agrave; may mắn lại vừa l&agrave; nỗi lo &acirc;u lu&ocirc;n thường trực trong l&ograve;ng c&aacute;c c&ocirc;ng ty đang ph&aacute;t triển hiện nay.</span></span></span></p>\r\n\r\n<p dir=\"ltr\" style=\"text-align:center\"><span style=\"color:#000000\"><span style=\"font-size:16px\"><span style=\"font-family:Times New Roman,Times,serif\"><img alt=\"dịch vụ thiết kế website chuyên nghiệp\" height=\"400\" src=\"/image/images/dich-vu-thiet-ke-website.jpg\" width=\"600\" /></span></span></span></p>\r\n\r\n<p dir=\"ltr\" style=\"text-align:center\"><em><span style=\"color:#000000\"><span style=\"font-size:16px\"><span style=\"font-family:Times New Roman,Times,serif\">C&ocirc;ng ty Kinh Doanh Internet - Dịch vụ thiết kế website chuy&ecirc;n nghiệp</span></span></span></em></p>\r\n\r\n<p dir=\"ltr\" style=\"text-align:justify\"><span style=\"color:#000000\"><span style=\"font-size:16px\"><span style=\"font-family:Times New Roman,Times,serif\">Dịch vụ mạng ph&aacute;t triển trước ti&ecirc;n mang lại nhiều lợi &iacute;ch như thu gọn được nhiều chi ph&iacute; nh&acirc;n c&ocirc;ng, chi ph&iacute; dịch vụ v&agrave; c&aacute;c khoản chi lớn cho marketing sản phẩm.</span></span></span></p>\r\n\r\n<p dir=\"ltr\" style=\"text-align:justify\"><span style=\"color:#000000\"><span style=\"font-size:16px\"><span style=\"font-family:Times New Roman,Times,serif\">Tuy nhi&ecirc;n, được tận mắt chứng kiến sự ph&aacute;t triển kh&ocirc;ng ngừng của c&aacute;c trang mạng cũng như khả năng nắm bắt cực nhạy b&eacute;n của c&aacute;c c&ocirc;ng ty, doanh nghiệp đối thủ l&agrave; điều khiến cho đa phần c&aacute;c chủ doanh nghiệp đứng ngồi kh&ocirc;ng y&ecirc;n. </span></span></span></p>\r\n\r\n<h2 dir=\"ltr\" style=\"text-align:justify\"><span style=\"color:#c0392b\"><span style=\"font-size:20px\"><strong><span style=\"font-family:Times New Roman,Times,serif\">Những vấn đề đặt ra khi sử dụng dịch vụ thiết kế website chuy&ecirc;n nghiệp</span></strong></span></span></h2>\r\n\r\n<p dir=\"ltr\" style=\"text-align:justify\"><span style=\"color:#000000\"><span style=\"font-size:16px\"><span style=\"font-family:Times New Roman,Times,serif\">- L&agrave;m sao để x&acirc;y dựng một trang web chuẩn hiện đại v&agrave; tiện &iacute;ch cho ch&iacute;nh sản phẩm v&agrave; dịch vụ của m&igrave;nh?</span></span></span></p>\r\n\r\n<p dir=\"ltr\" style=\"text-align:justify\"><span style=\"color:#000000\"><span style=\"font-size:16px\"><span style=\"font-family:Times New Roman,Times,serif\">- L&agrave;m sao để bắt kịp thời đại với một trang web chuẩn SEO?</span></span></span></p>\r\n\r\n<p dir=\"ltr\" style=\"text-align:justify\"><span style=\"color:#000000\"><span style=\"font-size:16px\"><span style=\"font-family:Times New Roman,Times,serif\">- <strong>Dịch vụ thiết kế website chuy&ecirc;n nghiệp</strong> n&agrave;o uy t&iacute;n v&agrave; gi&aacute; rẻ hợp l&yacute;?</span></span></span></p>\r\n\r\n<p dir=\"ltr\" style=\"text-align:justify\"><span style=\"color:#000000\"><span style=\"font-size:16px\"><span style=\"font-family:Times New Roman,Times,serif\">- N&ecirc;n lựa chọn thế n&agrave;o để <strong>dịch vụ thiết kế website chuy&ecirc;n nghiệp</strong> ph&ugrave; hợp với sản phẩm của doanh nghiệp m&igrave;nh?</span></span></span></p>\r\n\r\n<p dir=\"ltr\" style=\"text-align:justify\"><span style=\"color:#000000\"><span style=\"font-size:16px\"><span style=\"font-family:Times New Roman,Times,serif\">- Tất cả những trăn trở n&agrave;y ch&uacute;ng t&ocirc;i sẽ c&ugrave;ng c&ocirc;ng ty bạn th&aacute;o gỡ ngay h&ocirc;m nay.</span></span></span></p>\r\n\r\n<h2 dir=\"ltr\" style=\"text-align:justify\"><span style=\"color:#c0392b\"><strong><span style=\"font-size:20px\"><span style=\"font-family:Times New Roman,Times,serif\">Sử dụng dịch vụ thiết kế website chuy&ecirc;n nghiệp</span></span></strong></span></h2>\r\n\r\n<h3 dir=\"ltr\" style=\"text-align:justify\"><span style=\"font-size:18px\"><strong><span style=\"color:#000000\"><span style=\"font-family:Times New Roman,Times,serif\">Dịch vụ thiết kế website chuy&ecirc;n nghiệp đ&aacute;p ứng thời đại c&ocirc;ng nghệ số</span></span></strong></span></h3>\r\n\r\n<p dir=\"ltr\" style=\"text-align:justify\"><span style=\"color:#000000\"><span style=\"font-size:16px\"><span style=\"font-family:Times New Roman,Times,serif\">Thế kỷ c&ocirc;ng nghệ số b&ugrave;ng nổ k&egrave;m theo sự ph&aacute;t triển kh&ocirc;ng ngờ của internet v&agrave; c&aacute;c trang mạng x&atilde; hội đ&atilde; thay đổi ho&agrave;n to&agrave;n th&oacute;i quen ti&ecirc;u d&ugrave;ng của con người tr&ecirc;n to&agrave;n thế giới.</span></span></span></p>\r\n\r\n<p dir=\"ltr\" style=\"text-align:justify\"><span style=\"color:#000000\"><span style=\"font-size:16px\"><span style=\"font-family:Times New Roman,Times,serif\">Ở Việt Nam hiện nay, ước t&iacute;nh số thu&ecirc; bao di động v&agrave; internet nhiều gấp đ&ocirc;i tổng d&acirc;n số tr&ecirc;n cả nước. </span></span></span></p>\r\n\r\n<p dir=\"ltr\" style=\"text-align:justify\"><span style=\"color:#000000\"><span style=\"font-size:16px\"><span style=\"font-family:Times New Roman,Times,serif\">Đặc biệt th&oacute;i quen tham khảo th&ocirc;ng tin sản phẩm qua c&aacute;c trang mạng v&agrave; mua sắm online của người d&acirc;n đang ng&agrave;y một tăng. </span></span></span></p>\r\n\r\n<p dir=\"ltr\" style=\"text-align:center\"><span style=\"color:#000000\"><span style=\"font-size:16px\"><span style=\"font-family:Times New Roman,Times,serif\"><img alt=\"dịch vụ thiết kế website chuyên nghiệp\" height=\"400\" src=\"/image/images/dich-vu-thiet-ke-website-chuyen-nghiep.jpg\" width=\"600\" /></span></span></span></p>\r\n\r\n<p dir=\"ltr\" style=\"text-align:center\"><em><span style=\"color:#000000\"><span style=\"font-size:16px\"><span style=\"font-family:Times New Roman,Times,serif\">C&ocirc;ng ty Kinh Doanh Internet - Dịch vụ thiết kế website chuy&ecirc;n nghiệp gi&aacute; rẻ</span></span></span></em></p>\r\n\r\n<p dir=\"ltr\" style=\"text-align:justify\"><span style=\"color:#000000\"><span style=\"font-size:16px\"><span style=\"font-family:Times New Roman,Times,serif\">Nếu biết c&aacute;ch nắm bắt th&oacute;i quen sử dụng mạng internet của người d&ugrave;ng v&agrave; x&acirc;y dựng trang website ch&iacute;nh thức của doanh nghiệp, th&igrave; cuộc c&aacute;ch mạng khoa học n&agrave;y sẽ th&uacute;c đẩy doanh nghiệp ph&aacute;t triển l&ecirc;n một mức độ vượt bậc. </span></span></span></p>\r\n\r\n<p dir=\"ltr\" style=\"text-align:justify\"><span style=\"color:#000000\"><span style=\"font-size:16px\"><span style=\"font-family:Times New Roman,Times,serif\">Thậm ch&iacute; nếu &aacute;p dụng <strong>dịch vụ thiết kế website chuy&ecirc;n nghiệp</strong> c&oacute; thể n&acirc;ng cao doanh thu của c&ocirc;ng ty l&ecirc;n nhiều lần so với trước.</span></span></span></p>\r\n\r\n<h3 dir=\"ltr\" style=\"text-align:justify\"><span style=\"font-size:18px\"><strong><span style=\"color:#000000\"><span style=\"font-family:Times New Roman,Times,serif\">Dịch vụ thiết kế website chuy&ecirc;n nghiệp chuẩn SEO n&acirc;ng cao khả năng cạnh tranh của doanh nghiệp</span></span></strong></span></h3>\r\n\r\n<p dir=\"ltr\" style=\"text-align:justify\"><span style=\"color:#000000\"><span style=\"font-size:16px\"><span style=\"font-family:Times New Roman,Times,serif\">Ng&agrave;y nay, rất nhiều c&ocirc;ng ty nhanh nhạy đ&atilde; nắm bắt cơ hội v&agrave; t&igrave;m kiếm cho m&igrave;nh một <strong>dịch vụ thiết kế website chuy&ecirc;n nghiệp</strong> ph&ugrave; hợp với gi&aacute; rẻ v&agrave; chuẩn SEO. </span></span></span></p>\r\n\r\n<p dir=\"ltr\" style=\"text-align:justify\"><span style=\"color:#000000\"><span style=\"font-size:16px\"><span style=\"font-family:Times New Roman,Times,serif\">Nhờ đ&oacute;, họ đ&atilde; từng bước thị trường v&agrave; đạt được hiệu quả cạnh tranh v&ocirc; c&ugrave;ng lớn th&ocirc;ng qua khả năng thu h&uacute;t kh&aacute;ch h&agrave;ng v&agrave; tối đa h&oacute;a phương thức quảng b&aacute; v&agrave; đặt h&agrave;ng online.</span></span></span></p>\r\n\r\n<p dir=\"ltr\" style=\"text-align:justify\"><span style=\"color:#000000\"><span style=\"font-size:16px\"><span style=\"font-family:Times New Roman,Times,serif\">Để c&oacute; khả năng cạnh tranh cao v&agrave; bắt kịp những thay đổi của thị hiếu kh&aacute;ch h&agrave;ng, c&aacute;c doanh nghiệp bắt buộc phải x&acirc;y dựng thiết kế website chuy&ecirc;n nghiệp chuẩn h&oacute;a, chuy&ecirc;n nghiệp.</span></span></span></p>\r\n\r\n<p dir=\"ltr\" style=\"text-align:justify\"><span style=\"color:#000000\"><span style=\"font-size:16px\"><span style=\"font-family:Times New Roman,Times,serif\">Đặc biệt <strong>dịch vụ thiết kế website chuy&ecirc;n nghiệp </strong>chuẩn SEO c&ugrave;ng c&aacute;c b&agrave;i viết chuẩn seo nhằm tối đa h&oacute;a từ kh&oacute;a t&igrave;m kiếm tr&ecirc;n google.</span></span></span></p>\r\n\r\n<p dir=\"ltr\" style=\"text-align:center\"><span style=\"color:#000000\"><span style=\"font-size:16px\"><span style=\"font-family:Times New Roman,Times,serif\"><img alt=\"dịch vụ thiết kế website chuyên nghiệp\" height=\"350\" src=\"/image/images/thiet-ke-website-chuyen-nghiep.jpeg\" width=\"600\" /></span></span></span></p>\r\n\r\n<p dir=\"ltr\" style=\"text-align:center\"><em><span style=\"color:#000000\"><span style=\"font-size:16px\"><span style=\"font-family:Times New Roman,Times,serif\">C&ocirc;ng ty Kinh Doanh Internet&nbsp;- Dịch vụ thiết kế website chuy&ecirc;n nghiệp uy t&iacute;n gi&aacute; rẻ</span></span></span></em></p>\r\n\r\n<p dir=\"ltr\" style=\"text-align:justify\"><span style=\"color:#000000\"><span style=\"font-size:16px\"><span style=\"font-family:Times New Roman,Times,serif\">Tối ưu h&oacute;a c&aacute;c b&agrave;i viết chuẩn seo cũng l&agrave; một việc m&agrave; c&aacute;c <strong>dịch vụ thiết kế website chuy&ecirc;n nghiệp</strong> c&oacute; thể hỗ trợ c&ocirc;ng ty, từ đ&oacute; cải thiện thứ hạng t&igrave;m kiếm của doanh nghiệp mang thương hiệu đến gần với kh&aacute;ch h&agrave;ng hơn.</span></span></span></p>\r\n\r\n<h3 dir=\"ltr\" style=\"text-align:justify\"><span style=\"font-size:18px\"><strong><span style=\"color:#000000\"><span style=\"font-family:Times New Roman,Times,serif\">Tạo uy t&iacute;n v&agrave; li&ecirc;n kết bền vững với kh&aacute;ch h&agrave;ng</span></span></strong></span></h3>\r\n\r\n<p dir=\"ltr\" style=\"text-align:justify\"><span style=\"color:#000000\"><span style=\"font-size:16px\"><span style=\"font-family:Times New Roman,Times,serif\">Theo &Ocirc;ng Nguyễn Trọng Đường, vụ trưởng vụ c&ocirc;ng nghệ th&ocirc;ng tin - Bộ th&ocirc;ng tin v&agrave; truyền th&ocirc;ng đ&atilde; từng khẳng định việc x&acirc;y dựng website của doanh nghiệp ch&iacute;nh l&agrave; một việc v&ocirc; c&ugrave;ng quan trọng.</span></span></span></p>\r\n\r\n<p dir=\"ltr\" style=\"text-align:justify\"><span style=\"color:#000000\"><span style=\"font-size:16px\"><span style=\"font-family:Times New Roman,Times,serif\">Thiết kế website chuy&ecirc;n nghiệp&nbsp;đ&oacute;ng vai tr&ograve; l&agrave; nơi cung cấp th&ocirc;ng tin ch&iacute;nh thống, chuẩn x&aacute;c v&agrave; đầy đủ nhất về sản phẩm.</span></span></span></p>\r\n\r\n<p dir=\"ltr\" style=\"text-align:justify\"><span style=\"color:#000000\"><span style=\"font-size:16px\"><span style=\"font-family:Times New Roman,Times,serif\">&Ocirc;ng cũng cho biết kh&aacute;ch h&agrave;ng sẽ đặt niềm tin v&agrave; lựa chọn nhiều hơn khi xem trực tiếp th&ocirc;ng tin h&agrave;ng h&oacute;a dịch vụ tr&ecirc;n ch&iacute;nh trang web của c&ocirc;ng ty.</span></span></span></p>\r\n\r\n<p dir=\"ltr\" style=\"text-align:center\"><span style=\"color:#000000\"><span style=\"font-size:16px\"><span style=\"font-family:Times New Roman,Times,serif\"><img alt=\"dịch vụ thiết kế website chuyên nghiệp\" height=\"350\" src=\"/image/images/dich-vu-thiet-ke-website-gia-re.jpg\" width=\"600\" /></span></span></span></p>\r\n\r\n<p dir=\"ltr\" style=\"text-align:center\"><em><span style=\"color:#000000\"><span style=\"font-size:16px\"><span style=\"font-family:Times New Roman,Times,serif\">C&ocirc;ng ty Kinh Doanh Internet&nbsp;- Dịch vụ thiết kế website chuy&ecirc;n nghiệp d&agrave;nh cho doanh nghiệp</span></span></span></em></p>\r\n\r\n<p dir=\"ltr\" style=\"text-align:justify\"><span style=\"color:#000000\"><span style=\"font-size:16px\"><span style=\"font-family:Times New Roman,Times,serif\">Tạo uy t&iacute;n v&agrave; niềm tin nơi kh&aacute;ch h&agrave;ng l&agrave; mấu chốt quan trọng trong mỗi qu&aacute; tr&igrave;nh ph&aacute;t triển của doanh nghiệp.</span></span></span></p>\r\n\r\n<p dir=\"ltr\" style=\"text-align:justify\"><span style=\"color:#000000\"><span style=\"font-size:16px\"><span style=\"font-family:Times New Roman,Times,serif\">Lựa chọn một <strong>dịch vụ thiết kế website chuy&ecirc;n nghiệp </strong>l&agrave; lựa chọn đ&uacute;ng đắn để đưa th&ocirc;ng tin về sản phẩm v&agrave; doanh nghiệp đến gần với những đối tượng kh&aacute;ch h&agrave;ng tiềm năng.</span></span></span></p>\r\n\r\n<h2 dir=\"ltr\" style=\"text-align:justify\"><strong><span style=\"color:#c0392b\"><span style=\"font-size:20px\"><span style=\"font-family:Times New Roman,Times,serif\">C&aacute;c bước để x&acirc;y dựng dịch vụ website chuy&ecirc;n nghiệp</span></span></span></strong></h2>\r\n\r\n<h3 dir=\"ltr\" style=\"text-align:justify\"><span style=\"font-size:18px\"><strong><span style=\"color:#000000\"><span style=\"font-family:Times New Roman,Times,serif\">Thiết kế website chuẩn seo cần chuẩn bị th&ocirc;ng tin</span></span></strong></span></h3>\r\n\r\n<p dir=\"ltr\" style=\"text-align:justify\"><span style=\"color:#000000\"><span style=\"font-size:16px\"><span style=\"font-family:Times New Roman,Times,serif\">Trước khi thiết kế website chuy&ecirc;n nghiệp cần nắm r&otilde; c&aacute;c th&ocirc;ng tin về lịch sử c&ocirc;ng ty, dịch vụ, sản phẩm, qu&aacute; tr&igrave;nh kinh doanh v&agrave; hoạt động của doanh nghiệp&hellip; phải được chuẩn bị đầy đủ, ch&iacute;nh x&aacute;c v&agrave; cụ thể nhất. </span></span></span></p>\r\n\r\n<p dir=\"ltr\" style=\"text-align:justify\"><span style=\"color:#000000\"><span style=\"font-size:16px\"><span style=\"font-family:Times New Roman,Times,serif\">C&aacute;c th&ocirc;ng tin được đưa l&ecirc;n website&nbsp;phải đ&aacute;p ứng được y&ecirc;u cầu về ti&ecirc;u chuẩn chất lượng, mục ti&ecirc;u kinh doanh v&agrave; hướng tới nh&oacute;m kh&aacute;ch h&agrave;ng ch&iacute;nh m&agrave; doanh nghiệp hướng đến.</span></span></span></p>\r\n\r\n<h3 dir=\"ltr\" style=\"text-align:justify\"><span style=\"font-size:18px\"><strong><span style=\"color:#000000\"><span style=\"font-family:Times New Roman,Times,serif\">Lập kế hoạch chi tiết cho từng nội dung</span></span></strong></span></h3>\r\n\r\n<p dir=\"ltr\" style=\"text-align:justify\"><span style=\"color:#000000\"><span style=\"font-size:16px\"><span style=\"font-family:Times New Roman,Times,serif\">Giống như việc x&acirc;y dựng d&agrave;n &yacute; cho một b&agrave;i văn viết, việc l&ecirc;n kế hoạch v&agrave; thiết kế website chuy&ecirc;n nghiệp&nbsp;l&agrave; điều kh&aacute; quan trọng.</span></span></span></p>\r\n\r\n<p dir=\"ltr\" style=\"text-align:justify\"><span style=\"color:#000000\"><span style=\"font-size:16px\"><span style=\"font-family:Times New Roman,Times,serif\">C&ocirc;ng ty doanh nghiệp cần đưa ra c&aacute;c chủ đề ch&iacute;nh, phụ,...v&agrave; x&aacute;c định nội dung của từng trang sao cho logic v&agrave; hợp l&yacute; nhất.</span></span></span></p>\r\n\r\n<p dir=\"ltr\" style=\"text-align:center\"><span style=\"color:#000000\"><span style=\"font-size:16px\"><span style=\"font-family:Times New Roman,Times,serif\"><img alt=\"dịch vụ thiết kế website chuyên nghiệp\" height=\"350\" src=\"/image/images/dich-vu-thiet-ke-website-gia-re-tai-ha-noi.jpg\" width=\"600\" /></span></span></span></p>\r\n\r\n<p dir=\"ltr\" style=\"text-align:center\"><em><span style=\"color:#000000\"><span style=\"font-size:16px\"><span style=\"font-family:Times New Roman,Times,serif\">C&ocirc;ng ty Kinh Doanh Internet&nbsp;- Dịch vụ thiết kế website chuy&ecirc;n nghiệp, chuẩn, uy t&iacute;n, gi&aacute; rẻ cho doanh nghiệp</span></span></span></em></p>\r\n\r\n<h3 dir=\"ltr\" style=\"text-align:justify\"><span style=\"font-size:18px\"><strong><span style=\"color:#000000\"><span style=\"font-family:Times New Roman,Times,serif\">Dịch vụ thiết kế website chuy&ecirc;n nghiệp ti&ecirc;u chuẩn, chuẩn SEO</span></span></strong></span></h3>\r\n\r\n<p dir=\"ltr\" style=\"text-align:justify\"><span style=\"color:#000000\"><span style=\"font-size:16px\"><span style=\"font-family:Times New Roman,Times,serif\">Thiết kế website chuy&ecirc;n nghiệp chuẩn SEO&nbsp;n&ecirc;n đồng bộ với m&agrave;u sắc thương hiệu của c&ocirc;ng ty, c&aacute;c mục ph&acirc;n chia r&otilde; r&agrave;ng. </span></span></span></p>\r\n\r\n<p dir=\"ltr\" style=\"text-align:justify\"><span style=\"color:#000000\"><span style=\"font-size:16px\"><span style=\"font-family:Times New Roman,Times,serif\">Kh&acirc;u thiết kế n&agrave;y l&agrave; cực kỳ quan trọng, mọi khả năng thu h&uacute;t kh&aacute;ch h&agrave;ng ban đầu đều tập trung ở phần n&agrave;y.</span></span></span></p>\r\n\r\n<p dir=\"ltr\" style=\"text-align:justify\"><span style=\"color:#000000\"><span style=\"font-size:16px\"><span style=\"font-family:Times New Roman,Times,serif\">Do đ&oacute;, bạn n&ecirc;n t&igrave;m kiếm một địa chỉ cung cấp <strong>dịch vụ thiết kế website chuy&ecirc;n nghiệp</strong> để đạt được hiệu quả tốt nhất.</span></span></span></p>\r\n\r\n<h3 dir=\"ltr\" style=\"text-align:justify\"><span style=\"font-size:18px\"><strong><span style=\"color:#000000\"><span style=\"font-family:Times New Roman,Times,serif\">Ph&aacute;t triển v&agrave; cập nhật trang website chuẩn SEO</span></span></strong></span></h3>\r\n\r\n<p dir=\"ltr\" style=\"text-align:justify\"><span style=\"color:#000000\"><span style=\"font-size:16px\"><span style=\"font-family:Times New Roman,Times,serif\">Việc n&agrave;y đảm bảo cho website lu&ocirc;n lu&ocirc;n chứa những th&ocirc;ng tin mới, tr&aacute;nh trường hợp web &ldquo;bị mốc&rdquo; kh&ocirc;ng c&oacute; hiệu quả về doanh thu m&agrave; c&ograve;n l&atilde;ng ph&iacute; chi ph&iacute; x&acirc;y dựng ch&uacute;ng.</span></span></span></p>\r\n\r\n<h3 dir=\"ltr\" style=\"text-align:justify\"><span style=\"font-size:18px\"><strong><span style=\"color:#000000\"><span style=\"font-family:Times New Roman,Times,serif\">Bảo tr&igrave;</span></span></strong></span></h3>\r\n\r\n<p dir=\"ltr\" style=\"text-align:justify\"><span style=\"color:#000000\"><span style=\"font-size:16px\"><span style=\"font-family:Times New Roman,Times,serif\">Một đội ngũ x&acirc;y dựng website uy t&iacute;n sẽ gi&uacute;p doanh nghiệp khắc phục những lỗi hỏng xảy ra trong suốt qu&aacute; tr&igrave;nh hoạt động của website để những lỗi n&agrave;y sẽ kh&ocirc;ng ảnh hưởng đến qu&aacute; tr&igrave;nh vận h&agrave;nh của website.</span></span></span></p>\r\n\r\n<p dir=\"ltr\" style=\"text-align:center\"><span style=\"color:#000000\"><span style=\"font-size:16px\"><span style=\"font-family:Times New Roman,Times,serif\"><img alt=\"dịch vụ thiết kế website chuyên nghiệp\" height=\"350\" src=\"/image/images/thiet-ke-website-chuyen-nghiep-gia-re.jpeg\" width=\"600\" /></span></span></span></p>\r\n\r\n<p dir=\"ltr\" style=\"text-align:center\"><em><span style=\"color:#000000\"><span style=\"font-size:16px\"><span style=\"font-family:Times New Roman,Times,serif\">C&ocirc;ng ty Kinh doanh Internet&nbsp;- Dịch vụ thiết kế website chuy&ecirc;n nghiệp h&agrave;ng đầu Việt Nam</span></span></span></em></p>\r\n\r\n<h2 dir=\"ltr\" style=\"text-align:justify\"><span style=\"color:#c0392b\"><strong><span style=\"font-size:20px\"><span style=\"font-family:Times New Roman,Times,serif\">Ti&ecirc;u chuẩn đ&aacute;nh gi&aacute; website chuy&ecirc;n nghiệp chuẩn SEO</span></span></strong></span></h2>\r\n\r\n<p dir=\"ltr\" style=\"text-align:justify\"><span style=\"color:#000000\"><span style=\"font-size:16px\"><span style=\"font-family:Times New Roman,Times,serif\">Việc lựa chọn <strong>dịch vụ thiết kế website chuy&ecirc;n nghiệp</strong> th&igrave; việc đ&aacute;nh gi&aacute; website để t&igrave;m ra được một dịch vụ uy t&iacute;n, gi&aacute; rẻ l&agrave; bước quan trọng để đầu tư c&oacute; hiệu quả v&agrave;o qu&aacute; tr&igrave;nh n&agrave;y.</span></span></span></p>\r\n\r\n<h3 dir=\"ltr\" style=\"text-align:justify\"><span style=\"font-size:18px\"><strong><span style=\"color:#000000\"><span style=\"font-family:Times New Roman,Times,serif\">Ti&ecirc;u chuẩn đối với kh&aacute;ch h&agrave;ng sử dụng dịch vụ thiết kế website chuy&ecirc;n nghiệp</span></span></strong></span></h3>\r\n\r\n<h4 dir=\"ltr\" style=\"text-align:justify\"><span style=\"color:#e67e22\"><strong><span style=\"font-size:16px\"><span style=\"font-family:Times New Roman,Times,serif\">Thiết kế website chuy&ecirc;n ngiệp dễ d&agrave;ng t&igrave;m kiếm v&agrave; truy cập</span></span></strong></span></h4>\r\n\r\n<p dir=\"ltr\" style=\"text-align:justify\"><span style=\"color:#000000\"><span style=\"font-size:16px\"><span style=\"font-family:Times New Roman,Times,serif\">Đối với người ti&ecirc;u d&ugrave;ng sản phẩm v&agrave; dịch vụ, điều quan trọng nhất l&agrave; website&nbsp;của c&ocirc;ng ty phải dễ d&agrave;ng t&igrave;m kiếm v&agrave; truy cập. </span></span></span></p>\r\n\r\n<p dir=\"ltr\" style=\"text-align:justify\"><span style=\"color:#000000\"><span style=\"font-size:16px\"><span style=\"font-family:Times New Roman,Times,serif\">Ch&iacute;nh v&igrave; vậy, việc tối đa h&oacute;a từ kh&oacute;a bằng c&aacute;c b&agrave;i viết chuẩn SEO l&agrave; điều đ&aacute;ng quan t&acirc;m nhất khi tiếp cận bất cứ <strong>dịch vụ thiết kế website chuy&ecirc;n nghiệp</strong> n&agrave;o.</span></span></span></p>\r\n\r\n<h4 dir=\"ltr\" style=\"text-align:justify\"><strong><span style=\"color:#e67e22\"><span style=\"font-size:16px\"><span style=\"font-family:Times New Roman,Times,serif\">Thiết kế website chuy&ecirc;n nghệp chuẩn SEO th&igrave; giao diện đẹp, bắt mắt</span></span></span></strong></h4>\r\n\r\n<p dir=\"ltr\" style=\"text-align:justify\"><span style=\"color:#000000\"><span style=\"font-size:16px\"><span style=\"font-family:Times New Roman,Times,serif\">Một giao diện website chuy&ecirc;n nghiệp chuẩn SEO th&igrave; m&agrave;u sắc h&agrave;i h&ograve;a, ph&ugrave; hợp với logo hay ti&ecirc;u ch&iacute; của doanh nghiệp với những h&igrave;nh ảnh sống động, bắt mắt.</span></span></span></p>\r\n\r\n<p dir=\"ltr\" style=\"text-align:justify\"><span style=\"color:#000000\"><span style=\"font-size:16px\"><span style=\"font-family:Times New Roman,Times,serif\">C&aacute;c tương t&aacute;c chuyển động th&uacute; vị sẽ l&ocirc;i k&eacute;o người d&ugrave;ng ở lại l&acirc;u hơn để t&igrave;m hiểu về h&agrave;ng h&oacute;a, dịch vụ m&agrave; c&ocirc;ng ty cung cấp.</span></span></span></p>\r\n\r\n<h4 dir=\"ltr\" style=\"text-align:justify\"><span style=\"color:#e67e22\"><strong><span style=\"font-size:16px\"><span style=\"font-family:Times New Roman,Times,serif\">Thiết kế website chuẩn SEO th&acirc;n thiện với người d&ugrave;ng</span></span></strong></span></h4>\r\n\r\n<p dir=\"ltr\" style=\"text-align:justify\"><span style=\"color:#000000\"><span style=\"font-size:16px\"><span style=\"font-family:Times New Roman,Times,serif\">Nếu một giao diện website qu&aacute; cầu kỳ, rối rắm v&agrave; kh&oacute; sử dụng sẽ l&agrave;m mất đi ấn tượng ban đầu của kh&aacute;ch h&agrave;ng. </span></span></span></p>\r\n\r\n<p dir=\"ltr\" style=\"text-align:justify\"><span style=\"color:#000000\"><span style=\"font-size:16px\"><span style=\"font-family:Times New Roman,Times,serif\">Thiết kế website chuy&ecirc;n nghiệp chuẩn SEO phải dễ sử dụng, th&acirc;n thiện với smartphone v&agrave; &iacute;t xảy ra c&aacute;c lỗi truy cập nhất c&oacute; thể.</span></span></span></p>\r\n\r\n<p dir=\"ltr\" style=\"text-align:center\"><span style=\"color:#000000\"><span style=\"font-size:16px\"><span style=\"font-family:Times New Roman,Times,serif\"><img alt=\"dịch vụ thiết kế website chuyên nghiệp\" height=\"350\" src=\"/image/images/dich-vu-thiet-ke-website-chuyen-nghiep-gia-re.jpg\" width=\"600\" /></span></span></span></p>\r\n\r\n<p dir=\"ltr\" style=\"text-align:center\"><em><span style=\"color:#000000\"><span style=\"font-size:16px\"><span style=\"font-family:Times New Roman,Times,serif\">C&ocirc;ng ty Kinh Doanh Internet - Dịch vụ thiết kế website chuy&ecirc;n nghiệp gi&aacute; rẻ d&agrave;nh cho doanh nghiệp</span></span></span></em></p>\r\n\r\n<h4 dir=\"ltr\" style=\"text-align:justify\"><span style=\"color:#e67e22\"><strong><span style=\"font-size:16px\"><span style=\"font-family:Times New Roman,Times,serif\">Cung cấp th&ocirc;ng tin đầy đủ, chuẩn x&aacute;c đ&aacute;p ứng mong muốn của người ti&ecirc;u d&ugrave;ng</span></span></strong></span></h4>\r\n\r\n<p dir=\"ltr\" style=\"text-align:justify\"><span style=\"color:#000000\"><span style=\"font-size:16px\"><span style=\"font-family:Times New Roman,Times,serif\">Với mục ti&ecirc;u thu h&uacute;t v&agrave; n&acirc;ng cao doanh thu sử dụng h&agrave;ng h&oacute;a, dịch vụ, trang web của c&ocirc;ng ty phải thể hiện những th&ocirc;ng tin chuẩn x&aacute;c, cụ thể, uy t&iacute;n nhất về mặt h&agrave;ng kinh doanh của doanh nghiệp. </span></span></span></p>\r\n\r\n<p dir=\"ltr\" style=\"text-align:justify\"><span style=\"color:#000000\"><span style=\"font-size:16px\"><span style=\"font-family:Times New Roman,Times,serif\">Qua đ&oacute; th&uacute;c đẩy niềm tin v&agrave; nhu cầu ti&ecirc;u d&ugrave;ng của kh&aacute;ch h&agrave;ng.</span></span></span></p>\r\n\r\n<h3 dir=\"ltr\" style=\"text-align:justify\"><strong><span style=\"font-size:18px\"><span style=\"color:#000000\"><span style=\"font-family:Times New Roman,Times,serif\">Dịch vụ thiết kế website chuy&ecirc;n nghiệp chuẩn SEO đối với doanh nghiệp</span></span></span></strong></h3>\r\n\r\n<h4 dir=\"ltr\" style=\"text-align:justify\"><span style=\"color:#e67e22\"><strong><span style=\"font-size:16px\"><span style=\"font-family:Times New Roman,Times,serif\">Thiết kế website chuy&ecirc;n nghiệp nhanh ch&oacute;ng, thuận tiện trong quản trị</span></span></strong></span></h4>\r\n\r\n<p dir=\"ltr\" style=\"text-align:justify\"><span style=\"color:#000000\"><span style=\"font-size:16px\"><span style=\"font-family:Times New Roman,Times,serif\">Đ&acirc;y l&agrave; một trong những y&ecirc;u cầu đầu ti&ecirc;n của doanh nghiệp, <strong>dịch vụ thiết kế website chuy&ecirc;n nghiệp</strong> với uy t&iacute;n l&acirc;u d&agrave;i chắc chắn sẽ kh&ocirc;ng l&agrave;m c&ocirc;ng ty thất vọng.</span></span></span></p>\r\n\r\n<h4 dir=\"ltr\" style=\"text-align:justify\"><span style=\"color:#e67e22\"><span style=\"font-size:16px\"><span style=\"font-family:Times New Roman,Times,serif\"><strong>Thiết kế website chuẩn SEO tối ưu h&oacute;a</strong></span></span></span></h4>\r\n\r\n<p dir=\"ltr\" style=\"text-align:justify\"><span style=\"color:#000000\"><span style=\"font-size:16px\"><span style=\"font-family:Times New Roman,Times,serif\">Trang website phải c&oacute; c&aacute;c b&agrave;i viết chuẩn SEO nhằm tối ưu h&oacute;a từ kh&oacute;a gi&uacute;p c&aacute;c c&ocirc;ng cụ t&igrave;m kiếm dễ d&agrave;ng với khả năng l&ecirc;n top t&igrave;m kiếm cao.</span></span></span></p>\r\n\r\n<h4 dir=\"ltr\" style=\"text-align:justify\"><span style=\"color:#e67e22\"><strong><span style=\"font-size:16px\"><span style=\"font-family:Times New Roman,Times,serif\">Thiết kế webstite chuy&ecirc;n nghiệp với bảo mật cao</span></span></strong></span></h4>\r\n\r\n<p dir=\"ltr\" style=\"text-align:justify\"><span style=\"color:#000000\"><span style=\"font-size:16px\"><span style=\"font-family:Times New Roman,Times,serif\">Tr&aacute;nh rủi ro bị ph&aacute; hoại bởi virut cũng như hacker.</span></span></span></p>\r\n\r\n<h4 dir=\"ltr\" style=\"text-align:justify\"><strong><span style=\"color:#e67e22\"><span style=\"font-size:16px\"><span style=\"font-family:Times New Roman,Times,serif\">Thiết kế website uy t&iacute;n v&agrave; gi&aacute; cả phải chăng</span></span></span></strong></h4>\r\n\r\n<p dir=\"ltr\" style=\"text-align:justify\"><span style=\"color:#000000\"><span style=\"font-size:16px\"><span style=\"font-family:Times New Roman,Times,serif\">Với nhu cầu sử dụng l&acirc;u d&agrave;i chắc chắn bất cứ c&ocirc;ng ty n&agrave;o cũng mong muốn t&igrave;m được <strong>dịch vụ thiết kế website chuy&ecirc;n nghiệp </strong>c&oacute; gi&aacute; rẻ v&agrave; uy t&iacute;n</span></span></span></p>\r\n\r\n<h2 dir=\"ltr\" style=\"text-align:justify\"><span style=\"color:#c0392b\"><span style=\"font-size:20px\"><strong><span style=\"font-family:Times New Roman,Times,serif\">Một số loại dịch vụ thiết kế website chuy&ecirc;n nghiệp chuẩn SEO</span></strong></span></span></h2>\r\n\r\n<p dir=\"ltr\" style=\"text-align:justify\"><span style=\"color:#000000\"><span style=\"font-size:16px\"><span style=\"font-family:Times New Roman,Times,serif\">Mỗi một ng&agrave;nh nghề kinh doanh kh&aacute;c nhau sẽ được<strong> dịch vụ thiết kế website chuy&ecirc;n nghiệp</strong> cung cấp một kiểu trang web kh&aacute;c nhau. Trong đ&oacute;, một số loại h&igrave;nh website phổ biến như:</span></span></span></p>\r\n\r\n<h3 dir=\"ltr\" style=\"text-align:justify\"><span style=\"color:#000000\"><span style=\"font-size:18px\"><strong><span style=\"font-family:Times New Roman,Times,serif\">Dịch vụ thiết kế website chuy&ecirc;n nghiệp b&aacute;n h&agrave;ng</span></strong></span></span></h3>\r\n\r\n<p dir=\"ltr\" style=\"text-align:justify\"><span style=\"color:#000000\"><span style=\"font-size:16px\"><span style=\"font-family:Times New Roman,Times,serif\">C&aacute;c website&nbsp;chuy&ecirc;n b&aacute;n mặt h&agrave;ng cố định như quần &aacute;o, gi&agrave;y d&eacute;p, nước hoa, mỹ phẩm, thức ăn chăn nu&ocirc;i,sản phẩm cơ kh&iacute;... của một thương hiệu hay c&ocirc;ng ty.</span></span></span></p>\r\n\r\n<p dir=\"ltr\" style=\"text-align:center\"><span style=\"color:#000000\"><span style=\"font-size:16px\"><span style=\"font-family:Times New Roman,Times,serif\"><img alt=\"dịch vụ thiết kế website chuyên nghiệp\" height=\"350\" src=\"/image/images/thiet-ke-website-chuyen-nghiep-uy-tin.jpeg\" width=\"600\" /></span></span></span></p>\r\n\r\n<p dir=\"ltr\" style=\"text-align:center\"><em><span style=\"color:#000000\"><span style=\"font-size:16px\"><span style=\"font-family:Times New Roman,Times,serif\">Dịch vụ thiết kế website chuy&ecirc;n nghiệp của c&ocirc;ng ty Kinh Doanh Internet</span></span></span></em></p>\r\n\r\n<h3 dir=\"ltr\" style=\"text-align:justify\"><span style=\"font-size:18px\"><strong><span style=\"color:#000000\"><span style=\"font-family:Times New Roman,Times,serif\">Dịch vụ thiết kế website chuy&ecirc;n nghiệp thương mại điện tử</span></span></strong></span></h3>\r\n\r\n<p dir=\"ltr\" style=\"text-align:justify\"><span style=\"color:#000000\"><span style=\"font-size:16px\"><span style=\"font-family:Times New Roman,Times,serif\">Website chuy&ecirc;n nghiệp chuẩn SEO&nbsp;tập trung nhiều mặt h&agrave;ng từ c&aacute;c nh&agrave; cung cấp kh&aacute;c nhau như chợ online, showroom điện tử, &hellip;</span></span></span></p>\r\n\r\n<h3 dir=\"ltr\" style=\"text-align:justify\"><span style=\"font-size:18px\"><strong><span style=\"color:#000000\"><span style=\"font-family:Times New Roman,Times,serif\">Dịch vụ thiết kế website chuy&ecirc;n nghiệp về dịch vụ</span></span></strong></span></h3>\r\n\r\n<p dir=\"ltr\" style=\"text-align:justify\"><span style=\"color:#000000\"><span style=\"font-size:16px\"><span style=\"font-family:Times New Roman,Times,serif\">Cung cấp c&aacute;c loại dịch vụ như c&agrave; ph&ecirc;, spa, đặt v&eacute; m&aacute;y bay, thu&ecirc; xe taxi, thiết kế nội thất, bất động sản,...</span></span></span></p>\r\n\r\n<h3 dir=\"ltr\" style=\"text-align:justify\"><span style=\"font-size:18px\"><strong><span style=\"color:#000000\"><span style=\"font-family:Times New Roman,Times,serif\">Dịch vụ thiết kế website chuy&ecirc;n nghiệp việc l&agrave;m</span></span></strong></span></h3>\r\n\r\n<p dir=\"ltr\" style=\"text-align:justify\"><span style=\"color:#000000\"><span style=\"font-size:16px\"><span style=\"font-family:Times New Roman,Times,serif\">Website cung cấp th&ocirc;ng tin chủ yếu về người lao động v&agrave; tuyển dụng lao động,...</span></span></span></p>\r\n\r\n<p dir=\"ltr\" style=\"text-align:justify\"><span style=\"color:#000000\"><span style=\"font-size:16px\"><span style=\"font-family:Times New Roman,Times,serif\">Ngo&agrave;i ra, c&ograve;n v&ocirc; v&agrave;n c&aacute;c dạng website m&agrave; <strong>dịch vụ thiết kế website chuy&ecirc;n nghiệp</strong> c&oacute; thể mang lại cho doanh nghiệp của bạn với chất lượng v&agrave; uy t&iacute;n được cam kết.</span></span></span></p>\r\n\r\n<h2 dir=\"ltr\" style=\"text-align:justify\"><span style=\"color:#c0392b\"><span style=\"font-size:20px\"><strong><span style=\"font-family:Times New Roman,Times,serif\">Như thế n&agrave;o l&agrave; một nh&agrave; cung cấp dịch vụ thiết kế website chuy&ecirc;n nghiệp</span></strong></span></span></h2>\r\n\r\n<p dir=\"ltr\" style=\"text-align:justify\"><span style=\"color:#000000\"><span style=\"font-size:16px\"><span style=\"font-family:Times New Roman,Times,serif\">Để t&igrave;m kiếm v&agrave; đầu tư th&ocirc;ng minh cho một nh&agrave; cung cấp <strong>dịch vụ thiết kế website chuy&ecirc;n nghiệp</strong> doanh nghiệp cần tham khảo một v&agrave;i ti&ecirc;u ch&iacute; dưới đ&acirc;y để đ&aacute;nh gi&aacute; chất lượng của dịch vụ n&agrave;y:</span></span></span></p>\r\n\r\n<h3 dir=\"ltr\" style=\"text-align:justify\"><span style=\"font-size:18px\"><strong><span style=\"color:#000000\"><span style=\"font-family:Times New Roman,Times,serif\">Đơn vị cung cấp dịch vụ thiết kế website chuy&ecirc;n nghiệp c&oacute; uy t&iacute;n v&agrave; t&ecirc;n tuổi</span></span></strong></span></h3>\r\n\r\n<p dir=\"ltr\" style=\"text-align:justify\"><span style=\"color:#000000\"><span style=\"font-size:16px\"><span style=\"font-family:Times New Roman,Times,serif\">Việc đơn vị cung cấp <strong>dịch vụ thiết kế website chuy&ecirc;n nghiệp</strong> chuẩn SEO cho bạn c&oacute; uy t&iacute;n v&agrave; danh tiếng tr&ecirc;n thị trường gi&uacute;p doanh nghiệp bạn y&ecirc;n t&acirc;m khi quyết định chọn lựa.</span></span></span></p>\r\n\r\n<p dir=\"ltr\" style=\"text-align:justify\"><span style=\"color:#000000\"><span style=\"font-size:16px\"><span style=\"font-family:Times New Roman,Times,serif\">Hơn nữa, với thời gian hoạt động kh&aacute; l&acirc;u chắc chắn đơn vị đ&oacute; sẽ c&oacute; nhiều kinh nghiệm hơn trong thiết kế v&agrave; xử l&yacute; sự cố cho website cho bạn.</span></span></span></p>\r\n\r\n<h3 dir=\"ltr\" style=\"text-align:justify\"><span style=\"font-size:18px\"><strong><span style=\"color:#000000\"><span style=\"font-family:Times New Roman,Times,serif\">Dịch vụ thiết kế website chuy&ecirc;n nghiệp cần đội ngũ tư vấn vi&ecirc;n &acirc;n cần</span></span></strong></span></h3>\r\n\r\n<p dir=\"ltr\" style=\"text-align:justify\"><span style=\"color:#000000\"><span style=\"font-size:16px\"><span style=\"font-family:Times New Roman,Times,serif\">Tiếp x&uacute;c với sự ph&aacute;t triển của c&ocirc;ng nghệ đ&ograve;i hỏi một đội ngũ chuy&ecirc;n vi&ecirc;n tư vấn của đơn vị cung cấp <strong>dịch vụ thiết kế website chuy&ecirc;n nghiệp</strong> phải nhanh nhẹn, năng động để nắm bắt tốt xu hướng v&agrave; thị hiếu kh&aacute;ch h&agrave;ng. </span></span></span></p>\r\n\r\n<p dir=\"ltr\" style=\"text-align:justify\"><span style=\"color:#000000\"><span style=\"font-size:16px\"><span style=\"font-family:Times New Roman,Times,serif\">B&ecirc;n cạnh đ&oacute;, nếu c&ocirc;ng ty <strong>dịch vụ thiết kế website chuy&ecirc;n nghiệp</strong> bạn chọn c&oacute; đội ngũ tư vấn lu&ocirc;n nhiệt t&igrave;nh v&agrave; sẵn s&agrave;ng giải đ&aacute;p mọi thắc mắc chắc chắn sẽ khiến qu&aacute; tr&igrave;nh hợp t&aacute;c hiệu quả l&acirc;u d&agrave;i.</span></span></span></p>\r\n\r\n<h3 dir=\"ltr\" style=\"text-align:justify\"><strong><span style=\"font-size:18px\"><span style=\"color:#000000\"><span style=\"font-family:Times New Roman,Times,serif\">Dịch vụ viết b&agrave;i chuẩn SEO hiệu quả</span></span></span></strong></h3>\r\n\r\n<p dir=\"ltr\" style=\"text-align:justify\"><span style=\"color:#000000\"><span style=\"font-size:16px\"><span style=\"font-family:Times New Roman,Times,serif\">Đ&acirc;y c&oacute; thể n&oacute;i l&agrave; b&iacute; quyết th&agrave;nh c&ocirc;ng của nhiều trang web hiện nay. Th&oacute;i quen t&igrave;m kiếm qua c&aacute;c c&ocirc;ng cụ như Google, cốc cốc,... trong cộng đồng mạng đ&atilde; lan rộng khắp c&aacute;c quốc gia.</span></span></span></p>\r\n\r\n<p dir=\"ltr\" style=\"text-align:justify\"><span style=\"color:#000000\"><span style=\"font-size:16px\"><span style=\"font-family:Times New Roman,Times,serif\">V&igrave;&nbsp;thế nếu đơn vị <strong>dịch vụ thiết kế website chuy&ecirc;n nghiệp</strong> c&oacute; cung cấp k&egrave;m theo c&aacute;c dịch vụ viết b&agrave;i chuẩn SEO sẽ l&agrave; đ&ograve;n bẩy hiệu quả cho website&nbsp;của doanh nghiệp.</span></span></span></p>\r\n\r\n<h3 dir=\"ltr\" style=\"text-align:justify\"><span style=\"font-size:18px\"><strong><span style=\"color:#000000\"><span style=\"font-family:Times New Roman,Times,serif\">Dịch vụ thiết kế website chuy&ecirc;n nghiệp gi&aacute; rẻ</span></span></strong></span></h3>\r\n\r\n<p dir=\"ltr\" style=\"text-align:justify\"><span style=\"color:#000000\"><span style=\"font-size:16px\"><span style=\"font-family:Times New Roman,Times,serif\">Dịch vụ thiết kế website chuy&ecirc;n nghiệp chuẩn SEO th&igrave; gi&aacute; cả hợp l&yacute; cũng l&agrave; mối bận t&acirc;m của c&aacute;c doanh nghiệp.</span></span></span></p>\r\n\r\n<p dir=\"ltr\" style=\"text-align:justify\"><span style=\"color:#000000\"><span style=\"font-size:16px\"><span style=\"font-family:Times New Roman,Times,serif\">B&agrave;i to&aacute;n tiết kiệm chi ph&iacute; n&acirc;ng cao lợi nhuận lu&ocirc;n l&agrave; b&agrave;i to&aacute;n nan giải nhất đối với doanh nghiệp, c&ocirc;ng ty hay bất cứ qu&aacute; tr&igrave;nh sản xuất kinh doanh n&agrave;o. </span></span></span></p>\r\n\r\n<p dir=\"ltr\" style=\"text-align:justify\"><span style=\"color:#000000\"><span style=\"font-size:16px\"><span style=\"font-family:Times New Roman,Times,serif\"><strong>Dịch vụ thiết kế website chuy&ecirc;n nghiệp</strong> vẫn đảm bảo đầy đủ c&aacute;c ti&ecirc;u chuẩn của một website tốt, vừa đảm bảo gi&aacute; rẻ sẽ l&agrave; lựa chọn ho&agrave;n hảo để đ&aacute;nh tan mọi niềm trăn trở của c&ocirc;ng ty bạn.</span></span></span></p>\r\n\r\n<h2 dir=\"ltr\" style=\"text-align:justify\"><span style=\"color:#c0392b\"><span style=\"font-size:20px\"><strong><span style=\"font-family:Times New Roman,Times,serif\">C&aacute;c chi ph&iacute; phải trả khi thu&ecirc; dịch vụ thiết kế website chuy&ecirc;n nghiệp</span></strong></span></span></h2>\r\n\r\n<p dir=\"ltr\" style=\"text-align:justify\"><span style=\"color:#000000\"><span style=\"font-size:16px\"><span style=\"font-family:Times New Roman,Times,serif\">Hiện nay rất nhiều nh&agrave; cung cấp đưa ra c&aacute;c g&oacute;i <strong>dịch vụ thiết kế website chuy&ecirc;n nghiệp</strong> chuẩn SEO trọn g&oacute;i.</span></span></span></p>\r\n\r\n<p dir=\"ltr\" style=\"text-align:justify\"><span style=\"color:#000000\"><span style=\"font-size:16px\"><span style=\"font-family:Times New Roman,Times,serif\">Trong đ&oacute; đ&atilde; bao gồm tất cả c&aacute;c chi ph&iacute; c&ocirc;ng ty phải trả cho nh&acirc;n vi&ecirc;n thiết kế, c&aacute;c khoản ph&iacute; phải trả cho đơn vị quản l&yacute; mạng, v&agrave; một v&agrave;i c&aacute;c chi ph&iacute; kh&aacute;c.</span></span></span></p>\r\n\r\n<p dir=\"ltr\" style=\"text-align:justify\"><span style=\"color:#000000\"><span style=\"font-size:16px\"><span style=\"font-family:Times New Roman,Times,serif\">Tuy nhi&ecirc;n c&oacute; thể liệt k&ecirc; một v&agrave;i chi ph&iacute; cố định bắt buộc sau đ&acirc;y:</span></span></span></p>\r\n\r\n<h3 dir=\"ltr\" style=\"text-align:justify\"><span style=\"font-size:18px\"><strong><span style=\"color:#000000\"><span style=\"font-family:Times New Roman,Times,serif\">Chi ph&iacute; mua t&ecirc;n miền</span></span></strong></span></h3>\r\n\r\n<p dir=\"ltr\" style=\"text-align:justify\"><span style=\"color:#000000\"><span style=\"font-size:16px\"><span style=\"font-family:Times New Roman,Times,serif\">T&ugrave;y thuộc v&agrave;o t&ecirc;n miền quốc tế hay quốc gia m&agrave; bạn sẽ trả c&aacute;c khoản ph&iacute; kh&aacute;c nhau. Đối với t&ecirc;n miền quốc tế, chi ph&iacute; dao động từ 10-12$, c&ograve;n đối với t&ecirc;n miền Việt Nam, chi ph&iacute; từ 750-800 ng&agrave;n đồng cho thời hạn sử dụng l&agrave; một năm.</span></span></span></p>\r\n\r\n<h3 dir=\"ltr\" style=\"text-align:justify\"><span style=\"font-size:18px\"><strong><span style=\"color:#000000\"><span style=\"font-family:Times New Roman,Times,serif\">Chi ph&iacute; mua hosting</span></span></strong></span></h3>\r\n\r\n<p dir=\"ltr\" style=\"text-align:justify\"><span style=\"color:#000000\"><span style=\"font-size:16px\"><span style=\"font-family:Times New Roman,Times,serif\">C&ograve;n được gọi l&agrave; chi ph&iacute; lưu trữ website tr&ecirc;n internet, gi&aacute; cả phụ thuộc v&agrave;o dung lượng lưu trữ v&agrave; băng th&ocirc;ng. C&aacute;c g&oacute;i hosting thường c&oacute; kỳ hạn theo th&aacute;ng, 6 th&aacute;ng hay 1 năm. </span></span></span></p>\r\n\r\n<p dir=\"ltr\" style=\"text-align:justify\"><span style=\"color:#000000\"><span style=\"font-size:16px\"><span style=\"font-family:Times New Roman,Times,serif\">Với dung lượng cần sử dụng th&ocirc;ng thường như cho c&aacute; nh&acirc;n th&igrave; g&oacute;i 10$/th&aacute;ng được đ&aacute;nh gi&aacute; l&agrave; ph&ugrave; hợp. </span></span></span><span style=\"color:#000000\"><span style=\"font-size:16px\"><span style=\"font-family:Times New Roman,Times,serif\">Nhưng nếu l&agrave; trang web dịch vụ mua sắm hay giải tr&iacute; th&igrave; c&ocirc;ng ty sẽ phải đầu tư g&oacute;i cao hơn.</span></span></span></p>\r\n\r\n<h3 dir=\"ltr\" style=\"text-align:justify\"><span style=\"font-size:18px\"><strong><span style=\"color:#000000\"><span style=\"font-family:Times New Roman,Times,serif\">Chi ph&iacute; dịch vụ thiết kế website chuy&ecirc;n nghiệp</span></span></strong></span></h3>\r\n\r\n<p dir=\"ltr\" style=\"text-align:justify\"><span style=\"color:#000000\"><span style=\"font-size:16px\"><span style=\"font-family:Times New Roman,Times,serif\">Chi ph&iacute; n&agrave;y t&ugrave;y thuộc v&agrave;o gi&aacute; cả của mỗi đơn vị cung cấp v&agrave; nhu cầu thiết kế của doanh nghiệp, c&oacute; nhiều yếu tố gi&uacute;p <strong>dịch vụ thiết kế website chuy&ecirc;n nghiệp</strong> c&oacute; thể tiết kiệm chi ph&iacute; v&agrave; cung cấp dịch vụ với gi&aacute; rẻ v&agrave; uy t&iacute;n để ph&ugrave; hợp hơn với t&agrave;i ch&iacute;nh của doanh nghiệp.</span></span></span></p>\r\n\r\n<h3 dir=\"ltr\" style=\"text-align:justify\"><span style=\"font-size:18px\"><strong><span style=\"color:#000000\"><span style=\"font-family:Times New Roman,Times,serif\">Chi ph&iacute; kh&aacute;c (nếu c&oacute;)</span></span></strong></span></h3>\r\n\r\n<p dir=\"ltr\" style=\"text-align:justify\"><span style=\"color:#000000\"><span style=\"font-size:16px\"><span style=\"font-family:Times New Roman,Times,serif\">Một số chi ph&iacute; c&oacute; thể ph&aacute;t sinh nếu c&ocirc;ng ty c&oacute; nhu cầu sử dụng như: viết b&agrave;i quảng c&aacute;o chuẩn SEO, chi ph&iacute; chụp ảnh v&agrave; thiết kế ảnh quảng c&aacute;o, chi ph&iacute; bảo tr&igrave; cập nhật website,...</span></span></span></p>\r\n\r\n<p dir=\"ltr\" style=\"text-align:justify\"><span style=\"color:#000000\"><span style=\"font-size:16px\"><span style=\"font-family:Times New Roman,Times,serif\">Khi đăng k&yacute;<strong> dịch vụ thiết kế website chuy&ecirc;n nghiệp</strong> trọn g&oacute;i, c&aacute;c đơn vị cung cấp sẽ gi&uacute;p bạn tối đa h&oacute;a khoản tiền bỏ ra để lợi &iacute;ch thu về l&agrave; cao nhất. </span></span></span></p>\r\n\r\n<p dir=\"ltr\" style=\"text-align:justify\"><span style=\"color:#000000\"><span style=\"font-size:16px\"><span style=\"font-family:Times New Roman,Times,serif\">Ngo&agrave;i ra,<strong> dịch vụ thiết kế website chuy&ecirc;n nghiệp </strong>gi&aacute; rẻ trọn g&oacute;i thường được khuyến m&atilde;i hấp dẫn v&agrave; giảm bớt được một phần gi&aacute; th&agrave;nh nếu bạn thu&ecirc; ri&ecirc;ng từng dịch vụ kh&aacute;c nhau.</span></span></span></p>\r\n\r\n<h2 dir=\"ltr\" style=\"text-align:justify\"><span style=\"color:#c0392b\"><span style=\"font-size:20px\"><strong><span style=\"font-family:Times New Roman,Times,serif\">Những doanh nghiệp n&agrave;o n&ecirc;n sử dụng dịch vụ thiết kế website chuy&ecirc;n nghiệp</span></strong></span></span></h2>\r\n\r\n<p dir=\"ltr\" style=\"text-align:center\"><span style=\"color:#000000\"><span style=\"font-size:16px\"><span style=\"font-family:Times New Roman,Times,serif\"><img alt=\"dịch vụ thiết kế website chuyên nghiệp\" height=\"350\" src=\"/image/images/thiet-ke-website-chuyen-nghiep-nhat.jpeg\" width=\"600\" /></span></span></span></p>\r\n\r\n<p dir=\"ltr\" style=\"text-align:center\"><em><span style=\"color:#000000\"><span style=\"font-size:16px\"><span style=\"font-family:Times New Roman,Times,serif\">Kinh doanh internet - Dịch vụ thiết kế website chuy&ecirc;n nghiệp</span></span></span></em></p>\r\n\r\n<p dir=\"ltr\" style=\"text-align:justify\">- <span style=\"color:#000000\"><span style=\"font-size:16px\"><span style=\"font-family:Times New Roman,Times,serif\">C&ocirc;ng ty bạn chưa bao giờ c&oacute; một website ch&iacute;nh thức cho sản phẩm hay dịch vụ của m&igrave;nh.</span></span></span></p>\r\n\r\n<p dir=\"ltr\" style=\"text-align:justify\">- <span style=\"color:#000000\"><span style=\"font-size:16px\"><span style=\"font-family:Times New Roman,Times,serif\">Bạn muốn mở một website ch&iacute;nh thức cho c&ocirc;ng ty nhưng c&aacute;c bước thực hiện lại qu&aacute; phức tạp.</span></span></span></p>\r\n\r\n<p dir=\"ltr\" style=\"text-align:justify\">- <span style=\"color:#000000\"><span style=\"font-size:16px\"><span style=\"font-family:Times New Roman,Times,serif\">C&ocirc;ng ty bạn đ&atilde; c&oacute; website nhưng rất &iacute;t người truy cập v&agrave; kh&ocirc;ng thể quảng b&aacute; được thương hiệu của bạn một c&aacute;ch rộng r&atilde;i.</span></span></span></p>\r\n\r\n<p dir=\"ltr\" style=\"text-align:justify\">- <span style=\"color:#000000\"><span style=\"font-size:16px\"><span style=\"font-family:Times New Roman,Times,serif\">Doanh nghiệp muốn n&acirc;ng cấp website để n&acirc;ng cao khả năng cạnh tranh tr&ecirc;n thị trường.</span></span></span></p>\r\n\r\n<p dir=\"ltr\" style=\"text-align:justify\">- <span style=\"color:#000000\"><span style=\"font-size:16px\"><span style=\"font-family:Times New Roman,Times,serif\">Bạn muốn t&igrave;m một <strong>dịch vụ thiết kế website chuy&ecirc;n nghiệp</strong> nhưng lại băn khoăn về vấn đề chi ph&iacute;.</span></span></span></p>\r\n\r\n<p dir=\"ltr\" style=\"text-align:justify\">- <span style=\"color:#000000\"><span style=\"font-size:16px\"><span style=\"font-family:Times New Roman,Times,serif\">C&aacute;c nh&agrave; cung cấp bạn biết chỉ c&oacute; thể thiết kế website m&agrave; kh&ocirc;ng c&oacute; dịch vụ tối đa h&oacute;a b&agrave;i viết chuẩn SEO.</span></span></span></p>\r\n\r\n<p dir=\"ltr\" style=\"text-align:justify\"><span style=\"color:#000000\"><span style=\"font-size:16px\"><span style=\"font-family:Times New Roman,Times,serif\">Đ&oacute; cũng ch&iacute;nh l&agrave; l&yacute; do c&ocirc;ng ty của bạn cần t&igrave;m đến với <strong>dịch vụ thiết kế website chuy&ecirc;n nghiệp </strong>c&oacute; uy t&iacute;n, gi&aacute; rẻ v&agrave; c&oacute; thể phục vụ bạn bất cứ khi n&agrave;o bạn muốn.</span></span></span></p>\r\n\r\n<h2 dir=\"ltr\" style=\"text-align:justify\"><strong><span style=\"color:#c0392b\"><span style=\"font-size:20px\"><span style=\"font-family:Times New Roman,Times,serif\">Dịch vụ thiết kế website chuy&ecirc;n nghiệp của Kinh doanh internet</span></span></span></strong></h2>\r\n\r\n<p dir=\"ltr\" style=\"text-align:justify\"><span style=\"color:#000000\"><span style=\"font-size:16px\"><span style=\"font-family:Times New Roman,Times,serif\">C&ocirc;ng ty KINH DOANH INTERNET lu&ocirc;n sẵn s&agrave;ng hỗ trợ v&agrave; phục vụ bạn, mang lại nhiều gi&aacute; trị nhất cho c&ocirc;ng ty, doanh nghiệp&nbsp;trong một qu&aacute; tr&igrave;nh sử dụng dịch vụ của ch&uacute;ng t&ocirc;i. </span></span></span></p>\r\n\r\n<h3 dir=\"ltr\" style=\"text-align:justify\"><span style=\"font-size:18px\"><strong><span style=\"color:#000000\"><span style=\"font-family:Times New Roman,Times,serif\">Mục ti&ecirc;u hoạt động của Kinh Doanh Internet</span></span></strong></span></h3>\r\n\r\n<p dir=\"ltr\" style=\"text-align:justify\"><span style=\"color:#000000\"><span style=\"font-size:16px\"><span style=\"font-family:Times New Roman,Times,serif\">Với mục ti&ecirc;u cung cấp <strong>dịch vụ thiết kế website chuy&ecirc;n nghiệp</strong> tạo n&ecirc;n sự kh&aacute;c biệt nhất.</span></span></span></p>\r\n\r\n<p dir=\"ltr\" style=\"text-align:justify\"><span style=\"color:#000000\"><span style=\"font-size:16px\"><span style=\"font-family:Times New Roman,Times,serif\"><strong>Dịch vụ thiết kế website chuy&ecirc;n nghiệp </strong>chuẩn SEO&nbsp;x&acirc;y dựng n&eacute;t đặc trưng ri&ecirc;ng cho thương hiệu cho doanh nghiệp kh&aacute;ch h&agrave;ng, hợp t&aacute;c thiện ch&iacute;, mang đến cho kh&aacute;ch h&agrave;ng tối đa về quyền lợi đạt được. </span></span></span></p>\r\n\r\n<p dir=\"ltr\" style=\"text-align:justify\"><span style=\"color:#000000\"><span style=\"font-size:16px\"><span style=\"font-family:Times New Roman,Times,serif\">Ch&uacute;ng t&ocirc;i lu&ocirc;n đặt lợi &iacute;ch uy t&iacute;n của kh&aacute;ch h&agrave;ng l&ecirc;n h&agrave;ng đầu v&igrave; với KINH DOANH INTERNET, kh&aacute;ch h&agrave;ng th&agrave;nh c&ocirc;ng tức l&agrave; ch&uacute;ng t&ocirc;i th&agrave;nh c&ocirc;ng.</span></span></span></p>\r\n\r\n<p dir=\"ltr\" style=\"text-align:center\"><span style=\"color:#000000\"><span style=\"font-size:16px\"><span style=\"font-family:Times New Roman,Times,serif\"><img alt=\"dịch vụ thiết kế website chuyên nghiệp\" height=\"351\" src=\"/image/images/dich-vu-thiet-ke-website-chuyen-nghiep-uy-tin.jpeg\" width=\"600\" /></span></span></span></p>\r\n\r\n<p dir=\"ltr\" style=\"text-align:center\"><em><span style=\"color:#000000\"><span style=\"font-size:16px\"><span style=\"font-family:Times New Roman,Times,serif\">Kinh doanh internet - Dịch vụ thiết kế website chuy&ecirc;n nghiệp</span></span></span></em></p>\r\n\r\n<h3 dir=\"ltr\" style=\"text-align:justify\"><span style=\"font-size:18px\"><strong><span style=\"color:#000000\"><span style=\"font-family:Times New Roman,Times,serif\">Đội ngũ nh&acirc;n vi&ecirc;n thiết kế trẻ trung, chuy&ecirc;n nghiệp</span></span></strong></span></h3>\r\n\r\n<p dir=\"ltr\" style=\"text-align:justify\"><span style=\"color:#000000\"><span style=\"font-size:16px\"><span style=\"font-family:Times New Roman,Times,serif\">Đội ngũ nh&acirc;n vi&ecirc;n thiết kế của <strong>dịch vụ thiết kế website chuy&ecirc;n nghiệp</strong> KINH DOANH INERNET&nbsp;tr&agrave;n đầy nhiệt huyết v&agrave; s&aacute;ng tạo trong c&ocirc;ng việc, với đam m&ecirc; v&agrave; tuổi trẻ.</span></span></span></p>\r\n\r\n<p dir=\"ltr\" style=\"text-align:justify\"><span style=\"color:#000000\"><span style=\"font-size:16px\"><span style=\"font-family:Times New Roman,Times,serif\">Ch&uacute;ng t&ocirc;i lu&ocirc;n kh&ocirc;ng quản gian kh&oacute; để t&igrave;m kiếm v&agrave; x&acirc;y dựng những &yacute; tưởng mới lạ đ&aacute;p ứng nhu cầu kh&aacute;ch h&agrave;ng.</span></span></span></p>\r\n\r\n<h3 dir=\"ltr\" style=\"text-align:justify\"><span style=\"font-size:18px\"><strong><span style=\"color:#000000\"><span style=\"font-family:Times New Roman,Times,serif\">Chuy&ecirc;n vi&ecirc;n tư vấn am hiểu v&agrave; tận t&igrave;nh dịch vụ thiết kế website chuy&ecirc;n nghiệp</span></span></strong></span></h3>\r\n\r\n<p dir=\"ltr\" style=\"text-align:justify\"><span style=\"color:#000000\"><span style=\"font-size:16px\"><span style=\"font-family:Times New Roman,Times,serif\">C&aacute;c chuy&ecirc;n vi&ecirc;n tư vấn của <strong>KINH DOANH INTERNET</strong> được lựa chọn cẩn thận l&agrave; những người c&oacute; phong c&aacute;ch tư vấn &acirc;n cần, am hiểu s&acirc;u sắc những thắc mắc của kh&aacute;ch h&agrave;ng về dịch vụ cũng như c&oacute; thể cung cấp đầy đủ những th&ocirc;ng tin m&agrave; kh&aacute;ch h&agrave;ng t&igrave;m kiếm.</span></span></span></p>\r\n\r\n<h3 dir=\"ltr\" style=\"text-align:justify\"><span style=\"font-size:18px\"><strong><span style=\"color:#000000\"><span style=\"font-family:Times New Roman,Times,serif\">Đội ngũ viết b&agrave;i chuẩn SEO h&ugrave;ng mạnh</span></span></strong></span></h3>\r\n\r\n<p dir=\"ltr\" style=\"text-align:justify\"><span style=\"color:#000000\"><span style=\"font-size:16px\"><span style=\"font-family:Times New Roman,Times,serif\">Ch&uacute;ng t&ocirc;i lu&ocirc;n c&oacute; một loạt nh&acirc;n vi&ecirc;n chuy&ecirc;n viết b&agrave;i chuẩn SEO, nhằm kết hợp với<strong> dịch vụ thiết kế website chuy&ecirc;n nghiệp</strong> để đạt hiệu quả cao nhất trong qu&aacute; tr&igrave;nh quảng b&aacute; thương hiệu v&agrave; l&ocirc;i k&eacute;o kh&aacute;ch h&agrave;ng của doanh nghiệp.</span></span></span></p>\r\n\r\n<h3 dir=\"ltr\" style=\"text-align:justify\"><span style=\"font-size:18px\"><strong><span style=\"color:#000000\"><span style=\"font-family:Times New Roman,Times,serif\">Chất lượng dịch vụ thiết kế website chuy&ecirc;n nghiệp đảm bảo</span></span></strong></span></h3>\r\n\r\n<p dir=\"ltr\" style=\"text-align:justify\"><span style=\"color:#000000\"><span style=\"font-size:16px\"><span style=\"font-family:Times New Roman,Times,serif\"><strong>Dịch vụ thiết kế website chuy&ecirc;n nghiệp</strong> của <strong>KINH DOANH INTERNET </strong>lu&ocirc;n được cam kết hiệu quả với kh&aacute;ch h&agrave;ng, ch&uacute;ng t&ocirc;i sẽ chưa ngừng nghỉ cho tới khi n&agrave;o kh&aacute;ch h&agrave;ng cảm thấy h&agrave;i l&ograve;ng nhất.</span></span></span></p>\r\n\r\n<p dir=\"ltr\" style=\"text-align:justify\"><span style=\"color:#000000\"><span style=\"font-size:16px\"><span style=\"font-family:Times New Roman,Times,serif\">Uy t&iacute;n v&agrave; chất lượng của ch&uacute;ng t&ocirc;i đ&atilde; dần dần được khẳng định tr&ecirc;n thị trường trong những năm gần đ&acirc;y.</span></span></span></p>\r\n\r\n<h3 dir=\"ltr\" style=\"text-align:justify\"><span style=\"font-size:18px\"><strong><span style=\"color:#000000\"><span style=\"font-family:Times New Roman,Times,serif\">Gi&aacute; cả dịch vụ thiết kế website chuy&ecirc;n nghiệp ph&ugrave; hợp nhu cầu</span></span></strong></span></h3>\r\n\r\n<p dir=\"ltr\" style=\"text-align:justify\"><span style=\"color:#000000\"><span style=\"font-size:16px\"><span style=\"font-family:Times New Roman,Times,serif\"><strong>KINH DOANH INTERNET </strong>chuy&ecirc;n cung cấp &nbsp;<strong>dịch vụ thiết kế website chuy&ecirc;n nghiệp</strong> gi&aacute; rẻ nhất thị trường, với tuy&ecirc;n ng&ocirc;n đồng tiền của kh&aacute;ch h&agrave;ng bỏ ra sẽ thu lại gi&aacute; trị tương xứng nhất.</span></span></span></p>\r\n', NULL, 1, NULL, NULL, NULL, NULL, NULL, 'Dịch vụ thiết kế website chuyên nghiệp uy tín - giá chỉ từ 900k trọn gói', 'Bạn đang phân vân về dịch vụ thiết kế website chuyên nghiệp uy tín. Kinh doanh internet sẽ giải đáp tất cả các vấn đề mà bạn đang gặp phải về thiết kế website cho \r\nbạn.', 'dich-vu-thiet-ke-website-chuyen-nghiep', 'dịch vụ thiết kế website chuyên nghiệp, dịch vụ thiết kế website, thiết kế website, thiet ke website, dich vu thiet ke website', NULL, 65);
INSERT INTO `service_languages` (`id`, `languages_code`, `lang_service_name`, `lang_service_des`, `lang_service_content`, `lang_service_author`, `state`, `service_sub_infor1`, `service_sub_infor2`, `service_sub_infor3`, `service_sub_infor4`, `service_sub_infor5`, `title_seo`, `des_seo`, `friendly_url`, `keyword`, `created_id`, `service_id`) VALUES
(86, 'en', 'english version Dịch vụ Thiết kế Website', 'english version ', 'english version ', NULL, 1, NULL, NULL, NULL, NULL, NULL, 'Dịch vụ Thiết kế Website', '', 'en-dich-vu-thiet-ke-website', '', NULL, 65),
(89, 'vn', 'Dịch vụ nhận viết bài chuẩn SEO thuê giá rẻ cho website', 'Dịch vụ viết bài chuẩn SEO giá rẻ giúp phát triển nội dụng website, mang lại những thông tin hữu ích và mới mẻ cho người đọc, giúp tăng lượng truy cập và góp phần nâng cao doanh số của doanh nghiệp.', '<p dir=\"ltr\" style=\"text-align:justify\"><span style=\"font-size:16px\"><span style=\"font-family:Times New Roman,Times,serif\"><strong>Thu&ecirc; dịch vụ viết b&agrave;i chuẩn SEO</strong> sẽ gi&uacute;p bạn tiết kiệm rất nhiều thời gian, lại sản xuất được số lượng lớn <strong>b&agrave;i viết chuẩn SEO chất lượng</strong>, đ&uacute;ng kỹ thuật.</span></span></p>\r\n\r\n<p dir=\"ltr\" style=\"text-align:justify\"><span style=\"font-size:16px\"><span style=\"font-family:Times New Roman,Times,serif\">Khi tiến h&agrave;nh marketing online cho k&ecirc;nh kinh doanh của bạn&nbsp;th&igrave; nội dung kh&ocirc;ng chỉ l&agrave; kh&ocirc;ng thể thiếu m&agrave; n&oacute; qu&aacute; quan trọng. Thế n&ecirc;n mới v&iacute; <strong>NỘI DUNG L&Agrave; VUA</strong>. C&aacute;ch v&iacute; n&agrave;y đủ cho ch&uacute;ng ta hiểu được tầm quan trọng rất lớn của nội dung ở nhiều mặt khi marketing online như SEO, quảng c&aacute;o,...</span></span></p>\r\n\r\n<p dir=\"ltr\" style=\"text-align:justify\"><span style=\"font-family:Times New Roman,Times,serif\"><span style=\"font-size:16px\"><span style=\"color:#2980b9\"><strong>kinhdoanhinternet.com.vn</strong></span> l&agrave; đơn vị chuy&ecirc;n về c&aacute;c tư vấn giải ph&aacute;p v&agrave; thực hiện <strong>dịch vụ marketing online tổng thể</strong>. Trong đ&oacute; <strong>dịch vụ viết b&agrave;i chuẩn SEO gi&aacute; rẻ, chuy&ecirc;n nghiệp, số lượng lớn</strong>&nbsp;l&agrave; một trong những dịch vụ trọng điểm.&nbsp;</span></span></p>\r\n\r\n<p dir=\"ltr\" style=\"text-align:justify\"><span style=\"font-family:Times New Roman,Times,serif\"><span style=\"font-size:16px\">Ch&uacute;ng t&ocirc;i đầu tư b&agrave;i bản để&nbsp;tổ chức <strong>nhận viết b&agrave;i chuẩn SEO cho website chuy&ecirc;n nghiệp </strong>l&agrave;m h&agrave;i l&ograve;ng nhiều kh&aacute;ch h&agrave;ng<strong>&nbsp;</strong>cả về số lượng, tiến độ&nbsp;v&agrave; chất lượng b&agrave;i viết chuẩn SEO.</span></span></p>\r\n\r\n<p dir=\"ltr\" style=\"text-align:justify\"><span style=\"font-family:Times New Roman,Times,serif\"><span style=\"font-size:16px\"><strong><span style=\"color:#2980b9\">Gọi ngay </span></strong></span><span style=\"color:#f1c40f\"><span style=\"font-size:24px\"><strong><span style=\"background-color:#e74c3c\">097.337.8669</span></strong></span></span><span style=\"font-size:16px\">, ch&uacute;ng t&ocirc;i <strong>chuy&ecirc;n&nbsp;nhận viết b&agrave;i chuẩn SEO gi&aacute; rẻ </strong>chỉ với </span><span style=\"font-size:24px\"><span style=\"color:#f1c40f\"><strong><span style=\"background-color:#e74c3c\">8.000đ/b&agrave;i viết</span></strong></span></span></span></p>\r\n\r\n<h2 dir=\"ltr\" style=\"text-align:justify\"><strong><span style=\"color:#c0392b\"><span style=\"font-size:22px\"><span style=\"font-family:Times New Roman,Times,serif\">B&aacute;o gi&aacute; dịch vụ&nbsp;viết b&agrave;i chuẩn SEO c&oacute; nhiều mức gi&aacute; t&ugrave;y theo chất lượng v&agrave; số lượng y&ecirc;u cầu</span></span></span></strong></h2>\r\n\r\n<h3 dir=\"ltr\"><span style=\"font-size:20px\"><span style=\"color:#2980b9\"><strong><span style=\"font-family:Times New Roman,Times,serif\">1. Bảng b&aacute;o gi&aacute; viết b&agrave;i chuẩn SEO - Mức độ chất lượng th&ocirc;ng thường</span></strong></span></span></h3>\r\n\r\n<p dir=\"ltr\" style=\"text-align:center\"><span style=\"color:#000000\"><span style=\"font-size:16px\"><span style=\"font-family:Times New Roman,Times,serif\"><img alt=\"Bảng báo giá viết bài chuẩn SEO - mức độ chất lượng thông thường\" height=\"416\" src=\"/image/images/dich-vu-viet-bai-chuan-seo-gia-re(1).jpg\" width=\"900\" /></span></span></span></p>\r\n\r\n<p dir=\"ltr\" style=\"text-align:center\"><span style=\"color:#000000; font-family:Times New Roman,Times,serif\"><span style=\"font-size:16px\"><em>Bảng b&aacute;o gi&aacute; viết b&agrave;i chuẩn SEO - mức độ chất lượng th&ocirc;ng thường</em></span></span></p>\r\n\r\n<h3 dir=\"ltr\" style=\"text-align:justify\"><span style=\"font-size:20px\"><span style=\"color:#2980b9\"><strong><span style=\"font-family:Times New Roman,Times,serif\">2. Bảng b&aacute;o gi&aacute; viết b&agrave;i chuẩn SEO - Mức độ &yacute; tưởng hay, chất lượng tốt</span></strong></span></span></h3>\r\n\r\n<p dir=\"ltr\" style=\"text-align:center\"><strong><span style=\"color:#000000\"><span style=\"font-size:16px\"><span style=\"font-family:Times New Roman,Times,serif\"><img alt=\"Bảng báo giá viết bài chuẩn SEO ý tưởng hay, chất lượng tốt\" height=\"416\" src=\"/image/images/dich-vu-viet-bai-chuan-seo(1).jpg\" width=\"900\" /></span></span></span></strong></p>\r\n\r\n<p dir=\"ltr\" style=\"text-align:center\"><span style=\"color:#000000; font-family:Times New Roman,Times,serif\"><span style=\"font-size:16px\"><em>Bảng b&aacute;o gi&aacute; viết b&agrave;i chuẩn SEO &yacute; tưởng hay, chất lượng tốt</em></span></span></p>\r\n\r\n<h3 dir=\"ltr\" style=\"text-align:justify\"><span style=\"font-size:20px\"><span style=\"font-family:Times New Roman,Times,serif\"><strong><span style=\"color:#2980b9\">3. B&aacute;o gi&aacute; viết b&agrave;i kh&aacute;c: viết b&agrave;i quảng c&aacute;o Pr, đăng b&agrave;i chuẩn SEO, chỉnh sửa h&igrave;nh ảnh,...</span></strong></span></span></h3>\r\n\r\n<p dir=\"ltr\" style=\"text-align:center\"><img alt=\"báo gia viết bài quảng cáo pr\" height=\"394\" src=\"/image/images/bao-gia-viet-bai-pr.jpg\" width=\"900\" /></p>\r\n\r\n<p style=\"text-align:center\"><em><span style=\"color:#000000\"><span style=\"font-size:16px\"><span style=\"font-family:Times New Roman,Times,serif\">Bảng b&aacute;o gi&aacute; viết b&agrave;i PR</span></span></span></em>&nbsp;</p>\r\n\r\n<p dir=\"ltr\" style=\"text-align:center\"><img alt=\"báo giá viết bài sale page\" height=\"394\" src=\"/image/images/bao-gia-bai-viet-sale-page.jpg\" width=\"900\" /></p>\r\n\r\n<p style=\"text-align:center\"><em><span style=\"color:#000000\"><span style=\"font-size:16px\"><span style=\"font-family:Times New Roman,Times,serif\">&nbsp;Bảng b&aacute;o gi&aacute; SALE PAGE</span></span></span></em></p>\r\n\r\n<p dir=\"ltr\" style=\"text-align:center\"><img alt=\"báo giá viết bài đa ngôn ngữ\" height=\"394\" src=\"/image/images/bao-gia-bai-viet-da-ngon-ngu.jpg\" width=\"900\" /></p>\r\n\r\n<p dir=\"ltr\" style=\"text-align:center\"><em><span style=\"color:#000000\"><span style=\"font-size:16px\"><span style=\"font-family:Times New Roman,Times,serif\">Bảng b&aacute;o gi&aacute; viết b&agrave;i đa ng&ocirc;n ngữ chuẩn SEO</span></span></span></em></p>\r\n\r\n<p dir=\"ltr\" style=\"text-align:center\"><em><span style=\"color:#000000\"><span style=\"font-size:16px\"><span style=\"font-family:Times New Roman,Times,serif\"><img alt=\"Bảng báo giá đăng bài chỉnh sửa hình ảnh\" height=\"400\" src=\"/image/images/bang-bao-gia-dang-bai-chinh-sua-hinh-anh.jpg\" width=\"900\" /></span></span></span></em></p>\r\n\r\n<p dir=\"ltr\" style=\"text-align:center\"><span style=\"color:#000000\"><em><span style=\"font-size:16px\"><span style=\"font-family:Times New Roman,Times,serif\">Bảng b&aacute;o gi&aacute; đăng b&agrave;i - chỉnh sửa h&igrave;nh ảnh</span></span></em></span></p>\r\n\r\n<h2 dir=\"ltr\" style=\"text-align:justify\"><span style=\"font-size:22px\"><span style=\"color:#c0392b\"><strong><span style=\"font-family:Times New Roman,Times,serif\">&Yacute; nghĩa&nbsp;chung về dịch vụ viết b&agrave;i chuẩn SEO</span></strong></span></span></h2>\r\n\r\n<p dir=\"ltr\" style=\"text-align:justify\"><span style=\"color:#000000\"><span style=\"font-size:16px\"><span style=\"font-family:Times New Roman,Times,serif\">Hi&ecirc;̣n nay, khoảng cách giữa người mua và người bán g&acirc;̀n như được thu nhỏ lại r&acirc;́t nhi&ecirc;̀u khi mạng internet trở n&ecirc;n ngày càng ph&ocirc;̉ bi&ecirc;́n. </span></span></span><span style=\"color:#000000\"><span style=\"font-size:16px\"><span style=\"font-family:Times New Roman,Times,serif\">Do đó, ti&ecirc;́p c&acirc;̣n khách hàng th&ocirc;ng qua internet là cách mà các doanh nghi&ecirc;̣p hi&ecirc;̣n nay đang hướng đ&ecirc;́n. </span></span></span></p>\r\n\r\n<p dir=\"ltr\" style=\"text-align:justify\"><span style=\"color:#000000\"><span style=\"font-size:16px\"><span style=\"font-family:Times New Roman,Times,serif\">V&acirc;̣y bằng cách nào đ&ecirc;̉ người ti&ecirc;u dùng tìm th&acirc;́y bạn tr&ecirc;n mạng internet? <strong>Tối thiểu&nbsp;l&agrave; bạn phải c&oacute; nội dung gi&aacute; trị cho người d&ugrave;ng, đ&uacute;ng kỹ thuật SEO, số lượng đủ lớn. </strong>C&oacute; <strong>nội dung chuẩn SEO</strong> th&igrave; bạn mới tiến h&agrave;nh tiếp c&aacute;c kỹ thuật marketing s&acirc;u hơn để tiếp cận người d&ugrave;ng internet. Hoặc thậm ch&iacute; nếu bạn đủ uy t&iacute;n v&agrave; chăm s&oacute;c theo thời gian cũng chỉ cần nội dung đ&uacute;ng v&agrave; hay, đăng l&ecirc;n l&agrave; đ&atilde; c&oacute; thể tiếp cận được người đọc internet.</span></span></span></p>\r\n\r\n<h3 dir=\"ltr\" style=\"text-align:justify\"><span style=\"font-size:18px\"><strong><span style=\"color:#2980b9\"><span style=\"font-family:Times New Roman,Times,serif\">Vậy bạn sẽ tự viết b&agrave;i SEO hay thu&ecirc; c&ocirc;ng ty dịch vụ viết b&agrave;i?</span></span></strong></span></h3>\r\n\r\n<p dir=\"ltr\" style=\"text-align:justify\"><span style=\"color:#000000\"><span style=\"font-size:16px\"><span style=\"font-family:Times New Roman,Times,serif\">Việc đầu tư viết nội dung tốt chắc chắn&nbsp;tốn rất nhiều thời gian của bạn.&nbsp;Trong khi bạn cần phải l&agrave;m rất nhiều việc kh&aacute;c để kinh doanh. Đồng thời liệu văn phong v&agrave; c&aacute;ch viết b&agrave;i hướng marketing&nbsp;c&oacute; phải l&agrave; sở trường của bạn? V&agrave; bạn liệu c&oacute; nắm được chắc kỹ thuật cần thiết trong việc n&ecirc;n viết từ kh&oacute;a SEO n&agrave;o v&agrave; viết chuẩn kỹ thuật SEO? V&agrave; sức của bạn liệu c&oacute; viết được lượng b&agrave;i viết lớn? <strong>Thu&ecirc; người viết b&agrave;i</strong> ri&ecirc;ng liệu bạn c&oacute; quản l&yacute; được?</span></span></span></p>\r\n\r\n<h3 dir=\"ltr\" style=\"text-align:justify\"><span style=\"color:#2980b9\"><span style=\"font-size:18px\"><strong><span style=\"font-family:Times New Roman,Times,serif\">Dịch vụ vi&ecirc;́t bài chu&acirc;̉n SEO sẽ giải quyết hết những vấn đề</span></strong></span></span></h3>\r\n\r\n<p dir=\"ltr\" style=\"text-align:justify\"><span style=\"color:#000000\"><span style=\"font-size:16px\"><span style=\"font-family:Times New Roman,Times,serif\">C&aacute;c&nbsp;</span></span></span><span style=\"font-size:16px\"><span style=\"font-family:Times New Roman,Times,serif\"><strong>c&ocirc;ng ty nhận viết b&agrave;i chuẩn seo&nbsp;cho website</strong> sẽ gi&uacute;p bạn viết được số lượng lớn, đ&uacute;ng kỹ thuật, đảm bảo độ mới b&agrave;i viết, chất lượng t&ugrave;y theo gi&aacute; tiền bạn đầu tư.</span></span></p>\r\n\r\n<p dir=\"ltr\" style=\"text-align:justify\"><span style=\"color:#000000\"><span style=\"font-size:16px\"><span style=\"font-family:Times New Roman,Times,serif\">N&ecirc;́u bạn đang có ý định phát tri&ecirc;̉n và đa dạng hoá website doanh nghi&ecirc;̣p, n&acirc;ng cao hi&ecirc;̣u quả kinh doanh hãy tham khảo ngay những th&ocirc;ng tin v&ecirc;̀ <strong>dịch vụ vi&ecirc;́t bài chu&acirc;̉n SEO.</strong></span></span></span></p>\r\n\r\n<p dir=\"ltr\" style=\"text-align:justify\"><span style=\"color:#000000\"><span style=\"font-size:16px\"><span style=\"font-family:Times New Roman,Times,serif\">Sau đ&acirc;y, chắc chắn sẽ là những th&ocirc;ng tin về <strong>dịch vụ viết b&agrave;i SEO</strong>&nbsp;v&ocirc; cùn', NULL, 1, NULL, NULL, NULL, NULL, NULL, 'Dịch vụ nhận viết bài chuẩn SEO thuê giá rẻ cho website', '1000+ người đã sử dụng dịch vụ viết bài, dịch vụ viết bài SEO, dịch vụ viết bài chuẩn SEO, viết bài quảng cáo tại kinh doanh internet ', 'dich-vu-nhan-viet-bai-chuan-seo-thue', 'dịch vụ viết bài, dich vu viet bai, dịch vụ viết bài seo, dich vu viet bai seo, dịch vụ viết bài chuẩn seo, dich vu viet bai chuan seo, thuê viết bài chuẩn seo, thue viet bai chuan seo, nhận viết bài chuẩn seo, nhan viet bai chuan seo', NULL, 67),
(90, 'en', 'english version Dịch vụ Viết bài chuẩn SEO', 'english version ', 'english version ', NULL, 1, NULL, NULL, NULL, NULL, NULL, 'Dịch vụ Viết bài chuẩn SEO', '', 'en-dich-vu-viet-bai-chuan-seo', '', NULL, 67),
(93, 'vn', 'Dịch vụ chăm sóc quản lý fanpage giá rẻ - quản trị fanpage chỉ từ 900k/tháng', 'Kinh Doanh Internet chuyên cung cấp đến bạn những dịch vụ chăm sóc fanpage, dịch vụ quản lý fanpage, dịch vụ quản trị fanpagev.v. uy tín, chuyên nghiệp nhất hiện nay.', '<p dir=\"ltr\" style=\"text-align:justify\"><span style=\"color:#000000\"><span style=\"font-size:16px\"><span style=\"font-family:Times New Roman,Times,serif\"><strong>Dịch vụ chăm s&oacute;c fanpage</strong>, <strong>quản l&yacute; fanpage</strong> hay <strong>quản trị fanpage</strong>&nbsp;của c&aacute;c c&ocirc;ng ty, đơn vị marketing online l&agrave; trợ thủ đắc lực cho c&aacute;c doanh nghiệp, c&aacute; nh&acirc;n kinh doanh tr&ecirc;n mạng x&atilde; hội&nbsp;Facebook một c&aacute;ch chuy&ecirc;n nghiệp, uy t&iacute;n.</span></span></span></p>\r\n\r\n<h2 dir=\"ltr\" style=\"text-align:justify\"><span style=\"font-size:22px\"><strong><span style=\"color:#c0392b\"><span style=\"font-family:Times New Roman,Times,serif\">Bạn chưa biết phải bắt đầu từ đ&acirc;u để&nbsp;quản trị fanpage?</span></span></strong></span></h2>\r\n\r\n<p dir=\"ltr\" style=\"text-align:justify\"><span style=\"color:#000000; font-family:Times New Roman,Times,serif\"><span style=\"font-size:16px\">Khi <strong>thu&ecirc; người</strong> hay <strong>thu&ecirc; c&ocirc;ng ty</strong> chuy&ecirc;n thực hiện&nbsp;<strong>quản trị Fanpage</strong>&nbsp; sẽ được g&igrave;? Họ sẽ gi&uacute;p k&ecirc;nh b&aacute;n h&agrave;ng tr&ecirc;n Facebook của bạn&nbsp;được chăm s&oacute;c, ph&aacute;t triển thường xuy&ecirc;n, c&oacute; định hướng chiến thuật r&otilde; r&agrave;ng.</span></span></p>\r\n\r\n<p dir=\"ltr\" style=\"text-align:justify\"><span style=\"color:#000000; font-family:Times New Roman,Times,serif\"><span style=\"font-size:16px\">Đặc biệt nếu t&igrave;m được một <strong>đơn vị chăm s&oacute;c Fanpage chuy&ecirc;n nghiệp</strong> họ c&ograve;n gi&uacute;p bạn ph&aacute;t triển tốt v&agrave; rất chuy&ecirc;n nghiệp. Fanpage được đầu tư&nbsp;về h&igrave;nh ảnh, video, thương hiệu,... Nu&ocirc;i được lượng fan trung th&agrave;nh kh&aacute; tốt trong lĩnh vực kinh doanh của bạn.&nbsp;Đ&acirc;y l&agrave; c&aacute;ch&nbsp;</span></span><span style=\"color:#000000\"><span style=\"font-size:16px\"><span style=\"font-family:Times New Roman,Times,serif\">gi&uacute;p t&igrave;m kiếm kh&aacute;ch h&agrave;ng tiềm năng v&agrave; gia tăng doanh thu l&ecirc;n mức tối đa.</span></span></span></p>\r\n\r\n<p dir=\"ltr\" style=\"text-align:justify\"><span style=\"color:#000000\"><span style=\"font-size:16px\"><span style=\"font-family:Times New Roman,Times,serif\">Nhưng sẽ ra sao nếu bạn kh&ocirc;ng biết c&aacute;ch<strong> chăm s&oacute;c fanpage</strong>, <strong>quản l&yacute; fanpage<strong>,</strong></strong> <strong>quản trị fanpage</strong>,v.v.? Hoặc kh&ocirc;ng thu&ecirc; người chuy&ecirc;n nghiệp, uy t&iacute;n, gi&aacute; rẻ viết c&aacute;c b&agrave;i SEO để gi&uacute;p c&ocirc;ng ty th&igrave; bạn sẽ bỏ qua những cơ hội v&agrave;ng để tiếp cận với kh&aacute;ch h&agrave;ng. </span></span></span></p>\r\n\r\n<p dir=\"ltr\" style=\"text-align:justify\"><span style=\"color:#000000\"><span style=\"font-size:16px\"><span style=\"font-family:Times New Roman,Times,serif\">B&agrave;i viết n&agrave;y ch&uacute;ng t&ocirc;i sẽ l&agrave;m r&otilde;&nbsp;<strong>dịch vụ quản l&yacute; fanpage </strong>hiện nay&nbsp;sẽ l&agrave;m g&igrave; để hỗ trợ cho k&ecirc;nh kinh doanh của bạn<strong>&nbsp;</strong>v&agrave; những vấn đề đặc th&ugrave;, s&acirc;u hơn&nbsp;li&ecirc;n quan tới <strong>quản trị chăm s&oacute;c Fanpage</strong>.</span></span></span></p>\r\n\r\n<p dir=\"ltr\" style=\"text-align:center\"><span style=\"color:#000000\"><span style=\"font-size:16px\"><span style=\"font-family:Times New Roman,Times,serif\"><img alt=\"quản trị fanpage\" height=\"450\" src=\"/image/images/qu%E1%BA%A3n-tr%E1%BB%8B-fanpage.jpg\" width=\"800\" /></span></span></span></p>\r\n\r\n<p dir=\"ltr\" style=\"text-align:center\"><em><span style=\"color:#000000\"><span style=\"font-size:16px\"><span style=\"font-family:Times New Roman,Times,serif\">kinhdoanhinternet.com.vn&nbsp;chuy&ecirc;n về dịch vụ&nbsp;quản trị Fanpage&nbsp;chuy&ecirc;n nghiệp v&agrave; uy t&iacute;n</span></span></span></em></p>\r\n\r\n<h2 dir=\"ltr\" style=\"text-align:justify\"><span style=\"font-size:22px\"><span style=\"color:#c0392b\"><strong><span style=\"font-family:Times New Roman,Times,serif\">Quản trị fanpage chuy&ecirc;n nghiệp l&agrave; l&agrave;m&nbsp;g&igrave;?</span></strong></span></span></h2>\r\n\r\n<p dir=\"ltr\" style=\"text-align:justify\"><span style=\"color:#000000\"><span style=\"font-size:16px\"><span style=\"font-family:Times New Roman,Times,serif\">Để <strong>quản trị Fanpage</strong>,&nbsp;đầu ti&ecirc;n cần lập một trang&nbsp;Fanpage (lưu &yacute; kh&ocirc;ng phải l&agrave; Facebook c&aacute;c nh&acirc;n). Đơn&nbsp;giản l&agrave; tạo ra một cửa h&agrave;ng tr&ecirc;n mạng x&atilde; hội Facebook. </span></span></span></p>\r\n\r\n<p dir=\"ltr\" style=\"text-align:justify\"><span style=\"color:#000000\"><span style=\"font-size:16px\"><span style=\"font-family:Times New Roman,Times,serif\">C&oacute; thể hiểu việc lập Fanpage giống như bạn phải x&acirc;y dựng một cửa h&agrave;ng offline d&ugrave; lớn d&ugrave; b&eacute; để bắt đầu kinh doanh.&nbsp;Đ&acirc;y l&agrave; phương tiện thiết yếu&nbsp;m&agrave; bạn cần c&oacute; để tiếp cận kh&aacute;ch h&agrave;ng tiềm năng. Đ&acirc;y l&agrave; c&aacute;c đối tượng ở mọi độ tuổi kh&aacute;c nhau tr&ecirc;n mạng x&atilde; hội Facebook c&oacute; nhu cầu sản phẩm, dịch vụ m&agrave; bạn cần kinh doanh. </span></span></span></p>\r\n\r\n<p dir=\"ltr\" style=\"text-align:justify\"><span style=\"color:#000000\"><span style=\"font-size:16px\"><span style=\"font-family:Times New Roman,Times,serif\">Sau đ&oacute; bạn cần <strong>quản trị fanapge</strong> đ&atilde; lập.&nbsp;Bạn cần d&ugrave;ng nhiều biện ph&aacute;p marketing online tr&ecirc;n Facebook n&oacute;i ri&ecirc;ng v&agrave; tr&ecirc;n internet n&oacute;i chung để <strong>ph&aacute;t triển Fanpage</strong> ấy lớn mạnh. <em><strong>Mục đ&iacute;ch&nbsp;l&agrave; bạn ph&aacute;t triển&nbsp;được một lượng Fan, lượng kh&aacute;ch h&agrave;ng&nbsp;trung th&agrave;nh v&agrave; ph&aacute;t triển đ&ocirc;ng dần theo thời gian cho lĩnh vực kinh doanh của bạn.</strong></em></span></span></span></p>\r\n\r\n<h3 dir=\"ltr\" style=\"text-align:justify\"><span style=\"font-size:20px\"><span style=\"color:#2980b9\"><strong><span style=\"font-family:Times New Roman,Times,serif\">Vậy l&agrave;m thế n&agrave;o để quản trị&nbsp; Fanpage hiệu quả - đ&uacute;ng hướng?</span></strong></span></span></h3>\r\n\r\n<p dir=\"ltr\" style=\"text-align:justify\"><span style=\"font-family:Times New Roman,Times,serif\"><span style=\"font-size:16px\"><span style=\"color:#c0392b\">Bắt buộc bạn phải c&oacute; kiến thức, kỹ năng&nbsp;marketing online&nbsp;v&agrave; c&aacute;c kỹ thuật cơ bản. Để l&agrave;m g&igrave;?</span>&nbsp;Để thực hiện c&aacute;c c&ocirc;ng việc chăm s&oacute;c đặc th&ugrave;.&nbsp;V&iacute; dụ như: viết nội dung, tạo mini Game, thiết kế h&igrave;nh ảnh, thiết kế video, livestream, thu h&uacute;t tương t&aacute;c...&nbsp;</span></span></p>\r\n\r\n<p dir=\"ltr\" style=\"text-align:justify\"><span style=\"font-family:Times New Roman,Times,serif\"><span style=\"font-size:16px\">Quản trị để&nbsp;<strong>ph&aacute;t triển fanpage</strong> tốt bạn phải l&agrave;m được những c&ocirc;ng việc tr&ecirc;n v&agrave; c&ocirc;ng việc n&agrave;y kh&aacute; mất thời gian cũng như cần biết c&aacute;ch l&agrave;m. </span></span></p>\r\n\r\n<p dir=\"ltr\" style=\"text-align:justify\"><span style=\"font-family:Times New Roman,Times,serif\"><span style=\"font-size:16px\">C&aacute;c c&ocirc;ng việc kh&aacute;c để&nbsp;ph&aacute;t triển kinh doanh của bạn kh&aa', NULL, 1, NULL, NULL, NULL, NULL, NULL, 'Dịch vụ chăm sóc quản lý fanpage giá rẻ - quản trị fanpage chỉ từ 900k/tháng', '1000+ người đã chọn và sử dụng dịch vụ chăm sóc fanpage, dịch vụ quản lý fanpage, dịch vụ quản trị fanpage của Kinh Doanh Internet để tăng bán hàng qua Facebook', 'dich-vu-cham-soc-quan-ly-fanpage', 'chăm sóc fanpage, cham soc fanpage, quản lý fanpage, quan ly fanpage, quản trị fanpage, quan tri fanpage, dịch vụ quản lý fanpage, dich vu quan ly fanpage, dịch vụ quản trị fanpage, dich vu quan tri fanpage, dịch vụ chăm sóc fanpage, dich vu cham soc fanp', NULL, 69),
(94, 'en', 'english version Dịch vụ Quản trị Fanpage', 'english version ', 'english version ', NULL, 1, NULL, NULL, NULL, NULL, NULL, 'Dịch vụ Quản trị Fanpage', '', 'en-dich-vu-quan-tri-fanpage', '', NULL, 69);

-- --------------------------------------------------------

--
-- Table structure for table `size`
--

CREATE TABLE `size` (
  `size_id` bigint(20) NOT NULL,
  `size_name` varchar(255) COLLATE utf8_unicode_ci DEFAULT NULL,
  `size_stock` int(11) DEFAULT NULL,
  `size_price` double DEFAULT NULL,
  `color_id` bigint(20) DEFAULT NULL,
  `product_id` int(11) DEFAULT NULL
) ENGINE=InnoDB DEFAULT CHARSET=utf8 COLLATE=utf8_unicode_ci;

-- --------------------------------------------------------

--
-- Table structure for table `user`
--

CREATE TABLE `user` (
  `user_id` int(11) NOT NULL,
  `user_name` varchar(255) COLLATE utf8_unicode_ci DEFAULT NULL,
  `user_email` varchar(255) COLLATE utf8_unicode_ci DEFAULT NULL,
  `user_phone` varchar(255) COLLATE utf8_unicode_ci DEFAULT NULL,
  `user_address` text COLLATE utf8_unicode_ci,
  `user_password` text COLLATE utf8_unicode_ci,
  `created_date` datetime DEFAULT NULL,
  `state` int(11) DEFAULT '1',
  `time` date NOT NULL,
  `ask` text COLLATE utf8_unicode_ci NOT NULL,
  `remember_me_identify` text COLLATE utf8_unicode_ci NOT NULL,
  `remember_me_token` text COLLATE utf8_unicode_ci NOT NULL
) ENGINE=InnoDB DEFAULT CHARSET=utf8 COLLATE=utf8_unicode_ci;

--
-- Dumping data for table `user`
--

INSERT INTO `user` (`user_id`, `user_name`, `user_email`, `user_phone`, `user_address`, `user_password`, `created_date`, `state`, `time`, `ask`, `remember_me_identify`, `remember_me_token`) VALUES
(1, 'mystery078', 'tung92.ns@gmail.com', '01658824321', '', '$2y$10$zjlyFYq6vJ6TXeQVsOh/1esNuHFTf23SE62fvXVvyUAYvzxyCNzv6', '2017-03-12 02:03:39', 1, '0000-00-00', '', '', ''),
(2, 'manh', 'manh@gmail.com', '0123434', '', '$2y$10$8JKJKBN1HlCxSIR6nv39pedRpujNWEOOQ9ePRT07j4x2F4blrAfA2', '2017-03-23 15:03:28', 1, '0000-00-00', '', '', ''),
(3, 'tuấn', 'tuan@gmail.com', '01669', 'Hà Nội', 'c4ca4238a0b923820dcc509a6f75849b', NULL, 1, '0000-00-00', '', '', ''),
(4, 'Hùng', 'hung@gmail.com', '01666', 'Hồ chí minh', 'c4ca4238a0b923820dcc509a6f75849b', '2017-11-22 18:05:16', 1, '0000-00-00', '', '', ''),
(5, 'loan', 'loan@gmail.com', '', '', 'c4ca4238a0b923820dcc509a6f75849b', '2017-11-23 10:33:10', 1, '0000-00-00', '', '', ''),
(6, 'anh', 'anh@gmail.com', '', '', 'c4ca4238a0b923820dcc509a6f75849b', '2017-11-26 09:42:49', 1, '0000-00-00', '', '', ''),
(7, 'tuấn', 'tuan1@gmail.com', '', '', 'c4ca4238a0b923820dcc509a6f75849b', '2017-12-14 11:44:52', 1, '0000-00-00', '', '', ''),
(10, 'hung', 'hung71483@gmail.com', NULL, NULL, '$2y$10$K1pWsDER5UHre0zaC5IYyOZFnYSXYA34OO7M7Yu3wG/LzFaiXaN6O', NULL, 1, '0000-00-00', '$2y$10$agH2TActbd84Z7FltVwgYuuls12k7kwo4nIKTwYTF9NwaoD/B6Z8a', 'Ub9dhdrbOub9AnPESARe', 'zcZMIcNMkrAeVbLqbPIueU4x0JS3Q5'),
(11, 'Việt Hưng', 'viethung95cute@gmail.com', NULL, NULL, '$2y$10$H/oRwht13lj1/tnj.VEIVO58qvIvEIjfTDt4HByWikd/e15e0CD2G', NULL, 1, '0000-00-00', '$2y$10$nEdTTn2WO1lwvkii8gfgpuwf9TRz72.ypUNmDUUGlVJvuR2ZC.idy', '', '');

-- --------------------------------------------------------

--
-- Table structure for table `user_fb`
--

CREATE TABLE `user_fb` (
  `id` int(11) NOT NULL,
  `name` varchar(300) CHARACTER SET utf8 COLLATE utf8_unicode_ci NOT NULL,
  `id_fb` varchar(300) CHARACTER SET utf8 COLLATE utf8_unicode_ci NOT NULL,
  `password` varchar(300) CHARACTER SET utf8 COLLATE utf8_unicode_ci NOT NULL,
  `email` varchar(300) CHARACTER SET utf8 COLLATE utf8_unicode_ci NOT NULL
) ENGINE=InnoDB DEFAULT CHARSET=latin1;

--
-- Dumping data for table `user_fb`
--

INSERT INTO `user_fb` (`id`, `name`, `id_fb`, `password`, `email`) VALUES
(1, 'Tuan Truong Quang', '1176893695784575', '$2y$10$Jq78W7x9sTzVccJcMz70IO.gc6FLeJKZXXcqeIaxycdarTIu945mO', 'songmaituoitho@yahoo.com.vn');

-- --------------------------------------------------------

--
-- Table structure for table `user_go`
--

CREATE TABLE `user_go` (
  `id` int(11) NOT NULL,
  `id_go` varchar(300) CHARACTER SET utf8 COLLATE utf8_unicode_ci NOT NULL,
  `name` varchar(300) CHARACTER SET utf8 COLLATE utf8_unicode_ci NOT NULL,
  `email` varchar(300) CHARACTER SET utf8 COLLATE utf8_unicode_ci NOT NULL,
  `password` varchar(300) CHARACTER SET utf8 COLLATE utf8_unicode_ci NOT NULL
) ENGINE=InnoDB DEFAULT CHARSET=latin1;

--
-- Dumping data for table `user_go`
--

INSERT INTO `user_go` (`id`, `id_go`, `name`, `email`, `password`) VALUES
(1, '115546341319345602469', 'truong quang tuan', 'truongquangtuan3110@gmail.com', '$2y$10$8E1Jupcd/ec5FAvlU3unxuagq8Ms/vcaZxnuYWjwfmRTOm2Js8oDS');

-- --------------------------------------------------------

--
-- Table structure for table `user_online`
--

CREATE TABLE `user_online` (
  `tgtmp` int(15) NOT NULL DEFAULT '0',
  `ip` varchar(50) COLLATE utf8_unicode_ci NOT NULL,
  `local` varchar(100) COLLATE utf8_unicode_ci NOT NULL
) ENGINE=InnoDB DEFAULT CHARSET=utf8 COLLATE=utf8_unicode_ci;

-- --------------------------------------------------------

--
-- Table structure for table `wishlist`
--

CREATE TABLE `wishlist` (
  `wishlist_id` int(11) NOT NULL,
  `user_id` int(11) DEFAULT NULL,
  `product_id` int(11) DEFAULT NULL,
  `wishlist_created_date` datetime DEFAULT NULL,
  `product_name` text COLLATE utf8_unicode_ci,
  `state` int(11) NOT NULL DEFAULT '0'
) ENGINE=InnoDB DEFAULT CHARSET=utf8 COLLATE=utf8_unicode_ci;

--
-- Indexes for dumped tables
--

--
-- Indexes for table `admin`
--
ALTER TABLE `admin`
  ADD PRIMARY KEY (`admin_id`),
  ADD KEY `admin_role` (`admin_role`),
  ADD KEY `admin_state` (`admin_state`);

--
-- Indexes for table `admin_role`
--
ALTER TABLE `admin_role`
  ADD PRIMARY KEY (`admin_role_id`);

--
-- Indexes for table `cart`
--
ALTER TABLE `cart`
  ADD PRIMARY KEY (`id_cart`);

--
-- Indexes for table `cartdetail`
--
ALTER TABLE `cartdetail`
  ADD PRIMARY KEY (`id_cartDetail`),
  ADD KEY `id_cart` (`id_cart`);

--
-- Indexes for table `color`
--
ALTER TABLE `color`
  ADD PRIMARY KEY (`color_id`),
  ADD KEY `product_id` (`product_id`);

--
-- Indexes for table `config`
--
ALTER TABLE `config`
  ADD PRIMARY KEY (`config_id`);

--
-- Indexes for table `config_languages`
--
ALTER TABLE `config_languages`
  ADD PRIMARY KEY (`id`),
  ADD KEY `config_id` (`config_id`);

--
-- Indexes for table `currency`
--
ALTER TABLE `currency`
  ADD PRIMARY KEY (`currency_id`),
  ADD UNIQUE KEY `currency_code` (`currency_code`);

--
-- Indexes for table `hoan_thien_web`
--
ALTER TABLE `hoan_thien_web`
  ADD PRIMARY KEY (`id`);

--
-- Indexes for table `languages`
--
ALTER TABLE `languages`
  ADD PRIMARY KEY (`languages_id`);

--
-- Indexes for table `lien_he`
--
ALTER TABLE `lien_he`
  ADD PRIMARY KEY (`id`);

--
-- Indexes for table `linh_vuc`
--
ALTER TABLE `linh_vuc`
  ADD PRIMARY KEY (`productcat_id`),
  ADD KEY `productcat_sort_order` (`productcat_sort_order`),
  ADD KEY `productcat_parent` (`productcat_parent`),
  ADD KEY `created_id` (`created_id`);

--
-- Indexes for table `linh_vuc_languages`
--
ALTER TABLE `linh_vuc_languages`
  ADD PRIMARY KEY (`id`),
  ADD KEY `product_cat_id` (`productcat_id`),
  ADD KEY `edit_state` (`edit_state`);

--
-- Indexes for table `loai_web`
--
ALTER TABLE `loai_web`
  ADD PRIMARY KEY (`id`);

--
-- Indexes for table `menu`
--
ALTER TABLE `menu`
  ADD PRIMARY KEY (`menu_id`),
  ADD KEY `menu_type_id` (`menu_type_id`),
  ADD KEY `product_id` (`product_id`),
  ADD KEY `page_id` (`page_id`),
  ADD KEY `news_id` (`news_id`),
  ADD KEY `state` (`state`),
  ADD KEY `menu_parent` (`menu_parent`),
  ADD KEY `productcat_id` (`productcat_id`),
  ADD KEY `newscat_id` (`newscat_id`);

--
-- Indexes for table `menu_languages`
--
ALTER TABLE `menu_languages`
  ADD PRIMARY KEY (`id`),
  ADD KEY `menu_id` (`menu_id`);

--
-- Indexes for table `menu_type`
--
ALTER TABLE `menu_type`
  ADD PRIMARY KEY (`menu_type_id`);

--
-- Indexes for table `menu_type_languages`
--
ALTER TABLE `menu_type_languages`
  ADD PRIMARY KEY (`id`),
  ADD KEY `fk_menu_type` (`menu_type_id`);

--
-- Indexes for table `news`
--
ALTER TABLE `news`
  ADD PRIMARY KEY (`news_id`),
  ADD KEY `created_id` (`created_id`);

--
-- Indexes for table `newscat`
--
ALTER TABLE `newscat`
  ADD PRIMARY KEY (`newscat_id`),
  ADD KEY `created_id` (`created_id`);

--
-- Indexes for table `newscat_languages`
--
ALTER TABLE `newscat_languages`
  ADD PRIMARY KEY (`id`),
  ADD KEY `newscat_id` (`newscat_id`),
  ADD KEY `languages_id` (`languages_code`),
  ADD KEY `edit_state` (`edit_state`);

--
-- Indexes for table `newstag`
--
ALTER TABLE `newstag`
  ADD PRIMARY KEY (`newstag_id`);

--
-- Indexes for table `newstag_languages`
--
ALTER TABLE `newstag_languages`
  ADD PRIMARY KEY (`id`);

--
-- Indexes for table `news_languages`
--
ALTER TABLE `news_languages`
  ADD PRIMARY KEY (`id`),
  ADD KEY `news_id` (`news_id`),
  ADD KEY `languages_id` (`languages_code`),
  ADD KEY `edit_state` (`edit_state`);

--
-- Indexes for table `optionsQ1`
--
ALTER TABLE `optionsQ1`
  ADD PRIMARY KEY (`optionsQ1_id`);

--
-- Indexes for table `optionsQ2`
--
ALTER TABLE `optionsQ2`
  ADD PRIMARY KEY (`optionsQ2_id`);

--
-- Indexes for table `optionsQ3`
--
ALTER TABLE `optionsQ3`
  ADD PRIMARY KEY (`optionsQ3_id`);

--
-- Indexes for table `optionsQ4`
--
ALTER TABLE `optionsQ4`
  ADD PRIMARY KEY (`optionsQ4_id`);

--
-- Indexes for table `optionsQ5`
--
ALTER TABLE `optionsQ5`
  ADD PRIMARY KEY (`optionsQ5_id`);

--
-- Indexes for table `optionsQ6`
--
ALTER TABLE `optionsQ6`
  ADD PRIMARY KEY (`optionsQ6_id`);

--
-- Indexes for table `optionsQ7`
--
ALTER TABLE `optionsQ7`
  ADD PRIMARY KEY (`optionsQ7_id`);

--
-- Indexes for table `optionsQ8`
--
ALTER TABLE `optionsQ8`
  ADD PRIMARY KEY (`optionsQ8_id`);

--
-- Indexes for table `optionsQ9`
--
ALTER TABLE `optionsQ9`
  ADD PRIMARY KEY (`optionsQ9_id`);

--
-- Indexes for table `orders`
--
ALTER TABLE `orders`
  ADD PRIMARY KEY (`orders_id`),
  ADD KEY `users_id` (`users_id`),
  ADD KEY `orders_state` (`orders_state`),
  ADD KEY `currency_id` (`currency_id`);

--
-- Indexes for table `order_detail`
--
ALTER TABLE `order_detail`
  ADD PRIMARY KEY (`order_detail_id`),
  ADD KEY `order_id` (`order_id`),
  ADD KEY `product_id` (`product_id`),
  ADD KEY `currency_id` (`currency_id`);

--
-- Indexes for table `order_state`
--
ALTER TABLE `order_state`
  ADD PRIMARY KEY (`order_state_id`),
  ADD KEY `state` (`state`);

--
-- Indexes for table `page`
--
ALTER TABLE `page`
  ADD PRIMARY KEY (`page_id`),
  ADD KEY `created_id` (`created_id`);

--
-- Indexes for table `page_languages`
--
ALTER TABLE `page_languages`
  ADD PRIMARY KEY (`id`),
  ADD KEY `page_id` (`page_id`),
  ADD KEY `languages_id` (`languages_code`),
  ADD KEY `edit_state` (`edit_state`);

--
-- Indexes for table `product`
--
ALTER TABLE `product`
  ADD PRIMARY KEY (`product_id`),
  ADD KEY `product_cat_id` (`productcat_id`),
  ADD KEY `product_hot` (`product_hot`),
  ADD KEY `state` (`state`),
  ADD KEY `product_sale` (`product_sale`),
  ADD KEY `product_new` (`product_new`),
  ADD KEY `created_id` (`created_id`);

--
-- Indexes for table `productcat`
--
ALTER TABLE `productcat`
  ADD PRIMARY KEY (`productcat_id`),
  ADD KEY `productcat_sort_order` (`productcat_sort_order`),
  ADD KEY `productcat_parent` (`productcat_parent`),
  ADD KEY `created_id` (`created_id`);

--
-- Indexes for table `productcat_languages`
--
ALTER TABLE `productcat_languages`
  ADD PRIMARY KEY (`id`),
  ADD KEY `product_cat_id` (`productcat_id`),
  ADD KEY `edit_state` (`edit_state`);

--
-- Indexes for table `producttag`
--
ALTER TABLE `producttag`
  ADD PRIMARY KEY (`producttag_id`);

--
-- Indexes for table `producttag_languages`
--
ALTER TABLE `producttag_languages`
  ADD PRIMARY KEY (`id`);

--
-- Indexes for table `product_color`
--
ALTER TABLE `product_color`
  ADD PRIMARY KEY (`id`),
  ADD KEY `product_id` (`product_id`);

--
-- Indexes for table `product_languages`
--
ALTER TABLE `product_languages`
  ADD PRIMARY KEY (`id`),
  ADD KEY `product_id` (`product_id`),
  ADD KEY `edit_state` (`edit_state`);

--
-- Indexes for table `product_producer`
--
ALTER TABLE `product_producer`
  ADD PRIMARY KEY (`producer_id`);

--
-- Indexes for table `product_producer_languages`
--
ALTER TABLE `product_producer_languages`
  ADD PRIMARY KEY (`id`),
  ADD KEY `producer_id` (`producer_id`);

--
-- Indexes for table `pro_color`
--
ALTER TABLE `pro_color`
  ADD PRIMARY KEY (`id`),
  ADD KEY `id_product` (`id_product`);

--
-- Indexes for table `regInfor`
--
ALTER TABLE `regInfor`
  ADD PRIMARY KEY (`regInfor_id`);

--
-- Indexes for table `regMember`
--
ALTER TABLE `regMember`
  ADD PRIMARY KEY (`regMember_id`);

--
-- Indexes for table `sale`
--
ALTER TABLE `sale`
  ADD PRIMARY KEY (`sale_id`);

--
-- Indexes for table `service`
--
ALTER TABLE `service`
  ADD PRIMARY KEY (`service_id`);

--
-- Indexes for table `servicecat`
--
ALTER TABLE `servicecat`
  ADD PRIMARY KEY (`servicecat_id`);

--
-- Indexes for table `servicecat_languages`
--
ALTER TABLE `servicecat_languages`
  ADD PRIMARY KEY (`id`),
  ADD KEY `fk_servicecat` (`servicecat_id`);

--
-- Indexes for table `servicetag`
--
ALTER TABLE `servicetag`
  ADD PRIMARY KEY (`servicetag_id`);

--
-- Indexes for table `servicetag_languages`
--
ALTER TABLE `servicetag_languages`
  ADD PRIMARY KEY (`id`);

--
-- Indexes for table `service_languages`
--
ALTER TABLE `service_languages`
  ADD PRIMARY KEY (`id`),
  ADD KEY `fk_service` (`service_id`);

--
-- Indexes for table `size`
--
ALTER TABLE `size`
  ADD PRIMARY KEY (`size_id`),
  ADD KEY `color_id` (`color_id`),
  ADD KEY `product_id` (`product_id`);

--
-- Indexes for table `user`
--
ALTER TABLE `user`
  ADD PRIMARY KEY (`user_id`);

--
-- Indexes for table `user_fb`
--
ALTER TABLE `user_fb`
  ADD PRIMARY KEY (`id`);

--
-- Indexes for table `user_go`
--
ALTER TABLE `user_go`
  ADD PRIMARY KEY (`id`);

--
-- Indexes for table `user_online`
--
ALTER TABLE `user_online`
  ADD PRIMARY KEY (`tgtmp`),
  ADD KEY `ip` (`ip`),
  ADD KEY `local` (`local`);

--
-- Indexes for table `wishlist`
--
ALTER TABLE `wishlist`
  ADD PRIMARY KEY (`wishlist_id`),
  ADD KEY `user_id` (`user_id`),
  ADD KEY `product_id` (`product_id`);

--
-- AUTO_INCREMENT for dumped tables
--

--
-- AUTO_INCREMENT for table `admin`
--
ALTER TABLE `admin`
  MODIFY `admin_id` int(11) NOT NULL AUTO_INCREMENT, AUTO_INCREMENT=6;

--
-- AUTO_INCREMENT for table `admin_role`
--
ALTER TABLE `admin_role`
  MODIFY `admin_role_id` int(11) NOT NULL AUTO_INCREMENT, AUTO_INCREMENT=3;

--
-- AUTO_INCREMENT for table `cart`
--
ALTER TABLE `cart`
  MODIFY `id_cart` int(11) NOT NULL AUTO_INCREMENT, AUTO_INCREMENT=71;

--
-- AUTO_INCREMENT for table `cartdetail`
--
ALTER TABLE `cartdetail`
  MODIFY `id_cartDetail` int(11) NOT NULL AUTO_INCREMENT, AUTO_INCREMENT=61;

--
-- AUTO_INCREMENT for table `color`
--
ALTER TABLE `color`
  MODIFY `color_id` bigint(20) NOT NULL AUTO_INCREMENT;

--
-- AUTO_INCREMENT for table `config`
--
ALTER TABLE `config`
  MODIFY `config_id` int(11) NOT NULL AUTO_INCREMENT, AUTO_INCREMENT=2;

--
-- AUTO_INCREMENT for table `config_languages`
--
ALTER TABLE `config_languages`
  MODIFY `id` int(11) NOT NULL AUTO_INCREMENT, AUTO_INCREMENT=3;

--
-- AUTO_INCREMENT for table `currency`
--
ALTER TABLE `currency`
  MODIFY `currency_id` int(11) NOT NULL AUTO_INCREMENT;

--
-- AUTO_INCREMENT for table `hoan_thien_web`
--
ALTER TABLE `hoan_thien_web`
  MODIFY `id` int(11) NOT NULL AUTO_INCREMENT, AUTO_INCREMENT=4;

--
-- AUTO_INCREMENT for table `languages`
--
ALTER TABLE `languages`
  MODIFY `languages_id` int(11) NOT NULL AUTO_INCREMENT, AUTO_INCREMENT=3;

--
-- AUTO_INCREMENT for table `lien_he`
--
ALTER TABLE `lien_he`
  MODIFY `id` int(11) NOT NULL AUTO_INCREMENT, AUTO_INCREMENT=111;

--
-- AUTO_INCREMENT for table `linh_vuc`
--
ALTER TABLE `linh_vuc`
  MODIFY `productcat_id` int(11) NOT NULL AUTO_INCREMENT, AUTO_INCREMENT=203;

--
-- AUTO_INCREMENT for table `linh_vuc_languages`
--
ALTER TABLE `linh_vuc_languages`
  MODIFY `id` bigint(20) NOT NULL AUTO_INCREMENT, AUTO_INCREMENT=391;

--
-- AUTO_INCREMENT for table `loai_web`
--
ALTER TABLE `loai_web`
  MODIFY `id` int(11) NOT NULL AUTO_INCREMENT, AUTO_INCREMENT=4;

--
-- AUTO_INCREMENT for table `menu`
--
ALTER TABLE `menu`
  MODIFY `menu_id` int(11) NOT NULL AUTO_INCREMENT, AUTO_INCREMENT=237;

--
-- AUTO_INCREMENT for table `menu_languages`
--
ALTER TABLE `menu_languages`
  MODIFY `id` bigint(20) NOT NULL AUTO_INCREMENT, AUTO_INCREMENT=451;

--
-- AUTO_INCREMENT for table `menu_type`
--
ALTER TABLE `menu_type`
  MODIFY `menu_type_id` int(11) NOT NULL AUTO_INCREMENT, AUTO_INCREMENT=16;

--
-- AUTO_INCREMENT for table `menu_type_languages`
--
ALTER TABLE `menu_type_languages`
  MODIFY `id` int(11) NOT NULL AUTO_INCREMENT, AUTO_INCREMENT=31;

--
-- AUTO_INCREMENT for table `news`
--
ALTER TABLE `news`
  MODIFY `news_id` int(11) NOT NULL AUTO_INCREMENT, AUTO_INCREMENT=11;

--
-- AUTO_INCREMENT for table `newscat`
--
ALTER TABLE `newscat`
  MODIFY `newscat_id` int(11) NOT NULL AUTO_INCREMENT, AUTO_INCREMENT=77;

--
-- AUTO_INCREMENT for table `newscat_languages`
--
ALTER TABLE `newscat_languages`
  MODIFY `id` int(11) NOT NULL AUTO_INCREMENT, AUTO_INCREMENT=149;

--
-- AUTO_INCREMENT for table `newstag`
--
ALTER TABLE `newstag`
  MODIFY `newstag_id` int(11) NOT NULL AUTO_INCREMENT, AUTO_INCREMENT=5;

--
-- AUTO_INCREMENT for table `newstag_languages`
--
ALTER TABLE `newstag_languages`
  MODIFY `id` int(11) NOT NULL AUTO_INCREMENT, AUTO_INCREMENT=9;

--
-- AUTO_INCREMENT for table `news_languages`
--
ALTER TABLE `news_languages`
  MODIFY `id` bigint(20) NOT NULL AUTO_INCREMENT, AUTO_INCREMENT=21;

--
-- AUTO_INCREMENT for table `optionsQ1`
--
ALTER TABLE `optionsQ1`
  MODIFY `optionsQ1_id` int(11) NOT NULL AUTO_INCREMENT, AUTO_INCREMENT=6;

--
-- AUTO_INCREMENT for table `optionsQ2`
--
ALTER TABLE `optionsQ2`
  MODIFY `optionsQ2_id` int(11) NOT NULL AUTO_INCREMENT, AUTO_INCREMENT=3;

--
-- AUTO_INCREMENT for table `optionsQ3`
--
ALTER TABLE `optionsQ3`
  MODIFY `optionsQ3_id` int(11) NOT NULL AUTO_INCREMENT, AUTO_INCREMENT=4;

--
-- AUTO_INCREMENT for table `optionsQ4`
--
ALTER TABLE `optionsQ4`
  MODIFY `optionsQ4_id` int(11) NOT NULL AUTO_INCREMENT, AUTO_INCREMENT=5;

--
-- AUTO_INCREMENT for table `optionsQ5`
--
ALTER TABLE `optionsQ5`
  MODIFY `optionsQ5_id` int(11) NOT NULL AUTO_INCREMENT, AUTO_INCREMENT=5;

--
-- AUTO_INCREMENT for table `optionsQ6`
--
ALTER TABLE `optionsQ6`
  MODIFY `optionsQ6_id` int(11) NOT NULL AUTO_INCREMENT, AUTO_INCREMENT=5;

--
-- AUTO_INCREMENT for table `optionsQ7`
--
ALTER TABLE `optionsQ7`
  MODIFY `optionsQ7_id` int(11) NOT NULL AUTO_INCREMENT, AUTO_INCREMENT=3;

--
-- AUTO_INCREMENT for table `optionsQ8`
--
ALTER TABLE `optionsQ8`
  MODIFY `optionsQ8_id` int(11) NOT NULL AUTO_INCREMENT, AUTO_INCREMENT=4;

--
-- AUTO_INCREMENT for table `optionsQ9`
--
ALTER TABLE `optionsQ9`
  MODIFY `optionsQ9_id` int(11) NOT NULL AUTO_INCREMENT, AUTO_INCREMENT=4;

--
-- AUTO_INCREMENT for table `orders`
--
ALTER TABLE `orders`
  MODIFY `orders_id` int(11) NOT NULL AUTO_INCREMENT;

--
-- AUTO_INCREMENT for table `order_detail`
--
ALTER TABLE `order_detail`
  MODIFY `order_detail_id` int(11) NOT NULL AUTO_INCREMENT;

--
-- AUTO_INCREMENT for table `order_state`
--
ALTER TABLE `order_state`
  MODIFY `order_state_id` int(11) NOT NULL AUTO_INCREMENT, AUTO_INCREMENT=8;

--
-- AUTO_INCREMENT for table `page`
--
ALTER TABLE `page`
  MODIFY `page_id` int(11) NOT NULL AUTO_INCREMENT, AUTO_INCREMENT=37;

--
-- AUTO_INCREMENT for table `page_languages`
--
ALTER TABLE `page_languages`
  MODIFY `id` bigint(20) NOT NULL AUTO_INCREMENT, AUTO_INCREMENT=39;

--
-- AUTO_INCREMENT for table `product`
--
ALTER TABLE `product`
  MODIFY `product_id` int(11) NOT NULL AUTO_INCREMENT;

--
-- AUTO_INCREMENT for table `productcat`
--
ALTER TABLE `productcat`
  MODIFY `productcat_id` int(11) NOT NULL AUTO_INCREMENT;

--
-- AUTO_INCREMENT for table `productcat_languages`
--
ALTER TABLE `productcat_languages`
  MODIFY `id` bigint(20) NOT NULL AUTO_INCREMENT;

--
-- AUTO_INCREMENT for table `producttag`
--
ALTER TABLE `producttag`
  MODIFY `producttag_id` int(11) NOT NULL AUTO_INCREMENT, AUTO_INCREMENT=9;

--
-- AUTO_INCREMENT for table `producttag_languages`
--
ALTER TABLE `producttag_languages`
  MODIFY `id` int(11) NOT NULL AUTO_INCREMENT, AUTO_INCREMENT=10;

--
-- AUTO_INCREMENT for table `product_color`
--
ALTER TABLE `product_color`
  MODIFY `id` bigint(20) NOT NULL AUTO_INCREMENT;

--
-- AUTO_INCREMENT for table `product_languages`
--
ALTER TABLE `product_languages`
  MODIFY `id` bigint(20) NOT NULL AUTO_INCREMENT;

--
-- AUTO_INCREMENT for table `product_producer`
--
ALTER TABLE `product_producer`
  MODIFY `producer_id` int(11) NOT NULL AUTO_INCREMENT, AUTO_INCREMENT=11;

--
-- AUTO_INCREMENT for table `product_producer_languages`
--
ALTER TABLE `product_producer_languages`
  MODIFY `id` int(11) NOT NULL AUTO_INCREMENT, AUTO_INCREMENT=50;

--
-- AUTO_INCREMENT for table `pro_color`
--
ALTER TABLE `pro_color`
  MODIFY `id` int(11) NOT NULL AUTO_INCREMENT;

--
-- AUTO_INCREMENT for table `regInfor`
--
ALTER TABLE `regInfor`
  MODIFY `regInfor_id` int(11) NOT NULL AUTO_INCREMENT, AUTO_INCREMENT=61;

--
-- AUTO_INCREMENT for table `regMember`
--
ALTER TABLE `regMember`
  MODIFY `regMember_id` int(11) NOT NULL AUTO_INCREMENT, AUTO_INCREMENT=14;

--
-- AUTO_INCREMENT for table `sale`
--
ALTER TABLE `sale`
  MODIFY `sale_id` int(11) NOT NULL AUTO_INCREMENT;

--
-- AUTO_INCREMENT for table `service`
--
ALTER TABLE `service`
  MODIFY `service_id` int(11) NOT NULL AUTO_INCREMENT, AUTO_INCREMENT=70;

--
-- AUTO_INCREMENT for table `servicecat`
--
ALTER TABLE `servicecat`
  MODIFY `servicecat_id` int(11) NOT NULL AUTO_INCREMENT, AUTO_INCREMENT=9;

--
-- AUTO_INCREMENT for table `servicecat_languages`
--
ALTER TABLE `servicecat_languages`
  MODIFY `id` int(11) NOT NULL AUTO_INCREMENT, AUTO_INCREMENT=17;

--
-- AUTO_INCREMENT for table `servicetag`
--
ALTER TABLE `servicetag`
  MODIFY `servicetag_id` int(11) NOT NULL AUTO_INCREMENT, AUTO_INCREMENT=6;

--
-- AUTO_INCREMENT for table `servicetag_languages`
--
ALTER TABLE `servicetag_languages`
  MODIFY `id` int(11) NOT NULL AUTO_INCREMENT, AUTO_INCREMENT=8;

--
-- AUTO_INCREMENT for table `service_languages`
--
ALTER TABLE `service_languages`
  MODIFY `id` int(11) NOT NULL AUTO_INCREMENT, AUTO_INCREMENT=95;

--
-- AUTO_INCREMENT for table `size`
--
ALTER TABLE `size`
  MODIFY `size_id` bigint(20) NOT NULL AUTO_INCREMENT;

--
-- AUTO_INCREMENT for table `user`
--
ALTER TABLE `user`
  MODIFY `user_id` int(11) NOT NULL AUTO_INCREMENT, AUTO_INCREMENT=12;

--
-- AUTO_INCREMENT for table `user_fb`
--
ALTER TABLE `user_fb`
  MODIFY `id` int(11) NOT NULL AUTO_INCREMENT, AUTO_INCREMENT=2;

--
-- AUTO_INCREMENT for table `user_go`
--
ALTER TABLE `user_go`
  MODIFY `id` int(11) NOT NULL AUTO_INCREMENT, AUTO_INCREMENT=2;

--
-- AUTO_INCREMENT for table `wishlist`
--
ALTER TABLE `wishlist`
  MODIFY `wishlist_id` int(11) NOT NULL AUTO_INCREMENT;

--
-- Constraints for dumped tables
--

--
-- Constraints for table `cartdetail`
--
ALTER TABLE `cartdetail`
  ADD CONSTRAINT `cartdetail_ibfk_1` FOREIGN KEY (`id_cart`) REFERENCES `cart` (`id_cart`) ON DELETE CASCADE;

--
-- Constraints for table `color`
--
ALTER TABLE `color`
  ADD CONSTRAINT `color_ibfk_1` FOREIGN KEY (`product_id`) REFERENCES `product` (`product_id`) ON DELETE CASCADE ON UPDATE CASCADE;

--
-- Constraints for table `linh_vuc_languages`
--
ALTER TABLE `linh_vuc_languages`
  ADD CONSTRAINT `linh_vuc_languages_ibfk_1` FOREIGN KEY (`productcat_id`) REFERENCES `linh_vuc` (`productcat_id`) ON DELETE CASCADE ON UPDATE CASCADE;

--
-- Constraints for table `menu_languages`
--
ALTER TABLE `menu_languages`
  ADD CONSTRAINT `menu_languages_ibfk_1` FOREIGN KEY (`menu_id`) REFERENCES `menu` (`menu_id`) ON DELETE CASCADE;

--
-- Constraints for table `menu_type_languages`
--
ALTER TABLE `menu_type_languages`
  ADD CONSTRAINT `menu_type_languages_ibfk_1` FOREIGN KEY (`menu_type_id`) REFERENCES `menu_type` (`menu_type_id`) ON DELETE CASCADE;

--
-- Constraints for table `newscat_languages`
--
ALTER TABLE `newscat_languages`
  ADD CONSTRAINT `newscat_languages_ibfk_1` FOREIGN KEY (`newscat_id`) REFERENCES `newscat` (`newscat_id`) ON DELETE CASCADE ON UPDATE CASCADE;

--
-- Constraints for table `news_languages`
--
ALTER TABLE `news_languages`
  ADD CONSTRAINT `news_languages_ibfk_1` FOREIGN KEY (`news_id`) REFERENCES `news` (`news_id`) ON DELETE CASCADE ON UPDATE CASCADE;

--
-- Constraints for table `order_detail`
--
ALTER TABLE `order_detail`
  ADD CONSTRAINT `order_detail_ibfk_1` FOREIGN KEY (`order_id`) REFERENCES `orders` (`orders_id`) ON DELETE CASCADE ON UPDATE CASCADE;

--
-- Constraints for table `page_languages`
--
ALTER TABLE `page_languages`
  ADD CONSTRAINT `page_languages_ibfk_1` FOREIGN KEY (`page_id`) REFERENCES `page` (`page_id`) ON DELETE CASCADE ON UPDATE CASCADE;

--
-- Constraints for table `productcat_languages`
--
ALTER TABLE `productcat_languages`
  ADD CONSTRAINT `productcat_languages_ibfk_1` FOREIGN KEY (`productcat_id`) REFERENCES `productcat` (`productcat_id`) ON DELETE CASCADE ON UPDATE CASCADE;

--
-- Constraints for table `product_languages`
--
ALTER TABLE `product_languages`
  ADD CONSTRAINT `product_languages_ibfk_1` FOREIGN KEY (`product_id`) REFERENCES `product` (`product_id`) ON DELETE CASCADE ON UPDATE CASCADE;

--
-- Constraints for table `product_producer_languages`
--
ALTER TABLE `product_producer_languages`
  ADD CONSTRAINT `product_producer_languages_ibfk_1` FOREIGN KEY (`producer_id`) REFERENCES `product_producer` (`producer_id`) ON DELETE CASCADE;

--
-- Constraints for table `pro_color`
--
ALTER TABLE `pro_color`
  ADD CONSTRAINT `pro_color_ibfk_1` FOREIGN KEY (`id_product`) REFERENCES `product` (`product_id`) ON DELETE CASCADE;

--
-- Constraints for table `servicecat_languages`
--
ALTER TABLE `servicecat_languages`
  ADD CONSTRAINT `servicecat_languages_ibfk_1` FOREIGN KEY (`servicecat_id`) REFERENCES `servicecat` (`servicecat_id`) ON DELETE CASCADE;

--
-- Constraints for table `service_languages`
--
ALTER TABLE `service_languages`
  ADD CONSTRAINT `service_languages_ibfk_1` FOREIGN KEY (`service_id`) REFERENCES `service` (`service_id`) ON DELETE CASCADE;

--
-- Constraints for table `size`
--
ALTER TABLE `size`
  ADD CONSTRAINT `size_ibfk_1` FOREIGN KEY (`color_id`) REFERENCES `color` (`color_id`) ON DELETE CASCADE ON UPDATE CASCADE;
COMMIT;

/*!40101 SET CHARACTER_SET_CLIENT=@OLD_CHARACTER_SET_CLIENT */;
/*!40101 SET CHARACTER_SET_RESULTS=@OLD_CHARACTER_SET_RESULTS */;
/*!40101 SET COLLATION_CONNECTION=@OLD_COLLATION_CONNECTION */;
